HUC_12,N_Export_Rate_baseline_2001_2005,N_Export_Rate_baseline_2016_2020,N_Export_Rate_cover_crop_2001,N_Export_Rate_wetlands_2001,N_Export_Rate_forest_2001,N_Export_Rate_crp_2001,N_Export_Rate_human_prec_2001,N_Export_Rate_hydro_2001
70101010101,0.0296685696,0.0369014068,0.0307851522,0.0307851522,0.0307851522,0.0307851522,0.032257620949999996,0.0307851522
70101010102,0.0233816768,0.0292749078,0.02510862955,0.02510862955,0.02510862955,0.02510862955,0.02630487,0.02510862955
70101010103,0.022206420799999998,0.026409097,0.0232925883,0.0232925883,0.0232925883,0.0232925883,0.024041657049999998,0.0232925883
70101010104,0.019232750799999997,0.0239350212,0.0201069306,0.0201069306,0.0201069306,0.0201069306,0.02101598945,0.0201069306
70101010201,0.0184043524,0.019853586200000002,0.01891773545,0.01891773545,0.01891773545,0.01891773545,0.019019150300000003,0.01891773545
70101010202,0.0141909015,0.015385870800000001,0.01458651055,0.01458651055,0.01458651055,0.01458651055,0.014677505900000002,0.01458651055
70101010203,0.0144052674,0.0157910718,0.01482886035,0.01482886035,0.01482886035,0.01482886035,0.0149769977,0.01482886035
70101010204,0.012326545,0.0150072608,0.0129972271,0.0129972271,0.0129972271,0.0129972271,0.0134660007,0.0129972271
70101010205,0.0129534072,0.0161389516,0.01392980055,0.01392980055,0.01392980055,0.01392980055,0.014521542874999998,0.01392980055
70101010206,0.022348674800000003,0.0244398038,0.02314467245,0.02314467245,0.02314467245,0.02314467245,0.02335799195,0.02314467245
70101010207,0.0249250602,0.0309567514,0.02629603205,0.02629603205,0.02629603205,0.02629603205,0.027450945250000004,0.02629603205
70101010301,0.014637247,0.019376458399999998,0.015970866775000002,0.015970866775000002,0.015970866775000002,0.015970866775000002,0.016901508175,0.015970866775000002
70101010302,0.015924227000000003,0.0181869266,0.0168754417,0.0168754417,0.0168754417,0.0168754417,0.01721499085,0.0168754417
70101010303,0.0293667202,0.0337513784,0.032299465,0.032299465,0.032299465,0.032299465,0.0329997563,0.032299465
70101010304,0.0181146206,0.021527098799999998,0.018876317349999998,0.018876317349999998,0.018876317349999998,0.018876317349999998,0.01945466255,0.018876317349999998
70101010305,0.0130915138,0.01546924,0.01422403005,0.01422403005,0.01422403005,0.01422403005,0.01464427355,0.01422403005
70101010306,0.035167930800000004,0.040957014199999996,0.0375452173,0.0375452173,0.0375452173,0.0375452173,0.0385047577,0.0375452173
70101010401,0.0179409758,0.021640002800000002,0.018701485225,0.018701485225,0.018701485225,0.018701485225,0.019452690425,0.018701485225
70101010402,0.0219410454,0.025387198,0.022726277849999997,0.022726277849999997,0.022726277849999997,0.022726277849999997,0.02339017325,0.022726277849999997
70101010403,0.030068381999999998,0.033473464800000005,0.03088690955,0.03088690955,0.03088690955,0.03088690955,0.031384766,0.03088690955
70101010404,0.0117916956,0.0130663774,0.011999320099999999,0.011999320099999999,0.011999320099999999,0.011999320099999999,0.0122005002,0.011999320099999999
70101010405,0.0153050074,0.017443001,0.015685820125,0.015685820125,0.015685820125,0.015685820125,0.016061939775,0.015685820125
70101010406,0.0179514094,0.0206343824,0.018217665025000003,0.018217665025000003,0.018217665025000003,0.018217665025000003,0.018708498775000002,0.018217665025000003
70101010407,0.0117954742,0.013160212800000001,0.01200231575,0.01200231575,0.01200231575,0.01200231575,0.012228998525,0.01200231575
70101010408,0.0097850688,0.0111925187,0.01010871025,0.01010871025,0.01010871025,0.01010871025,0.010355338425,0.01010871025
70101010409,0.0108277448,0.0117339229,0.01100499445,0.01100499445,0.01100499445,0.01100499445,0.011135193975,0.01100499445
70101010410,0.0083045212,0.008944285940000001,0.00842567965,0.00842567965,0.00842567965,0.00842567965,0.0085247405,0.00842567965
70101010411,0.014925272600000001,0.0162552576,0.015172978425,0.015172978425,0.015172978425,0.015172978425,0.015384225174999999,0.015172978425
70101010501,0.0257179928,0.0307959504,0.02713322475,0.02713322475,0.02713322475,0.02713322475,0.028125013999999997,0.02713322475
70101010502,0.0457653414,0.0544999016,0.047847619699999996,0.047847619699999996,0.047847619699999996,0.047847619699999996,0.04953502335,0.047847619699999996
70101010503,0.0182615802,0.019904144399999997,0.01880088225,0.01880088225,0.01880088225,0.01880088225,0.01900123585,0.01880088225
70101010504,0.025296196599999998,0.029370851599999998,0.02581829255,0.02581829255,0.02581829255,0.02581829255,0.026614509200000004,0.02581829255
70101010505,0.0204223724,0.0225052122,0.020729773225,0.020729773225,0.020729773225,0.020729773225,0.021070521975,0.020729773225
70101010506,0.0260569716,0.0280504514,0.0263064364,0.0263064364,0.0263064364,0.0263064364,0.02657957855,0.0263064364
70101010507,0.037197706399999995,0.0429320394,0.03821066865,0.03821066865,0.03821066865,0.03821066865,0.039431885550000004,0.03821066865
70101010508,0.0460146122,0.04925897580000001,0.0465978782,0.0465978782,0.0465978782,0.0465978782,0.04712095505,0.0465978782
70101010601,0.0100724095,0.0110651902,0.010455945375000001,0.010455945375000001,0.010455945375000001,0.010455945375000001,0.01060890435,0.010455945375000001
70101010602,0.0104002425,0.0114431997,0.010744837509999999,0.010744837509999999,0.010744837509999999,0.010744837509999999,0.010894877885,0.010744837509999999
70101010603,0.0093428688,0.009838053,0.009506674949999998,0.009506674949999998,0.009506674949999998,0.009506674949999998,0.009527613,0.009506674949999998
70101010604,0.0099558483,0.010313351600000001,0.009960656485,0.009960656485,0.009960656485,0.009960656485,0.009963706485,0.009960656485
70101010701,0.0101106518,0.009818325,0.009923331300000001,0.009923331300000001,0.009923331300000001,0.009923331300000001,0.009781057,0.009923331300000001
70101010702,0.0110761911,0.010899475799999999,0.010902135274999999,0.010902135274999999,0.010902135274999999,0.010902135274999999,0.0107589119,0.010902135274999999
70101010703,0.011632554,0.012272067000000001,0.011700250675,0.011700250675,0.011700250675,0.011700250675,0.011737347674999999,0.011700250675
70101010704,0.036080059600000006,0.0397501686,0.036576138450000004,0.036576138450000004,0.036576138450000004,0.036576138450000004,0.037203461199999996,0.036576138450000004
70101010801,0.0290472958,0.031214579400000005,0.02952149615,0.02952149615,0.02952149615,0.02952149615,0.0297510685,0.02952149615
70101010802,0.0174877472,0.0184705822,0.0176250612,0.0176250612,0.0176250612,0.0176250612,0.017682930399999998,0.0176250612
70101010803,0.0121414386,0.013105318999999999,0.012192620025,0.012192620025,0.012192620025,0.012192620025,0.012334202525,0.012192620025
70101010901,0.010866620300000001,0.013207942,0.011017918525,0.011017918525,0.011017918525,0.011017918525,0.0115065657,0.011017918525
70101010902,0.014551219800000001,0.0171454056,0.0149455383,0.0149455383,0.0149455383,0.0149455383,0.01543545555,0.0149455383
70101010903,0.0110785994,0.012499648300000001,0.0111765384,0.0111765384,0.0111765384,0.0111765384,0.01143840165,0.0111765384
70101010904,0.0096959812,0.010378334,0.009762880625000001,0.009762880625000001,0.009762880625000001,0.009762880625000001,0.009835571325,0.009762880625000001
70101010905,0.014798003,0.0166665152,0.015164325349999999,0.015164325349999999,0.015164325349999999,0.015164325349999999,0.0154674815,0.015164325349999999
70101010906,0.0257824618,0.0275763036,0.0260417048,0.0260417048,0.0260417048,0.0260417048,0.026228539900000004,0.0260417048
70101010907,0.025666668799999997,0.028884623399999997,0.0263340784,0.0263340784,0.0263340784,0.0263340784,0.02684024845,0.0263340784
70101010908,0.018039241,0.0209732306,0.0187163685,0.0187163685,0.0187163685,0.0187163685,0.01920631955,0.0187163685
70101010909,0.0200642984,0.0237416204,0.02077078885,0.02077078885,0.02077078885,0.02077078885,0.021410766850000002,0.02077078885
70101020101,0.0254970182,0.0300479302,0.02650729775,0.02650729775,0.02650729775,0.02650729775,0.027302981450000003,0.02650729775
70101020102,0.0205353114,0.0230153888,0.02113274365,0.02113274365,0.02113274365,0.02113274365,0.02148080335,0.02113274365
70101020103,0.0200763916,0.023318637,0.020795565675,0.020795565675,0.020795565675,0.020795565675,0.021306860325,0.020795565675
70101020104,0.0153914486,0.017735852,0.015579013150000001,0.015579013150000001,0.015579013150000001,0.015579013150000001,0.0159707352,0.015579013150000001
70101020105,0.0180309824,0.019931996400000002,0.01827589885,0.01827589885,0.01827589885,0.01827589885,0.01852312625,0.01827589885
70101020201,0.0158368786,0.017968772799999998,0.01641476655,0.01641476655,0.01641476655,0.01641476655,0.01671192705,0.01641476655
70101020202,0.021977646,0.023652362599999997,0.02260806595,0.02260806595,0.02260806595,0.02260806595,0.022714624450000002,0.02260806595
70101020203,0.028407494999999998,0.028585310399999998,0.028618549700000002,0.028618549700000002,0.028618549700000002,0.028618549700000002,0.028261423750000004,0.028618549700000002
70101020204,0.020551938999999998,0.0236494186,0.02109508415,0.02109508415,0.02109508415,0.02109508415,0.021541692299999998,0.02109508415
70101020301,0.0314491566,0.0337176562,0.031930380450000004,0.031930380450000004,0.031930380450000004,0.031930380450000004,0.0320156357,0.031930380450000004
70101020302,0.027570955799999998,0.029977257200000003,0.0279118088,0.0279118088,0.0279118088,0.0279118088,0.0280987005,0.0279118088
70101020303,0.021170564800000003,0.022618811,0.021430042099999998,0.021430042099999998,0.021430042099999998,0.021430042099999998,0.02150984565,0.021430042099999998
70101020304,0.019051297000000002,0.021515204599999997,0.01944944615,0.01944944615,0.01944944615,0.01944944615,0.01976691475,0.01944944615
70101020305,0.034422215,0.0386702924,0.0352085994,0.0352085994,0.0352085994,0.0352085994,0.0358232745,0.0352085994
70101020401,0.0134465584,0.0149170492,0.013985853775000001,0.013985853775000001,0.013985853775000001,0.013985853775000001,0.014190812325,0.013985853775000001
70101020402,0.0149095798,0.016559758,0.01516451635,0.01516451635,0.01516451635,0.01516451635,0.015405804,0.01516451635
70101020403,0.014820106599999999,0.017200844,0.015610516699999999,0.015610516699999999,0.015610516699999999,0.015610516699999999,0.016030258,0.015610516699999999
70101020404,0.0117799828,0.013015120799999998,0.012041946275,0.012041946275,0.012041946275,0.012041946275,0.012208557525,0.012041946275
70101020405,0.010031715200000001,0.0108017288,0.01021334075,0.01021334075,0.01021334075,0.01021334075,0.01029955645,0.01021334075
70101020406,0.008648882,0.0093154628,0.0087359658,0.0087359658,0.0087359658,0.0087359658,0.0088168157,0.0087359658
70101020407,0.013961141300000002,0.01472762,0.014114565125,0.014114565125,0.014114565125,0.014114565125,0.014173122900000001,0.014114565125
70101020408,0.0096147601,0.0104793612,0.00981825123,0.00981825123,0.00981825123,0.00981825123,0.009963568555,0.00981825123
70101020501,0.020762271399999997,0.0247196706,0.02133286295,0.02133286295,0.02133286295,0.02133286295,0.02187605065,0.02133286295
70101020502,0.0116195169,0.0128512849,0.01182012045,0.01182012045,0.01182012045,0.01182012045,0.011996757975,0.01182012045
70101020503,0.0251075382,0.026606252399999995,0.02534695985,0.02534695985,0.02534695985,0.02534695985,0.025319855149999997,0.02534695985
70101020504,0.008868231399999999,0.010746966600000001,0.009041291555,0.009041291555,0.009041291555,0.009041291555,0.009428201729999999,0.009041291555
70101020505,0.0104489816,0.0115486438,0.010788764575,0.010788764575,0.010788764575,0.010788764575,0.010900923175,0.010788764575
70101020506,0.011059265,0.0130349367,0.0115406345,0.0115406345,0.0115406345,0.0115406345,0.011953717925,0.0115406345
70101020507,0.0342747522,0.0375121496,0.03483419485,0.03483419485,0.03483419485,0.03483419485,0.03531544895,0.03483419485
70101020601,0.0083727139,0.009565041100000001,0.008453871174999999,0.008453871174999999,0.008453871174999999,0.008453871174999999,0.008731924275,0.008453871174999999
70101020602,0.0105919318,0.0119807158,0.01060260075,0.01060260075,0.01060260075,0.01060260075,0.010896774500000001,0.01060260075
70101020603,0.0089950109,0.0095770056,0.0091327687,0.0091327687,0.0091327687,0.0091327687,0.009193957125,0.0091327687
70101020604,0.0101784672,0.0105373327,0.0100019814,0.0100019814,0.0100019814,0.0100019814,0.0100368068,0.0100019814
70101030101,0.0132746072,0.0159354442,0.014442533025,0.014442533025,0.014442533025,0.014442533025,0.014946829025,0.014442533025
70101030102,0.016577229800000003,0.0177961209,0.01650691995,0.01650691995,0.01650691995,0.01650691995,0.01663963145,0.01650691995
70101030103,0.0133289612,0.0157333179,0.013851367775000002,0.013851367775000002,0.013851367775000002,0.013851367775000002,0.014309583349999998,0.013851367775000002
70101030104,0.012886289,0.0134737824,0.01354022265,0.01354022265,0.01354022265,0.01354022265,0.013554221675,0.01354022265
70101030105,0.013454136299999999,0.014713490699999998,0.014194501600000001,0.014194501600000001,0.014194501600000001,0.014194501600000001,0.014368726475,0.014194501600000001
70101030106,0.014017717199999998,0.014715163,0.014332618225,0.014332618225,0.014332618225,0.014332618225,0.014367018875000002,0.014332618225
70101030201,0.014556116099999999,0.0157466214,0.01462634505,0.01462634505,0.01462634505,0.01462634505,0.014797558725000002,0.01462634505
70101030202,0.0153954472,0.0170928566,0.0157413842,0.0157413842,0.0157413842,0.0157413842,0.01599962165,0.0157413842
70101030203,0.0127775424,0.0140534319,0.013203281575,0.013203281575,0.013203281575,0.013203281575,0.013380332025,0.013203281575
70101030204,0.012178182400000001,0.014837360300000001,0.01294708105,0.01294708105,0.01294708105,0.01294708105,0.013457614975,0.01294708105
70101030205,0.0215746098,0.0235270162,0.0218932207,0.0218932207,0.0218932207,0.0218932207,0.022155961699999997,0.0218932207
70101030206,0.0100378359,0.013102635400000002,0.010674493475,0.010674493475,0.010674493475,0.010674493475,0.011296714,0.010674493475
70101030207,0.0169120248,0.019808386,0.0178093969,0.0178093969,0.0178093969,0.0178093969,0.018312249250000003,0.0178093969
70101030301,0.0553122678,0.0678023724,0.057991241650000004,0.057991241650000004,0.057991241650000004,0.057991241650000004,0.06044179425,0.057991241650000004
70101030302,0.015572871600000001,0.0184545086,0.0161123222,0.0161123222,0.0161123222,0.0161123222,0.0166143814,0.0161123222
70101030303,0.0153872216,0.016490943299999998,0.0155754557,0.0155754557,0.0155754557,0.0155754557,0.015650162949999998,0.0155754557
70101030304,0.0107920119,0.0128892599,0.011119290399999999,0.011119290399999999,0.011119290399999999,0.011119290399999999,0.011473271475000001,0.011119290399999999
70101030401,0.0325286046,0.0382132858,0.033193563999999995,0.033193563999999995,0.033193563999999995,0.033193563999999995,0.0342721508,0.033193563999999995
70101030402,0.0262529024,0.03129472,0.0271841973,0.0271841973,0.0271841973,0.0271841973,0.02808501235,0.0271841973
70101030403,0.0194119608,0.024256492400000003,0.0204429935,0.0204429935,0.0204429935,0.0204429935,0.0213643302,0.0204429935
70101030404,0.038611521999999995,0.0490629178,0.0405821264,0.0405821264,0.0405821264,0.0405821264,0.042661681,0.0405821264
70101030405,0.01202754,0.013058692399999999,0.012485213975,0.012485213975,0.012485213975,0.012485213975,0.012586608175,0.012485213975
70101030406,0.0140215712,0.015277286400000001,0.014280162475,0.014280162475,0.014280162475,0.014280162475,0.014408076325,0.014280162475
70101030407,0.0143071007,0.0151512079,0.01464573035,0.01464573035,0.01464573035,0.01464573035,0.014691884550000001,0.01464573035
70101030408,0.0100659744,0.0116901726,0.010270406575,0.010270406575,0.010270406575,0.010270406575,0.01055112765,0.010270406575
70101030501,0.011024902,0.0134696817,0.011304755715,0.011304755715,0.011304755715,0.011304755715,0.011769056390000001,0.011304755715
70101030502,0.014926090999999999,0.0182321494,0.0154474052,0.0154474052,0.0154474052,0.0154474052,0.016004704,0.0154474052
70101030503,0.00882351874,0.0109333941,0.009178637620000001,0.009178637620000001,0.009178637620000001,0.009178637620000001,0.00946547006,0.009178637620000001
70101030504,0.011157009800000001,0.0139041068,0.011645527625,0.011645527625,0.011645527625,0.011645527625,0.011942054325,0.011645527625
70101030505,0.0086415879,0.010328664599999999,0.00880569786,0.00880569786,0.00880569786,0.00880569786,0.009039493085,0.00880569786
70101030506,0.008331753899999999,0.0101290179,0.00861711082,0.00861711082,0.00861711082,0.00861711082,0.008832304745,0.00861711082
70101030601,0.011421043799999999,0.0132687324,0.0116078717,0.0116078717,0.0116078717,0.0116078717,0.011925846775,0.0116078717
70101030602,0.0124465803,0.013773845000000002,0.01246977375,0.01246977375,0.01246977375,0.01246977375,0.012718641025,0.01246977375
70101030603,0.0102824189,0.0122934468,0.010568632599999999,0.010568632599999999,0.010568632599999999,0.010568632599999999,0.010914607075,0.010568632599999999
70101030604,0.0178387086,0.0215154518,0.018460752599999998,0.018460752599999998,0.018460752599999998,0.018460752599999998,0.018981482900000003,0.018460752599999998
70101030605,0.0234182302,0.027573159200000003,0.02405190615,0.02405190615,0.02405190615,0.02405190615,0.024624588,0.02405190615
70101030701,0.014964392100000001,0.013432153999999998,0.014590669850000001,0.014590669850000001,0.014590669850000001,0.014590669850000001,0.014081807925,0.014590669850000001
70101030702,0.0164292082,0.0180633996,0.01683238255,0.01683238255,0.01683238255,0.01683238255,0.01704765935,0.01683238255
70101030703,0.0098171886,0.011683473500000001,0.0098347192,0.0098347192,0.0098347192,0.0098347192,0.0101702854,0.0098347192
70101030704,0.010054314200000001,0.011123192799999999,0.00992611633,0.00992611633,0.00992611633,0.00992611633,0.01006895738,0.00992611633
70101030705,0.008499197,0.0099567436,0.00857105531,0.00857105531,0.00857105531,0.00857105531,0.00886141386,0.00857105531
70101030801,0.0118727078,0.012382216599999999,0.011870745824999999,0.011870745824999999,0.011870745824999999,0.011870745824999999,0.01187793995,0.011870745824999999
70101030802,0.0162037723,0.0193344476,0.016668599,0.016668599,0.016668599,0.016668599,0.017243610425,0.016668599
70101030803,0.0091733029,0.010528932500000001,0.00938435085,0.00938435085,0.00938435085,0.00938435085,0.009609114174999999,0.00938435085
70101030804,0.0086063196,0.010392560700000001,0.008969811460000001,0.008969811460000001,0.008969811460000001,0.008969811460000001,0.00929592556,0.008969811460000001
70101030805,0.0097764691,0.0109546512,0.00992985735,0.00992985735,0.00992985735,0.00992985735,0.0100991437,0.00992985735
70101030806,0.006689520159999999,0.0082875074,0.006839922965,0.006839922965,0.006839922965,0.006839922965,0.00716807605,0.006839922965
70101030807,0.0106498892,0.012532527399999998,0.010942896725,0.010942896725,0.010942896725,0.010942896725,0.0112720836,0.010942896725
70101030808,0.0084409669,0.0102167106,0.008550229,0.008550229,0.008550229,0.008550229,0.008907745004999999,0.008550229
70101030901,0.012158904199999999,0.0143901068,0.012419258425,0.012419258425,0.012419258425,0.012419258425,0.012774286675,0.012419258425
70101030902,0.006896384340000001,0.008443255680000001,0.006999929475,0.006999929475,0.006999929475,0.006999929475,0.007310311040000001,0.006999929475
70101030903,0.008869525,0.0104295458,0.00902554674,0.00902554674,0.00902554674,0.00902554674,0.009237296715,0.00902554674
70101030904,0.0166225386,0.019125267799999998,0.01683179935,0.01683179935,0.01683179935,0.01683179935,0.017259824075,0.01683179935
70101040101,0.0089613393,0.0106759658,0.009121939530000001,0.009121939530000001,0.009121939530000001,0.009121939530000001,0.009437473105,0.009121939530000001
70101040102,0.007575620599999999,0.0088905072,0.007683894750000001,0.007683894750000001,0.007683894750000001,0.007683894750000001,0.00792142785,0.007683894750000001
70101040103,0.0084575736,0.0101279988,0.008768226425000001,0.008768226425000001,0.008768226425000001,0.008768226425000001,0.009064146275,0.008768226425000001
70101040104,0.0116422371,0.0133623501,0.011884523300000002,0.011884523300000002,0.011884523300000002,0.011884523300000002,0.01216194395,0.011884523300000002
70101040105,0.012660229200000001,0.014302658399999998,0.012808643650000002,0.012808643650000002,0.012808643650000002,0.012808643650000002,0.0130886594,0.012808643650000002
70101040106,0.013026412800000001,0.0150604448,0.01318036445,0.01318036445,0.01318036445,0.01318036445,0.013536179175,0.01318036445
70101040107,0.0188251602,0.0213184168,0.0191686665,0.0191686665,0.0191686665,0.0191686665,0.01960712855,0.0191686665
70101040108,0.0128376625,0.0147091624,0.012945770175,0.012945770175,0.012945770175,0.012945770175,0.013284409375,0.012945770175
70101040201,0.026981836999999998,0.029823783,0.02727598155,0.02727598155,0.02727598155,0.02727598155,0.027705898200000002,0.02727598155
70101040202,0.028887535800000003,0.032823180800000004,0.029175309700000002,0.029175309700000002,0.029175309700000002,0.029175309700000002,0.02980537515,0.029175309700000002
70101040203,0.0125120547,0.0143350932,0.012618831624999998,0.012618831624999998,0.012618831624999998,0.012618831624999998,0.01292854635,0.012618831624999998
70101040204,0.0263192886,0.0310082006,0.026603526500000002,0.026603526500000002,0.026603526500000002,0.026603526500000002,0.02743572105,0.026603526500000002
70101040205,0.019110012399999998,0.0226501126,0.01947471525,0.01947471525,0.01947471525,0.01947471525,0.020076837650000002,0.01947471525
70101040301,0.0087009219,0.0101242075,0.008949013525,0.008949013525,0.008949013525,0.008949013525,0.00919026355,0.008949013525
70101040302,0.0138450483,0.0159614484,0.014098980924999999,0.014098980924999999,0.014098980924999999,0.014098980924999999,0.01444345245,0.014098980924999999
70101040303,0.0117296556,0.013590147,0.01196064485,0.01196064485,0.01196064485,0.01196064485,0.012275102999999999,0.01196064485
70101040304,0.0145721114,0.017387686399999998,0.014971380624999999,0.014971380624999999,0.014971380624999999,0.014971380624999999,0.0155298941,0.014971380624999999
70101040401,0.015331915899999998,0.0178259872,0.015539202925,0.015539202925,0.015539202925,0.015539202925,0.0160173259,0.015539202925
70101040402,0.0191317804,0.0235309498,0.01963067045,0.01963067045,0.01963067045,0.01963067045,0.020481439499999997,0.01963067045
70101040403,0.0204881504,0.0234216432,0.0208028612,0.0208028612,0.0208028612,0.0208028612,0.0212681027,0.0208028612
70101040404,0.0318153448,0.037664456199999995,0.03246659835,0.03246659835,0.03246659835,0.03246659835,0.033619327,0.03246659835
70101040405,0.0139635808,0.0158213982,0.014256164075,0.014256164075,0.014256164075,0.014256164075,0.01457455635,0.014256164075
70101040406,0.0126142025,0.014244730399999999,0.012869041000000001,0.012869041000000001,0.012869041000000001,0.012869041000000001,0.013138409275000002,0.012869041000000001
70101040501,0.0243376116,0.0261482872,0.024332785099999997,0.024332785099999997,0.024332785099999997,0.024332785099999997,0.024618025999999998,0.024332785099999997
70101040502,0.0165847772,0.018107390600000002,0.016817125999999998,0.016817125999999998,0.016817125999999998,0.016817125999999998,0.0170077501,0.016817125999999998
70101040503,0.0319524484,0.036231007999999995,0.0324851918,0.0324851918,0.0324851918,0.0324851918,0.033155735,0.0324851918
70101040504,0.0202036718,0.0223741442,0.020346659750000003,0.020346659750000003,0.020346659750000003,0.020346659750000003,0.0207428599,0.020346659750000003
70101040505,0.0221120504,0.0248330416,0.02247300655,0.02247300655,0.02247300655,0.02247300655,0.022935782199999998,0.02247300655
70101040506,0.0306329586,0.035336404599999996,0.03153732455,0.03153732455,0.03153732455,0.03153732455,0.03233902995,0.03153732455
70101040601,0.0197561906,0.0225551262,0.0199150334,0.0199150334,0.0199150334,0.0199150334,0.02045812935,0.0199150334
70101040602,0.0307704428,0.0334821618,0.03104322525,0.03104322525,0.03104322525,0.03104322525,0.0314190704,0.03104322525
70101040603,0.0259551228,0.028009537,0.026022443200000002,0.026022443200000002,0.026022443200000002,0.026022443200000002,0.0264683526,0.026022443200000002
70101040604,0.0314485068,0.0347112114,0.03181617605,0.03181617605,0.03181617605,0.03181617605,0.0322640294,0.03181617605
70101040605,0.0291267292,0.0385804226,0.0307735245,0.0307735245,0.0307735245,0.0307735245,0.03235033495,0.0307735245
70101040606,0.0355838,0.0412165958,0.03852681225,0.03852681225,0.03852681225,0.03852681225,0.03943604135,0.03852681225
70101040701,0.015045207599999999,0.0174030828,0.015472492300000001,0.015472492300000001,0.015472492300000001,0.015472492300000001,0.015710393,0.015472492300000001
70101040702,0.0156490092,0.0185810304,0.016175927375,0.016175927375,0.016175927375,0.016175927375,0.016515268775,0.016175927375
70101040703,0.0277081222,0.0341215758,0.028006682449999997,0.028006682449999997,0.028006682449999997,0.028006682449999997,0.0288687441,0.028006682449999997
70101040704,0.031488156,0.037738945,0.0319001575,0.0319001575,0.0319001575,0.0319001575,0.0326822863,0.0319001575
70101040801,0.06576510999999999,0.0824182158,0.06763522675,0.06763522675,0.06763522675,0.06763522675,0.0691497457,0.06763522675
70101040802,0.030864757400000005,0.05908213600000001,0.03630509,0.03630509,0.03630509,0.03630509,0.04125957585,0.03630509
70101040803,0.0165291348,0.0205525854,0.0173106401,0.0173106401,0.0173106401,0.0173106401,0.01773884785,0.0173106401
70101040804,0.0325682756,0.0417756672,0.036012683899999995,0.036012683899999995,0.036012683899999995,0.036012683899999995,0.0372411064,0.036012683899999995
70101040805,0.0509226474,0.0714442932,0.05484908365,0.05484908365,0.05484908365,0.05484908365,0.0582835346,0.05484908365
70101040901,0.027723535,0.032791525,0.02839802005,0.02839802005,0.02839802005,0.02839802005,0.02927169495,0.02839802005
70101040902,0.0199087254,0.022321703199999997,0.02029713305,0.02029713305,0.02029713305,0.02029713305,0.0205403153,0.02029713305
70101040903,0.053935923,0.07166896240000001,0.0547309301,0.0547309301,0.0547309301,0.0547309301,0.05751162865,0.0547309301
70101040904,0.037844774,0.054352614,0.0387835105,0.0387835105,0.0387835105,0.0387835105,0.04171061195,0.0387835105
70101040905,0.0450044012,0.0632436234,0.04785763485,0.04785763485,0.04785763485,0.04785763485,0.051188091199999994,0.04785763485
70101040906,0.0468727142,0.0520146774,0.0469269029,0.0469269029,0.0469269029,0.0469269029,0.04705832225,0.0469269029
70101050101,0.0157275432,0.0190378354,0.01620505705,0.01620505705,0.01620505705,0.01620505705,0.0167411801,0.01620505705
70101050102,0.0209188502,0.024769934599999998,0.0218559368,0.0218559368,0.0218559368,0.0218559368,0.022443488650000003,0.0218559368
70101050103,0.0146186975,0.0172925406,0.01524220435,0.01524220435,0.01524220435,0.01524220435,0.015666568875000002,0.01524220435
70101050104,0.025727279599999996,0.033874629,0.02826665685,0.02826665685,0.02826665685,0.02826665685,0.0295922069,0.02826665685
70101050201,0.0104559576,0.0122281386,0.010769239575,0.010769239575,0.010769239575,0.010769239575,0.011021950425,0.010769239575
70101050202,0.0127344346,0.014914887800000002,0.013005222225000002,0.013005222225000002,0.013005222225000002,0.013005222225000002,0.013318131325,0.013005222225000002
70101050203,0.018418965,0.021356266800000002,0.01890703835,0.01890703835,0.01890703835,0.01890703835,0.019313856400000003,0.01890703835
70101050204,0.022497145200000002,0.0265270296,0.023394376799999998,0.023394376799999998,0.023394376799999998,0.023394376799999998,0.02393917395,0.023394376799999998
70101050301,0.0123470173,0.0149026824,0.0129573478,0.0129573478,0.0129573478,0.0129573478,0.013440954324999999,0.0129573478
70101050302,0.0121895534,0.0143628496,0.0127883897,0.0127883897,0.0127883897,0.0127883897,0.013191187449999999,0.0127883897
70101050303,0.014788494600000002,0.0168743109,0.015350777800000001,0.015350777800000001,0.015350777800000001,0.015350777800000001,0.01569095825,0.015350777800000001
70101050304,0.0141995212,0.0163580914,0.014842850599999999,0.014842850599999999,0.014842850599999999,0.014842850599999999,0.0152347992,0.014842850599999999
70101050401,0.021193988599999998,0.0250826486,0.022239389000000002,0.022239389000000002,0.022239389000000002,0.022239389000000002,0.0227420981,0.022239389000000002
70101050402,0.0241742222,0.0278280078,0.02497277595,0.02497277595,0.02497277595,0.02497277595,0.0254952575,0.02497277595
70101050403,0.0111104688,0.013508794800000001,0.0116034095,0.0116034095,0.0116034095,0.0116034095,0.012061027475,0.0116034095
70101050404,0.0178689216,0.020216418,0.0183982236,0.0183982236,0.0183982236,0.0183982236,0.01883569125,0.0183982236
70101050405,0.0320281896,0.037853051,0.0332557224,0.0332557224,0.0332557224,0.0332557224,0.03430066135,0.0332557224
70101050406,0.0690725436,0.0774647538,0.0717140215,0.0717140215,0.0717140215,0.0717140215,0.07359906755,0.0717140215
70101050501,0.0093921486,0.0119068146,0.01010967858,0.01010967858,0.01010967858,0.01010967858,0.010606373504999999,0.01010967858
70101050502,0.0101433562,0.0120225155,0.010600537825,0.010600537825,0.010600537825,0.010600537825,0.010953984024999999,0.010600537825
70101050503,0.009596213000000001,0.0106944774,0.0098616564,0.0098616564,0.0098616564,0.0098616564,0.01003485485,0.0098616564
70101050504,0.0138211363,0.014342524700000001,0.013859786225,0.013859786225,0.013859786225,0.013859786225,0.013895236075000001,0.013859786225
70101050601,0.0167227022,0.018669782200000002,0.017045675825000002,0.017045675825000002,0.017045675825000002,0.017045675825000002,0.017461655274999998,0.017045675825000002
70101050602,0.06114915480000001,0.0699910586,0.06359563685,0.06359563685,0.06359563685,0.06359563685,0.06518746715,0.06359563685
70101050603,0.0199928516,0.022131008,0.0207297485,0.0207297485,0.0207297485,0.0207297485,0.0211010956,0.0207297485
70101050604,0.0159239438,0.015278420400000001,0.015605241749999998,0.015605241749999998,0.015605241749999998,0.015605241749999998,0.015372049200000001,0.015605241749999998
70101060101,0.0698963404,0.0759808918,0.06711672475,0.06711672475,0.06711672475,0.06711672475,0.06794215195,0.06711672475
70101060102,0.1091294488,0.13709623980000002,0.1028158446,0.1028158446,0.1028158446,0.1028158446,0.10859198575,0.1028158446
70101060201,0.026536283,0.027864457199999998,0.02750352425,0.02750352425,0.02750352425,0.02750352425,0.027451583800000002,0.02750352425
70101060202,0.0098222927,0.011575402,0.01040241135,0.01040241135,0.01040241135,0.01040241135,0.010715159225,0.01040241135
70101060203,0.018291918400000003,0.0201534086,0.0189789109,0.0189789109,0.0189789109,0.0189789109,0.01919595215,0.0189789109
70101060204,0.016473749599999997,0.0185006532,0.016935601525,0.016935601525,0.016935601525,0.016935601525,0.017218910125,0.016935601525
70101060205,0.0179905806,0.0206212112,0.0189369119,0.0189369119,0.0189369119,0.0189369119,0.01939191355,0.0189369119
70101060206,0.0201286864,0.022088697600000002,0.0207741242,0.0207741242,0.0207741242,0.0207741242,0.0210269503,0.0207741242
70101060207,0.0462182594,0.049055942400000004,0.0471040394,0.0471040394,0.0471040394,0.0471040394,0.0474344798,0.0471040394
70101060208,0.031368644,0.0347368876,0.03228384195,0.03228384195,0.03228384195,0.03228384195,0.0329032787,0.03228384195
70101060209,0.144736686,0.15320249400000002,0.13602611250000002,0.13602611250000002,0.13602611250000002,0.13602611250000002,0.13718553925,0.13602611250000002
70101060210,0.085208664,0.11441759999999998,0.0959576283,0.0959576283,0.0959576283,0.0959576283,0.10230388525,0.0959576283
70101060301,0.0306843812,0.0493205882,0.0345690956,0.0345690956,0.0345690956,0.0345690956,0.03855406845,0.0345690956
70101060302,0.030863496199999996,0.0348856416,0.02951655625,0.02951655625,0.02951655625,0.02951655625,0.0303385874,0.02951655625
70101060401,0.028046212199999997,0.045660890200000005,0.0306911561,0.0306911561,0.0306911561,0.0306911561,0.03444887935,0.0306911561
70101060402,0.02085216,0.026392243599999997,0.02228951085,0.02228951085,0.02228951085,0.02228951085,0.0234417616,0.02228951085
70101060403,0.040669187600000004,0.0599533278,0.043191364999999995,0.043191364999999995,0.043191364999999995,0.043191364999999995,0.04732843305,0.043191364999999995
70101060404,0.0382542138,0.0647600026,0.0401359843,0.0401359843,0.0401359843,0.0401359843,0.045853910399999996,0.0401359843
70101060405,0.0928174412,0.132140758,0.09404890865,0.09404890865,0.09404890865,0.09404890865,0.10237832664999999,0.09404890865
70101060501,0.039369405,0.0361560838,0.03851371935,0.03851371935,0.03851371935,0.03851371935,0.03732087055,0.03851371935
70101060502,0.0445467966,0.0480103172,0.045124808249999995,0.045124808249999995,0.045124808249999995,0.045124808249999995,0.045557309899999995,0.045124808249999995
70101060503,0.0405507624,0.042163973,0.0409758949,0.0409758949,0.0409758949,0.0409758949,0.040931669,0.0409758949
70101060504,0.06833130200000001,0.083497164,0.07158378425,0.07158378425,0.07158378425,0.07158378425,0.07454535770000001,0.07158378425
70101060601,0.033379176999999996,0.0356597046,0.0334380534,0.0334380534,0.0334380534,0.0334380534,0.033514972999999997,0.0334380534
70101060602,0.0786534814,0.11205550400000001,0.07668948465,0.07668948465,0.07668948465,0.07668948465,0.08371795359999999,0.07668948465
70101060603,0.053340915999999995,0.0844917902,0.05487745945,0.05487745945,0.05487745945,0.05487745945,0.061545086049999996,0.05487745945
70101060604,0.046270095,0.0406710968,0.045381377,0.045381377,0.045381377,0.045381377,0.043422100549999995,0.045381377
70101060605,0.040657075,0.0466744512,0.0466573791,0.0466573791,0.0466573791,0.0466573791,0.04744398255,0.0466573791
70101060606,0.0508238728,0.0590181078,0.04877614685,0.04877614685,0.04877614685,0.04877614685,0.050077037199999994,0.04877614685
70101060701,0.015353302000000003,0.020201412199999998,0.01641348205,0.01641348205,0.01641348205,0.01641348205,0.017366040399999998,0.01641348205
70101060702,0.0235299208,0.0285604358,0.02457476535,0.02457476535,0.02457476535,0.02457476535,0.025448177849999996,0.02457476535
70101060801,0.0207530196,0.026232652000000002,0.02209082975,0.02209082975,0.02209082975,0.02209082975,0.02317574305,0.02209082975
70101060802,0.0148573978,0.0188055076,0.01571856005,0.01571856005,0.01571856005,0.01571856005,0.01650125095,0.01571856005
70101060803,0.0165811076,0.019491201800000003,0.0173554591,0.0173554591,0.0173554591,0.0173554591,0.017855064400000002,0.0173554591
70101060804,0.0206533556,0.026540173,0.02156637055,0.02156637055,0.02156637055,0.02156637055,0.02276679275,0.02156637055
70101060805,0.026976378000000002,0.030804652199999998,0.027207085250000002,0.027207085250000002,0.027207085250000002,0.027207085250000002,0.02782375215,0.027207085250000002
70101060806,0.018670175599999998,0.0215671876,0.018935768999999998,0.018935768999999998,0.018935768999999998,0.018935768999999998,0.0194144227,0.018935768999999998
70101060807,0.018399027000000002,0.0212304368,0.01890370475,0.01890370475,0.01890370475,0.01890370475,0.019295500099999998,0.01890370475
70101060808,0.014526230800000001,0.016855398,0.01493364545,0.01493364545,0.01493364545,0.01493364545,0.0152523166,0.01493364545
70101060809,0.0131699584,0.0173709858,0.013590333800000002,0.013590333800000002,0.013590333800000002,0.013590333800000002,0.01438335885,0.013590333800000002
70101060901,0.056033918599999996,0.087640524,0.05622381795,0.05622381795,0.05622381795,0.05622381795,0.06226802945,0.05622381795
70101060902,0.042849369400000004,0.066541947,0.044754265450000004,0.044754265450000004,0.044754265450000004,0.044754265450000004,0.0493297501,0.044754265450000004
70101060903,0.042813496,0.051099154800000005,0.04577490795,0.04577490795,0.04577490795,0.04577490795,0.04704775705,0.04577490795
70101061001,0.026563174000000002,0.030682961600000003,0.027442273500000003,0.027442273500000003,0.027442273500000003,0.027442273500000003,0.028056746599999998,0.027442273500000003
70101061002,0.0209404364,0.0271265888,0.02171659195,0.02171659195,0.02171659195,0.02171659195,0.02283040805,0.02171659195
70101061003,0.0109665523,0.0138139502,0.011682883875,0.011682883875,0.011682883875,0.011682883875,0.0122548317,0.011682883875
70101061004,0.0174990624,0.0208248006,0.0183687688,0.0183687688,0.0183687688,0.0183687688,0.0189276211,0.0183687688
70101061005,0.026744745800000004,0.031109528799999998,0.02784333045,0.02784333045,0.02784333045,0.02784333045,0.0286446371,0.02784333045
70101061006,0.0419287262,0.048373019,0.0428693185,0.0428693185,0.0428693185,0.0428693185,0.0441093471,0.0428693185
70101061007,0.0545968962,0.066461609,0.0563447744,0.0563447744,0.0563447744,0.0563447744,0.058633519499999995,0.0563447744
70101061008,0.025358351,0.030310193000000003,0.0260049026,0.0260049026,0.0260049026,0.0260049026,0.026914878149999998,0.0260049026
70101061101,0.0327328474,0.0393236896,0.0341278757,0.0341278757,0.0341278757,0.0341278757,0.035162093,0.0341278757
70101061102,0.0210741174,0.0229126196,0.0212644434,0.0212644434,0.0212644434,0.0212644434,0.02142456585,0.0212644434
70101061103,0.020487182799999996,0.023273614,0.0209846965,0.0209846965,0.0209846965,0.0209846965,0.0213457178,0.0209846965
70101061104,0.0226892608,0.0251470382,0.02293679685,0.02293679685,0.02293679685,0.02293679685,0.0231258609,0.02293679685
70101061105,0.03261712,0.037076525,0.03475070275,0.03475070275,0.03475070275,0.03475070275,0.0353824881,0.03475070275
70101061106,0.0183060632,0.0217903922,0.0190169563,0.0190169563,0.0190169563,0.0190169563,0.01952433845,0.0190169563
70101061107,0.0171278736,0.0226691014,0.017888743749999998,0.017888743749999998,0.017888743749999998,0.017888743749999998,0.0189724426,0.017888743749999998
70101061108,0.0166416802,0.019678345,0.017101291975,0.017101291975,0.017101291975,0.017101291975,0.017541353525,0.017101291975
70101070101,0.031202379199999998,0.042937048,0.030972760100000003,0.030972760100000003,0.030972760100000003,0.030972760100000003,0.0331023385,0.030972760100000003
70101070102,0.022600672199999998,0.0368881128,0.024637776950000002,0.024637776950000002,0.024637776950000002,0.024637776950000002,0.02761716045,0.024637776950000002
70101070103,0.0538106632,0.0948957206,0.061101564,0.061101564,0.061101564,0.061101564,0.06945388729999999,0.061101564
70101070104,0.0270909732,0.0483751886,0.030943149349999997,0.030943149349999997,0.030943149349999997,0.030943149349999997,0.03551522125,0.030943149349999997
70101070105,0.0349361734,0.045402526799999995,0.036452496550000005,0.036452496550000005,0.036452496550000005,0.036452496550000005,0.03830104845,0.036452496550000005
70101070201,0.014521953800000001,0.0216109462,0.016191419475,0.016191419475,0.016191419475,0.016191419475,0.017627298975,0.016191419475
70101070202,0.017101983600000002,0.0251392628,0.0189195845,0.0189195845,0.0189195845,0.0189195845,0.0205581783,0.0189195845
70101070203,0.044382223799999995,0.062273858,0.0424173527,0.0424173527,0.0424173527,0.0424173527,0.0458829716,0.0424173527
70101070301,0.0218403514,0.039315418000000005,0.024705424400000002,0.024705424400000002,0.024705424400000002,0.024705424400000002,0.02843839485,0.024705424400000002
70101070302,0.0427435176,0.05178229759999999,0.04319522865,0.04319522865,0.04319522865,0.04319522865,0.044994698550000004,0.04319522865
70101070303,0.0418264824,0.058016967399999994,0.0447837452,0.0447837452,0.0447837452,0.0447837452,0.04780883455,0.0447837452
70101070304,0.044236381400000004,0.0513237704,0.0452687331,0.0452687331,0.0452687331,0.0452687331,0.046481883749999994,0.0452687331
70101070401,0.0420610492,0.0701106256,0.0447231075,0.0447231075,0.0447231075,0.0447231075,0.0505067365,0.0447231075
70101070402,0.0213608388,0.0356088012,0.0230184003,0.0230184003,0.0230184003,0.0230184003,0.025942302900000002,0.0230184003
70101070403,0.026208584400000002,0.0441444274,0.0292522911,0.0292522911,0.0292522911,0.0292522911,0.032910263849999996,0.0292522911
70101070404,0.061476919,0.08090831200000001,0.058642727650000004,0.058642727650000004,0.058642727650000004,0.058642727650000004,0.0620412387,0.058642727650000004
70101070501,0.021513643399999997,0.033051579799999994,0.024868028849999998,0.024868028849999998,0.024868028849999998,0.024868028849999998,0.027341796,0.024868028849999998
70101070502,0.023073881,0.040580675999999996,0.028068192949999998,0.028068192949999998,0.028068192949999998,0.028068192949999998,0.03181680765,0.028068192949999998
70101070503,0.024306743999999998,0.0428093102,0.027570312349999997,0.027570312349999997,0.027570312349999997,0.027570312349999997,0.03158948835,0.027570312349999997
70101070504,0.0293581398,0.0350634804,0.0306634052,0.0306634052,0.0306634052,0.0306634052,0.0316406204,0.0306634052
70101070505,0.020931088,0.026587971,0.0218839179,0.0218839179,0.0218839179,0.0218839179,0.02294712695,0.0218839179
70101070601,0.045514836999999995,0.05490352279999999,0.046442092149999996,0.046442092149999996,0.046442092149999996,0.046442092149999996,0.047966950450000004,0.046442092149999996
70101070602,0.0273651588,0.0329951618,0.028217636150000003,0.028217636150000003,0.028217636150000003,0.028217636150000003,0.0291522312,0.028217636150000003
70101080101,0.033348164799999996,0.071726228,0.0396397223,0.0396397223,0.0396397223,0.0396397223,0.0478897285,0.0396397223
70101080102,0.0350063782,0.058869130199999994,0.038104474799999996,0.038104474799999996,0.038104474799999996,0.038104474799999996,0.043426285999999995,0.038104474799999996
70101080103,0.040795033599999996,0.08264149,0.044777031300000006,0.044777031300000006,0.044777031300000006,0.044777031300000006,0.05476148665,0.044777031300000006
70101080104,0.0320929678,0.050014666,0.03479568365,0.03479568365,0.03479568365,0.03479568365,0.0393189035,0.03479568365
70101080105,0.030960827199999996,0.056464523200000005,0.03285525205,0.03285525205,0.03285525205,0.03285525205,0.03880222995,0.03285525205
70101080106,0.032856993200000004,0.052313231800000005,0.0351352749,0.0351352749,0.0351352749,0.0351352749,0.0397900945,0.0351352749
70101080107,0.0271148206,0.0488042816,0.031629248250000006,0.031629248250000006,0.031629248250000006,0.031629248250000006,0.0370893589,0.031629248250000006
70101080108,0.056537762000000005,0.0755609818,0.05997216835,0.05997216835,0.05997216835,0.05997216835,0.0648027302,0.05997216835
70101080109,0.043263981,0.1103782436,0.055358144750000005,0.055358144750000005,0.055358144750000005,0.055358144750000005,0.07133441575,0.055358144750000005
70101080201,0.029455740600000002,0.050511735999999995,0.03077705795,0.03077705795,0.03077705795,0.03077705795,0.0354052737,0.03077705795
70101080202,0.0196907128,0.034320562,0.02227370115,0.02227370115,0.02227370115,0.02227370115,0.02533701425,0.02227370115
70101080203,0.0395710072,0.0689339314,0.0458812985,0.0458812985,0.0458812985,0.0458812985,0.052266354599999995,0.0458812985
70101080204,0.0344999644,0.0440940154,0.0362136092,0.0362136092,0.0362136092,0.0362136092,0.03776940735,0.0362136092
70101080205,0.0435178008,0.0521965578,0.04488963895,0.04488963895,0.04488963895,0.04488963895,0.045955555200000005,0.04488963895
70101080206,0.100967699,0.100284032,0.0958075855,0.0958075855,0.0958075855,0.0958075855,0.0922513675,0.0958075855
70101080207,0.0554822266,0.1073519366,0.0673284354,0.0673284354,0.0673284354,0.0673284354,0.0764217142,0.0673284354
70101080301,0.047203745000000005,0.0711809396,0.0522085204,0.0522085204,0.0522085204,0.0522085204,0.05678045155,0.0522085204
70101080302,0.0395222902,0.050177555000000006,0.0414673979,0.0414673979,0.0414673979,0.0414673979,0.043097548949999995,0.0414673979
70101080303,0.0634513744,0.083484293,0.06337057404999999,0.06337057404999999,0.06337057404999999,0.06337057404999999,0.06626739015000001,0.06337057404999999
70101080401,0.0544652808,0.07040226720000001,0.05680993345,0.05680993345,0.05680993345,0.05680993345,0.05844342825,0.05680993345
70101080402,0.033624529800000004,0.0487645924,0.035827211000000005,0.035827211000000005,0.035827211000000005,0.035827211000000005,0.038121739599999996,0.035827211000000005
70101080403,0.0170275118,0.020253354600000002,0.0176710617,0.0176710617,0.0176710617,0.0176710617,0.0180251533,0.0176710617
70101080501,0.0303712396,0.03634698,0.03157454585,0.03157454585,0.03157454585,0.03157454585,0.03245223335,0.03157454585
70101080502,0.02427338,0.0300168704,0.0249042486,0.0249042486,0.0249042486,0.0249042486,0.025829827399999998,0.0249042486
70101080601,0.0252291398,0.028711501,0.02604672365,0.02604672365,0.02604672365,0.02604672365,0.026356864949999996,0.02604672365
70101080602,0.0407036446,0.0676668434,0.0457035011,0.0457035011,0.0457035011,0.0457035011,0.05097701745000001,0.0457035011
70101080603,0.021333260399999998,0.026464750599999996,0.0220287958,0.0220287958,0.0220287958,0.0220287958,0.0228303139,0.0220287958
70101080701,0.0562045158,0.07457559379999999,0.058304698050000006,0.058304698050000006,0.058304698050000006,0.058304698050000006,0.0610050977,0.058304698050000006
70101080702,0.0271589464,0.0323695446,0.0278271899,0.0278271899,0.0278271899,0.0278271899,0.028567316399999997,0.0278271899
70101080703,0.024731529999999998,0.0291959892,0.025311140850000004,0.025311140850000004,0.025311140850000004,0.025311140850000004,0.02593799445,0.025311140850000004
70102010101,0.060934868600000004,0.10747890600000001,0.07095816135,0.07095816135,0.07095816135,0.07095816135,0.0805460421,0.07095816135
70102010102,0.10446867979999999,0.162082606,0.12007570414999999,0.12007570414999999,0.12007570414999999,0.12007570414999999,0.13205502195000002,0.12007570414999999
70102010103,0.0773624826,0.0922141332,0.0783336238,0.0783336238,0.0783336238,0.0783336238,0.08022286,0.0783336238
70102010104,0.0570031486,0.07029800779999999,0.0569041993,0.0569041993,0.0569041993,0.0569041993,0.059317991199999996,0.0569041993
70102010105,0.0549589696,0.08009120039999999,0.0550666569,0.0550666569,0.0550666569,0.0550666569,0.059791962399999996,0.0550666569
70102010201,0.0292038014,0.0493047346,0.03021513455,0.03021513455,0.03021513455,0.03021513455,0.03431343095,0.03021513455
70102010202,0.0718949062,0.146570909,0.0867226394,0.0867226394,0.0867226394,0.0867226394,0.10269132535,0.0867226394
70102010301,0.0340121414,0.0408306176,0.0333003778,0.0333003778,0.0333003778,0.0333003778,0.03486094865,0.0333003778
70102010302,0.0223519906,0.024866438999999997,0.022458816925,0.022458816925,0.022458816925,0.022458816925,0.022884762425,0.022458816925
70102010303,0.055545036400000004,0.06442018099999999,0.056022721750000004,0.056022721750000004,0.056022721750000004,0.056022721750000004,0.05759873825,0.056022721750000004
70102010401,0.021341548,0.0240531202,0.021141049449999998,0.021141049449999998,0.021141049449999998,0.021141049449999998,0.021733921649999998,0.021141049449999998
70102010402,0.0348581528,0.0466879932,0.03497046635,0.03497046635,0.03497046635,0.03497046635,0.037316768550000004,0.03497046635
70102010403,0.0577182864,0.0698203902,0.0553070249,0.0553070249,0.0553070249,0.0553070249,0.05775980455,0.0553070249
70102010404,0.1170110408,0.1405686508,0.11563540594999999,0.11563540594999999,0.11563540594999999,0.11563540594999999,0.12134910969999999,0.11563540594999999
70102010405,0.056751038600000005,0.064778232,0.0560744531,0.0560744531,0.0560744531,0.0560744531,0.0574247005,0.0560744531
70102010406,0.055484809,0.0632151768,0.055467425,0.055467425,0.055467425,0.055467425,0.05679803800000001,0.055467425
70102010407,0.0446018018,0.0527911868,0.04494129775,0.04494129775,0.04494129775,0.04494129775,0.045935535900000005,0.04494129775
70102010408,0.048979346800000004,0.06447350339999999,0.051230085599999996,0.051230085599999996,0.051230085599999996,0.051230085599999996,0.053711992900000005,0.051230085599999996
70102010501,0.06670039080000001,0.0827313596,0.06702220405,0.06702220405,0.06702220405,0.06702220405,0.06978184805000001,0.06702220405
70102010502,0.11609848,0.13701248,0.11529191845,0.11529191845,0.11529191845,0.11529191845,0.11882074745,0.11529191845
70102010503,0.0975992188,0.1445056,0.09890060745,0.09890060745,0.09890060745,0.09890060745,0.10855477044999999,0.09890060745
70102010504,0.067482134,0.08566999319999999,0.070641301,0.070641301,0.070641301,0.070641301,0.0733118857,0.070641301
70102010601,0.0735558904,0.0950722268,0.07431879705,0.07431879705,0.07431879705,0.07431879705,0.07789723805,0.07431879705
70102010602,0.0242371662,0.0273206946,0.0246665548,0.0246665548,0.0246665548,0.0246665548,0.0247932864,0.0246665548
70102010603,0.025005365800000002,0.0314547054,0.0277361768,0.0277361768,0.0277361768,0.0277361768,0.028746174349999997,0.0277361768
70102010604,0.0600479668,0.099990461,0.0626917248,0.0626917248,0.0626917248,0.0626917248,0.07099858535,0.0626917248
70102010701,0.0798419678,0.133173534,0.0840787763,0.0840787763,0.0840787763,0.0840787763,0.0943930868,0.0840787763
70102010702,0.051837958399999995,0.0691576922,0.0565729962,0.0565729962,0.0565729962,0.0565729962,0.059780374049999994,0.0565729962
70102010703,0.06925723180000001,0.1024121742,0.0745976131,0.0745976131,0.0745976131,0.0745976131,0.08021520815000001,0.0745976131
70102010704,0.0683375948,0.11514948700000001,0.0758894725,0.0758894725,0.0758894725,0.0758894725,0.08542287225,0.0758894725
70102010705,0.15112074199999997,0.1762504442,0.1532287108,0.1532287108,0.1532287108,0.1532287108,0.1568829968,0.1532287108
70102020101,0.0349395128,0.06832649760000001,0.03933865105,0.03933865105,0.03933865105,0.03933865105,0.0470716904,0.03933865105
70102020102,0.0345102682,0.057847189,0.039660724800000005,0.039660724800000005,0.039660724800000005,0.039660724800000005,0.044852146450000005,0.039660724800000005
70102020103,0.04060616,0.0606856948,0.04142659515,0.04142659515,0.04142659515,0.04142659515,0.044728546349999995,0.04142659515
70102020104,0.054083422400000004,0.0766762084,0.056527043,0.056527043,0.056527043,0.056527043,0.060601761350000005,0.056527043
70102020105,0.053827287,0.0698636636,0.057121004600000004,0.057121004600000004,0.057121004600000004,0.057121004600000004,0.05935497235,0.057121004600000004
70102020201,0.0355564606,0.066558066,0.0385143157,0.0385143157,0.0385143157,0.0385143157,0.04513415135,0.0385143157
70102020202,0.0325187242,0.0469048158,0.033167797799999996,0.033167797799999996,0.033167797799999996,0.033167797799999996,0.0364701657,0.033167797799999996
70102020203,0.1229986458,0.1521488092,0.11216642434999999,0.11216642434999999,0.11216642434999999,0.11216642434999999,0.11910928544999999,0.11216642434999999
70102020204,0.056144393800000005,0.08547476899999999,0.060229903200000004,0.060229903200000004,0.060229903200000004,0.060229903200000004,0.0668476218,0.060229903200000004
70102020205,0.057807213999999996,0.0805267504,0.06176577805,0.06176577805,0.06176577805,0.06176577805,0.06583479415,0.06176577805
70102020301,0.152888573,0.186456266,0.14955057825,0.14955057825,0.14955057825,0.14955057825,0.15537323075,0.14955057825
70102020302,0.069897315,0.128938137,0.09035007619999999,0.09035007619999999,0.09035007619999999,0.09035007619999999,0.10255081115,0.09035007619999999
70102020303,0.128519477,0.1448970988,0.11361618899999999,0.11361618899999999,0.11361618899999999,0.11361618899999999,0.1192606553,0.11361618899999999
70102020304,0.06547021880000001,0.08457781,0.06458390785,0.06458390785,0.06458390785,0.06458390785,0.06845937555,0.06458390785
70102020401,0.0479828046,0.0731842946,0.04849003555,0.04849003555,0.04849003555,0.04849003555,0.052628393849999996,0.04849003555
70102020402,0.0379648942,0.0438487646,0.039265678650000004,0.039265678650000004,0.039265678650000004,0.039265678650000004,0.0397463774,0.039265678650000004
70102020403,0.043244739600000005,0.0712514954,0.049372502150000004,0.049372502150000004,0.049372502150000004,0.049372502150000004,0.0541513359,0.049372502150000004
70102020404,0.0869521706,0.1029780266,0.08756560565,0.08756560565,0.08756560565,0.08756560565,0.0899688731,0.08756560565
70102020501,0.0832073842,0.1061549048,0.07984738775,0.07984738775,0.07984738775,0.07984738775,0.0842801605,0.07984738775
70102020502,0.0704046548,0.10524840120000001,0.0704270384,0.0704270384,0.0704270384,0.0704270384,0.07734272795,0.0704270384
70102020503,0.10467807119999999,0.149260902,0.10505927235000001,0.10505927235000001,0.10505927235000001,0.10505927235000001,0.11360064160000001,0.10505927235000001
70102020504,0.151276904,0.18029620500000001,0.14056191850000002,0.14056191850000002,0.14056191850000002,0.14056191850000002,0.1463351642,0.14056191850000002
70102020505,0.150807358,0.158574583,0.1392678713,0.1392678713,0.1392678713,0.1392678713,0.1409641708,0.1392678713
70102020506,0.14099416999999997,0.180956962,0.13942121825,0.13942121825,0.13942121825,0.13942121825,0.14652412825,0.13942121825
70102020507,0.08637880519999999,0.10257066299999999,0.08942602520000001,0.08942602520000001,0.08942602520000001,0.08942602520000001,0.09152379349999999,0.08942602520000001
70102020601,0.07157175099999999,0.08278935800000001,0.07414100095000001,0.07414100095000001,0.07414100095000001,0.07414100095000001,0.07587497395000001,0.07414100095000001
70102020602,0.1373369532,0.1459094808,0.12947165254999998,0.12947165254999998,0.12947165254999998,0.12947165254999998,0.12951955025,0.12947165254999998
70102020603,0.05175502280000001,0.06101560860000001,0.05067576705,0.05067576705,0.05067576705,0.05067576705,0.0520011024,0.05067576705
70102020604,0.119670374,0.1353155972,0.12440740089999999,0.12440740089999999,0.12440740089999999,0.12440740089999999,0.12561395665,0.12440740089999999
70102020605,0.077641869,0.11674475879999999,0.08570568455000001,0.08570568455000001,0.08570568455000001,0.08570568455000001,0.09251779245,0.08570568455000001
70102020606,0.07983945519999999,0.08805880320000001,0.07418664335,0.07418664335,0.07418664335,0.07418664335,0.07466261160000001,0.07418664335
70102020607,0.08882900120000001,0.1098964312,0.09001606279999999,0.09001606279999999,0.09001606279999999,0.09001606279999999,0.0933559964,0.09001606279999999
70102030101,0.0461505082,0.0631705254,0.048296025549999996,0.048296025549999996,0.048296025549999996,0.048296025549999996,0.05166816465,0.048296025549999996
70102030102,0.041734803599999995,0.056854234000000003,0.04310704045,0.04310704045,0.04310704045,0.04310704045,0.04628802145,0.04310704045
70102030103,0.13132900320000002,0.12384858000000001,0.11983817029999999,0.11983817029999999,0.11983817029999999,0.11983817029999999,0.1168208363,0.11983817029999999
70102030201,0.1097604164,0.12192756,0.10148953540000001,0.10148953540000001,0.10148953540000001,0.10148953540000001,0.1020133929,0.10148953540000001
70102030202,0.0485848524,0.0778152074,0.0520447678,0.0520447678,0.0520447678,0.0520447678,0.0579450911,0.0520447678
70102030203,0.042226811399999994,0.0569871688,0.043125061549999996,0.043125061549999996,0.043125061549999996,0.043125061549999996,0.046024942549999996,0.043125061549999996
70102030204,0.0742699934,0.0940163212,0.074318043,0.074318043,0.074318043,0.074318043,0.0778661385,0.074318043
70102030205,0.042369472,0.0443683234,0.0462443049,0.0462443049,0.0462443049,0.0462443049,0.04642919655,0.0462443049
70102030301,0.09474530880000001,0.09922267700000001,0.0902682186,0.0902682186,0.0902682186,0.0902682186,0.09005225289999999,0.0902682186
70102030302,0.0693152562,0.082579402,0.07302396325,0.07302396325,0.07302396325,0.07302396325,0.0754767058,0.07302396325
70102030303,0.054390360000000006,0.059283011600000005,0.05310939555000001,0.05310939555000001,0.05310939555000001,0.05310939555000001,0.054352794950000005,0.05310939555000001
70102030304,0.0703240324,0.0801352704,0.07017794305,0.07017794305,0.07017794305,0.07017794305,0.07220763225,0.07017794305
70102030401,0.051135737400000006,0.0602950858,0.05053552445,0.05053552445,0.05053552445,0.05053552445,0.05297530815,0.05053552445
70102030402,0.0860797532,0.07661522600000001,0.07816885999999999,0.07816885999999999,0.07816885999999999,0.07816885999999999,0.07552311915,0.07816885999999999
70102030403,0.07637186,0.083212226,0.07514952785,0.07514952785,0.07514952785,0.07514952785,0.0764018678,0.07514952785
70102030404,0.0246267822,0.024853313600000003,0.024064449,0.024064449,0.024064449,0.024064449,0.02402222305,0.024064449
70102030405,0.0444415594,0.0461761496,0.0442899929,0.0442899929,0.0442899929,0.0442899929,0.0446193561,0.0442899929
70102030406,0.0251031736,0.025725098000000002,0.025004490499999997,0.025004490499999997,0.025004490499999997,0.025004490499999997,0.02502455045,0.025004490499999997
70102030501,0.0679848512,0.0757738018,0.06762425185,0.06762425185,0.06762425185,0.06762425185,0.0690683278,0.06762425185
70102030502,0.046074857000000004,0.0709198684,0.05012191585,0.05012191585,0.05012191585,0.05012191585,0.0560692375,0.05012191585
70102030503,0.0767727074,0.0857464,0.07341292860000001,0.07341292860000001,0.07341292860000001,0.07341292860000001,0.07552562105,0.07341292860000001
70102030504,0.029654240399999997,0.0344006258,0.030371205350000003,0.030371205350000003,0.030371205350000003,0.030371205350000003,0.0314664861,0.030371205350000003
70102030505,0.068894707,0.067997028,0.0649031407,0.0649031407,0.0649031407,0.0649031407,0.064948962,0.0649031407
70102030506,0.0318729034,0.0320975746,0.031749435650000005,0.031749435650000005,0.031749435650000005,0.031749435650000005,0.0317191204,0.031749435650000005
70102030507,0.045505955,0.0488624008,0.04576928835,0.04576928835,0.04576928835,0.04576928835,0.046294690650000005,0.04576928835
70102030601,0.095893204,0.1049646426,0.0906913788,0.0906913788,0.0906913788,0.0906913788,0.0933222048,0.0906913788
70102030602,0.059257643400000004,0.0654059592,0.0583162114,0.0583162114,0.0583162114,0.0583162114,0.0595329729,0.0583162114
70102030603,0.1073019628,0.126274738,0.10848736575,0.10848736575,0.10848736575,0.10848736575,0.11374550045000001,0.10848736575
70102030604,0.0468062586,0.054783543000000004,0.050161529149999995,0.050161529149999995,0.050161529149999995,0.050161529149999995,0.051952145400000004,0.050161529149999995
70102030605,0.19452501319999999,0.213367964,0.18156164205,0.18156164205,0.18156164205,0.18156164205,0.18642739355,0.18156164205
70102040101,0.0367392422,0.054150587400000005,0.03864526425,0.03864526425,0.03864526425,0.03864526425,0.04247608565,0.03864526425
70102040102,0.054475131600000004,0.0783032052,0.054974220750000004,0.054974220750000004,0.054974220750000004,0.054974220750000004,0.06012732935,0.054974220750000004
70102040103,0.0437449896,0.0588249318,0.04471271175,0.04471271175,0.04471271175,0.04471271175,0.047722593150000006,0.04471271175
70102040104,0.184140882,0.197520016,0.1655422932,0.1655422932,0.1655422932,0.1655422932,0.1687819315,0.1655422932
70102040105,0.05537453839999999,0.07259861399999999,0.056097365499999996,0.056097365499999996,0.056097365499999996,0.056097365499999996,0.0592816735,0.056097365499999996
70102040106,0.0730475684,0.0912460524,0.0720856473,0.0720856473,0.0720856473,0.0720856473,0.07503386875,0.0720856473
70102040107,0.077751801,0.070513971,0.0718642337,0.0718642337,0.0718642337,0.0718642337,0.0691951704,0.0718642337
70102040108,0.0567004576,0.0642315604,0.05748440305,0.05748440305,0.05748440305,0.05748440305,0.058473932500000006,0.05748440305
70102040201,0.092826122,0.11458158119999999,0.0962406528,0.0962406528,0.0962406528,0.0962406528,0.09956426430000001,0.0962406528
70102040202,0.0434186138,0.051678449800000005,0.0428957294,0.0428957294,0.0428957294,0.0428957294,0.0440633048,0.0428957294
70102040203,0.028894059,0.0374029752,0.027191343950000002,0.027191343950000002,0.027191343950000002,0.027191343950000002,0.028569162599999996,0.027191343950000002
70102040204,0.0400519316,0.0423376518,0.0385656141,0.0385656141,0.0385656141,0.0385656141,0.038225982199999994,0.0385656141
70102040205,0.022472166999999998,0.025845811200000002,0.02144529315,0.02144529315,0.02144529315,0.02144529315,0.02185659395,0.02144529315
70102040206,0.0842244868,0.09676309559999999,0.08426570815,0.08426570815,0.08426570815,0.08426570815,0.0854059196,0.08426570815
70102040207,0.0470508178,0.0553537846,0.0436944766,0.0436944766,0.0436944766,0.0436944766,0.044965355949999994,0.0436944766
70102040208,0.159973056,0.20106673800000002,0.1378587808,0.1378587808,0.1378587808,0.1378587808,0.1466501865,0.1378587808
70102040209,0.320648782,0.344942178,0.276812099,0.276812099,0.276812099,0.276812099,0.28261683,0.276812099
70102040210,0.155649426,0.1671197978,0.139243487,0.139243487,0.139243487,0.139243487,0.14062143700000002,0.139243487
70102040301,0.0572213572,0.06835595159999999,0.055102008349999995,0.055102008349999995,0.055102008349999995,0.055102008349999995,0.05714434655,0.055102008349999995
70102040302,0.189875068,0.216798476,0.1719546553,0.1719546553,0.1719546553,0.1719546553,0.1780770551,0.1719546553
70102040303,0.060572812600000005,0.0702100646,0.05815832435,0.05815832435,0.05815832435,0.05815832435,0.059866163449999996,0.05815832435
70102040304,0.111162629,0.10930546320000001,0.09840592125,0.09840592125,0.09840592125,0.09840592125,0.09779652555,0.09840592125
70102040305,0.0675211124,0.07362700999999999,0.0633510052,0.0633510052,0.0633510052,0.0633510052,0.0638895117,0.0633510052
70102040306,0.0871241566,0.0905468774,0.08345114849999999,0.08345114849999999,0.08345114849999999,0.08345114849999999,0.0840938645,0.08345114849999999
70102040401,0.056386861200000006,0.07310282,0.05750883005,0.05750883005,0.05750883005,0.05750883005,0.0607857675,0.05750883005
70102040402,0.068915446,0.0785187292,0.065587893,0.065587893,0.065587893,0.065587893,0.0670261441,0.065587893
70102040403,0.06729619319999999,0.0678892542,0.06493035095000001,0.06493035095000001,0.06493035095000001,0.06493035095000001,0.06435237155,0.06493035095000001
70102040404,0.04167718,0.0398983552,0.0400478317,0.0400478317,0.0400478317,0.0400478317,0.03928786195,0.0400478317
70102040501,0.0794343018,0.0825362826,0.07221853785,0.07221853785,0.07221853785,0.07221853785,0.0722982728,0.07221853785
70102040502,0.054970142799999996,0.0651271534,0.0530190261,0.0530190261,0.0530190261,0.0530190261,0.05414542409999999,0.0530190261
70102040503,0.061590229600000004,0.08469340480000001,0.060110544249999995,0.060110544249999995,0.060110544249999995,0.060110544249999995,0.06431076,0.060110544249999995
70102040601,0.0664073994,0.08611331180000001,0.05742599085,0.05742599085,0.05742599085,0.05742599085,0.061090912399999996,0.05742599085
70102040602,0.051772851200000004,0.0622885538,0.05308564815,0.05308564815,0.05308564815,0.05308564815,0.05508915785,0.05308564815
70102040603,0.151338696,0.19545779400000002,0.1476638202,0.1476638202,0.1476638202,0.1476638202,0.15382791745,0.1476638202
70102040604,0.0924985934,0.110615074,0.08961756185,0.08961756185,0.08961756185,0.08961756185,0.09224618344999999,0.08961756185
70102040605,0.112071416,0.1248802908,0.10975958925,0.10975958925,0.10975958925,0.10975958925,0.11028123199999999,0.10975958925
70102040606,0.07557588559999999,0.092235969,0.0752910864,0.0752910864,0.0752910864,0.0752910864,0.07869728085,0.0752910864
70102040607,0.12506632720000002,0.12408903959999999,0.1221317653,0.1221317653,0.1221317653,0.1221317653,0.12177158754999999,0.1221317653
70102040608,0.05086727,0.07074835739999999,0.053823368950000006,0.053823368950000006,0.053823368950000006,0.053823368950000006,0.057979093550000006,0.053823368950000006
70102040609,0.0506708758,0.046617565400000005,0.0467255119,0.0467255119,0.0467255119,0.0467255119,0.04570876285,0.0467255119
70102040701,0.099091393,0.0800392706,0.08190251995,0.08190251995,0.08190251995,0.08190251995,0.0773214841,0.08190251995
70102040702,0.10135277280000002,0.13404739400000001,0.0982604715,0.0982604715,0.0982604715,0.0982604715,0.10543483825,0.0982604715
70102040703,0.0794226688,0.078639134,0.08232431995,0.08232431995,0.08232431995,0.08232431995,0.0820686152,0.08232431995
70102050101,0.143736382,0.1945770512,0.134102602,0.134102602,0.134102602,0.134102602,0.1435668062,0.134102602
70102050102,0.063101425,0.1012814772,0.0631508407,0.0631508407,0.0631508407,0.0631508407,0.0707136825,0.0631508407
70102050103,0.241093146,0.404626942,0.26012348900000004,0.26012348900000004,0.26012348900000004,0.26012348900000004,0.2888449635,0.26012348900000004
70102050104,0.1123616668,0.196891058,0.1100021824,0.1100021824,0.1100021824,0.1100021824,0.12660637489999998,0.1100021824
70102050105,0.1176146868,0.182023382,0.11891897985,0.11891897985,0.11891897985,0.11891897985,0.12940596485,0.11891897985
70102050106,0.18378144000000002,0.24937325999999999,0.1796729675,0.1796729675,0.1796729675,0.1796729675,0.192163218,0.1796729675
70102050201,0.53468608,0.6160511559999999,0.4924245485,0.4924245485,0.4924245485,0.4924245485,0.516342668,0.4924245485
70102050202,0.253409022,0.320711302,0.24442670049999998,0.24442670049999998,0.24442670049999998,0.24442670049999998,0.2587415725,0.24442670049999998
70102050203,0.14765692400000002,0.19818324999999998,0.14142302805,0.14142302805,0.14142302805,0.14142302805,0.15350858574999998,0.14142302805
70102050204,0.14196693300000002,0.169903298,0.13457529595,0.13457529595,0.13457529595,0.13457529595,0.14210915294999998,0.13457529595
70102050205,0.12222655600000001,0.166296894,0.12026373320000001,0.12026373320000001,0.12026373320000001,0.12026373320000001,0.1298292952,0.12026373320000001
70102050206,0.05575296919999999,0.0632550462,0.054308947649999995,0.054308947649999995,0.054308947649999995,0.054308947649999995,0.05585777395,0.054308947649999995
70102050207,0.0606813962,0.07360281639999999,0.060056820850000005,0.060056820850000005,0.060056820850000005,0.060056820850000005,0.06218184465,0.060056820850000005
70102050208,0.28099303,0.35517465600000003,0.2648783815,0.2648783815,0.2648783815,0.2648783815,0.2818644175,0.2648783815
70102050209,0.304374326,0.33897439599999996,0.275395748,0.275395748,0.275395748,0.275395748,0.2829846585,0.275395748
70102050301,0.331218532,0.406099516,0.33655374,0.33655374,0.33655374,0.33655374,0.346655865,0.33655374
70102050302,0.218891042,0.24090891600000003,0.21080937950000003,0.21080937950000003,0.21080937950000003,0.21080937950000003,0.2127849345,0.21080937950000003
70102050303,0.148273495,0.15407555,0.13620554,0.13620554,0.13620554,0.13620554,0.136991102,0.13620554
70102050304,0.248434718,0.260050328,0.238107984,0.238107984,0.238107984,0.238107984,0.240669616,0.238107984
70102050305,0.280004284,0.25545193,0.24619044350000002,0.24619044350000002,0.24619044350000002,0.24619044350000002,0.23914841999999997,0.24619044350000002
70102050306,0.193670814,0.182869006,0.180522024,0.180522024,0.180522024,0.180522024,0.175472031,0.180522024
70102050307,0.161932691,0.155247906,0.14866915575,0.14866915575,0.14866915575,0.14866915575,0.14588033075,0.14866915575
70102050401,0.44392965799999995,0.579709252,0.44640108749999996,0.44640108749999996,0.44640108749999996,0.44640108749999996,0.4713682255,0.44640108749999996
70102050402,0.494962798,0.589967972,0.4589898915,0.4589898915,0.4589898915,0.4589898915,0.4877438005,0.4589898915
70102050403,0.574236958,0.64735768,0.5190189685,0.5190189685,0.5190189685,0.5190189685,0.543077255,0.5190189685
70102050404,0.45470256600000003,0.5719297799999999,0.43741511099999997,0.43741511099999997,0.43741511099999997,0.43741511099999997,0.46439926600000003,0.43741511099999997
70102050405,0.495138694,0.627398438,0.479494592,0.479494592,0.479494592,0.479494592,0.5079146185,0.479494592
70102050501,0.509036052,0.6653919,0.511912108,0.511912108,0.511912108,0.511912108,0.5460234469999999,0.511912108
70102050502,0.5285100540000001,0.644293592,0.504222458,0.504222458,0.504222458,0.504222458,0.537217342,0.504222458
70102050503,0.527313,0.66898618,0.49893591649999997,0.49893591649999997,0.49893591649999997,0.49893591649999997,0.5311739445,0.49893591649999997
70102050601,0.162597406,0.1941238912,0.15298264055,0.15298264055,0.15298264055,0.15298264055,0.15941446155,0.15298264055
70102050602,0.330402304,0.45546325200000004,0.3202457955,0.3202457955,0.3202457955,0.3202457955,0.34521056850000004,0.3202457955
70102050603,0.279564112,0.356492716,0.2799723165,0.2799723165,0.2799723165,0.2799723165,0.29163854149999996,0.2799723165
70102050604,0.27157537600000003,0.30280038,0.2628236355,0.2628236355,0.2628236355,0.2628236355,0.2679252335,0.2628236355
70102050605,0.295927476,0.305412988,0.28887425,0.28887425,0.28887425,0.28887425,0.289628842,0.28887425
70102050701,0.1752476412,0.19684737000000002,0.1755869343,0.1755869343,0.1755869343,0.1755869343,0.1788994768,0.1755869343
70102050702,0.158262141,0.184955078,0.157740843,0.157740843,0.157740843,0.157740843,0.16220597425,0.157740843
70102050703,0.0421434572,0.043149467000000004,0.041237827500000004,0.041237827500000004,0.041237827500000004,0.041237827500000004,0.041589055,0.041237827500000004
70102050704,0.0490318388,0.0486287378,0.0471570759,0.0471570759,0.0471570759,0.0471570759,0.04711239925,0.0471570759
70102050705,0.0429395036,0.0502105734,0.0442485641,0.0442485641,0.0442485641,0.0442485641,0.045919420100000004,0.0442485641
70102060101,0.056882926199999996,0.0596153172,0.054763803349999994,0.054763803349999994,0.054763803349999994,0.054763803349999994,0.05588756035,0.054763803349999994
70102060102,0.089451109,0.0995950098,0.08322640610000001,0.08322640610000001,0.08322640610000001,0.08322640610000001,0.08598541914999999,0.08322640610000001
70102060103,0.055147285000000004,0.059966872000000004,0.0544939579,0.0544939579,0.0544939579,0.0544939579,0.055688589,0.0544939579
70102060104,0.0457324238,0.0485362864,0.045742624450000005,0.045742624450000005,0.045742624450000005,0.045742624450000005,0.04615089225,0.045742624450000005
70102060201,0.025664363000000003,0.028405442999999996,0.0262542621,0.0262542621,0.0262542621,0.0262542621,0.0267136068,0.0262542621
70102060202,0.156349612,0.185110608,0.1611277995,0.1611277995,0.1611277995,0.1611277995,0.1689394705,0.1611277995
70102060203,0.0701736208,0.07464798660000001,0.0712582724,0.0712582724,0.0712582724,0.0712582724,0.0717350242,0.0712582724
70102060301,0.036718739,0.040445682999999996,0.036733979449999996,0.036733979449999996,0.036733979449999996,0.036733979449999996,0.0371769277,0.036733979449999996
70102060302,0.0414116198,0.048829250000000005,0.043157258,0.043157258,0.043157258,0.043157258,0.0445739887,0.043157258
70102060303,0.0720506592,0.0856327732,0.0730669087,0.0730669087,0.0730669087,0.0730669087,0.07557967060000001,0.0730669087
70102060304,0.044966592799999996,0.048363342,0.04565193945,0.04565193945,0.04565193945,0.04565193945,0.04622713125,0.04565193945
70102060305,0.0548730598,0.061644886600000004,0.05578221175,0.05578221175,0.05578221175,0.05578221175,0.05765626185,0.05578221175
70102060306,0.239406206,0.268038834,0.2285780205,0.2285780205,0.2285780205,0.2285780205,0.235737863,0.2285780205
70102060401,0.1084694092,0.1190510208,0.1018815223,0.1018815223,0.1018815223,0.1018815223,0.1047525198,0.1018815223
70102060402,0.205845916,0.21048782,0.1899607125,0.1899607125,0.1899607125,0.1899607125,0.1916120895,0.1899607125
70102060501,0.133575015,0.1424018432,0.12520320525,0.12520320525,0.12520320525,0.12520320525,0.127587956,0.12520320525
70102060502,0.183858384,0.202238762,0.17386166050000001,0.17386166050000001,0.17386166050000001,0.17386166050000001,0.1782262755,0.17386166050000001
70102060601,0.0442166512,0.047779635800000005,0.0434247951,0.0434247951,0.0434247951,0.0434247951,0.043991448700000005,0.0434247951
70102060602,0.06677905079999999,0.072351952,0.06431817025,0.06431817025,0.06431817025,0.06431817025,0.06544262749999999,0.06431817025
70102060603,0.0411891796,0.0484397502,0.0417934088,0.0417934088,0.0417934088,0.0417934088,0.043769007799999995,0.0417934088
70102060604,0.0766650092,0.08447208739999999,0.0730194131,0.0730194131,0.0730194131,0.0730194131,0.07488310805000001,0.0730194131
70102060605,0.152406349,0.17215261499999998,0.1443050025,0.1443050025,0.1443050025,0.1443050025,0.149113625,0.1443050025
70102060701,0.096282118,0.1139417702,0.0959826564,0.0959826564,0.0959826564,0.0959826564,0.09983218385,0.0959826564
70102060702,0.22145382800000002,0.205227402,0.198086184,0.198086184,0.198086184,0.198086184,0.19437686049999997,0.198086184
70102060703,0.268922028,0.31045319,0.259217911,0.259217911,0.259217911,0.259217911,0.26827482950000003,0.259217911
70102060801,0.0796787308,0.0889053404,0.0797717501,0.0797717501,0.0797717501,0.0797717501,0.08195381139999999,0.0797717501
70102060802,0.270844832,0.322107936,0.265558153,0.265558153,0.265558153,0.265558153,0.276908783,0.265558153
70102060803,0.20101041199999997,0.23364339799999997,0.1952616345,0.1952616345,0.1952616345,0.1952616345,0.2033684795,0.1952616345
70102060804,0.12065428200000002,0.15331067199999998,0.12201687450000001,0.12201687450000001,0.12201687450000001,0.12201687450000001,0.13008985,0.12201687450000001
70102060805,0.117331612,0.1495368788,0.11852268925000001,0.11852268925000001,0.11852268925000001,0.11852268925000001,0.12608965455,0.11852268925000001
70102060901,0.12412904999999999,0.16783505599999998,0.12648824945,0.12648824945,0.12648824945,0.12648824945,0.13691205945,0.12648824945
70102060902,0.22388199800000003,0.291898318,0.2382716935,0.2382716935,0.2382716935,0.2382716935,0.254503861,0.2382716935
70102060903,0.13259427699999998,0.153346034,0.12925771065,0.12925771065,0.12925771065,0.12925771065,0.13444497245,0.12925771065
70102070101,0.0114187474,0.013002238,0.01153668895,0.01153668895,0.01153668895,0.01153668895,0.011805335725000001,0.01153668895
70102070102,0.0141685336,0.016006578599999998,0.014139554300000001,0.014139554300000001,0.014139554300000001,0.014139554300000001,0.014456544299999999,0.014139554300000001
70102070103,0.0119849499,0.013502994800000001,0.0119887075,0.0119887075,0.0119887075,0.0119887075,0.012257027325,0.0119887075
70102070104,0.0196790934,0.0208956696,0.019598637,0.019598637,0.019598637,0.019598637,0.0197214662,0.019598637
70102070105,0.016658176,0.0174786534,0.016322804774999998,0.016322804774999998,0.016322804774999998,0.016322804774999998,0.016426589775,0.016322804774999998
70102070106,0.0167127636,0.0179270538,0.016328865325,0.016328865325,0.016328865325,0.016328865325,0.016509175425,0.016328865325
70102070107,0.098980637,0.11295236,0.09806728285,0.09806728285,0.09806728285,0.09806728285,0.10064251260000001,0.09806728285
70102070201,0.0141848628,0.0154143781,0.01414791895,0.01414791895,0.01414791895,0.01414791895,0.014332924799999999,0.01414791895
70102070202,0.0144281094,0.015797593199999998,0.014689353050000001,0.014689353050000001,0.014689353050000001,0.014689353050000001,0.01491179165,0.014689353050000001
70102070203,0.008692831,0.0097018042,0.008835115059999999,0.008835115059999999,0.008835115059999999,0.008835115059999999,0.008996989835,0.008835115059999999
70102070204,0.013444224999999999,0.014780305599999998,0.013660059950000001,0.013660059950000001,0.013660059950000001,0.013660059950000001,0.01388093725,0.013660059950000001
70102070205,0.0110962244,0.012752484599999999,0.011354098875,0.011354098875,0.011354098875,0.011354098875,0.01166240935,0.011354098875
70102070206,0.04438681,0.0434652686,0.04297083645,0.04297083645,0.04297083645,0.04297083645,0.0426019879,0.04297083645
70102070207,0.066488959,0.073234084,0.06393486585,0.06393486585,0.06393486585,0.06393486585,0.0652633825,0.06393486585
70102070208,0.037440592,0.037862620599999994,0.0376715401,0.0376715401,0.0376715401,0.0376715401,0.0377019707,0.0376715401
70102070209,0.07987664400000001,0.084767638,0.0806194247,0.0806194247,0.0806194247,0.0806194247,0.081481105,0.0806194247
70102070301,0.027116599,0.0324534332,0.02801956625,0.02801956625,0.02801956625,0.02801956625,0.02939728855,0.02801956625
70102070302,0.0198361302,0.0217981538,0.02007493445,0.02007493445,0.02007493445,0.02007493445,0.02049991545,0.02007493445
70102070303,0.0421760148,0.05337912,0.04775771745,0.04775771745,0.04775771745,0.04775771745,0.0506361056,0.04775771745
70102070304,0.0578970612,0.066099934,0.0599191952,0.0599191952,0.0599191952,0.0599191952,0.06181356775,0.0599191952
70102070305,0.077334517,0.0861714078,0.07894088455,0.07894088455,0.07894088455,0.07894088455,0.0803887523,0.07894088455
70102070401,0.044275758799999995,0.0440633254,0.0435240966,0.0435240966,0.0435240966,0.0435240966,0.0433260112,0.0435240966
70102070402,0.050054847199999995,0.055384160599999996,0.04921488715,0.04921488715,0.04921488715,0.04921488715,0.05031958295,0.04921488715
70102070403,0.0317295644,0.032350671399999996,0.031234510050000004,0.031234510050000004,0.031234510050000004,0.031234510050000004,0.0310447804,0.031234510050000004
70102070501,0.0565220034,0.0705075642,0.056671689250000004,0.056671689250000004,0.056671689250000004,0.056671689250000004,0.060055204650000006,0.056671689250000004
70102070502,0.0468753562,0.043244376,0.04569792755,0.04569792755,0.04569792755,0.04569792755,0.044573321250000006,0.04569792755
70102070503,0.0508988174,0.057490455399999994,0.05265902085,0.05265902085,0.05265902085,0.05265902085,0.054158872999999996,0.05265902085
70102070504,0.0328102136,0.0323045144,0.0323642428,0.0323642428,0.0323642428,0.0323642428,0.03190037335,0.0323642428
70102070505,0.0362826018,0.0388180612,0.035889804250000004,0.035889804250000004,0.035889804250000004,0.035889804250000004,0.03616011045,0.035889804250000004
70102070506,0.048019756000000004,0.0517390166,0.0492571579,0.0492571579,0.0492571579,0.0492571579,0.0494440699,0.0492571579
70102070601,0.0372316786,0.039284269999999996,0.037717357550000004,0.037717357550000004,0.037717357550000004,0.037717357550000004,0.0379501787,0.037717357550000004
70102070602,0.035898282999999996,0.0366072066,0.0360070184,0.0360070184,0.0360070184,0.0360070184,0.03586894705,0.0360070184
70102070603,0.03201641,0.0335263202,0.032286228449999996,0.032286228449999996,0.032286228449999996,0.032286228449999996,0.0322758649,0.032286228449999996
70102070701,0.05949960159999999,0.05737060000000001,0.060404453250000004,0.060404453250000004,0.060404453250000004,0.060404453250000004,0.059404197000000006,0.060404453250000004
70102070702,0.046527419,0.059781333000000006,0.05000932735,0.05000932735,0.05000932735,0.05000932735,0.05280721475,0.05000932735
70102070703,0.0331689028,0.0306571398,0.03229178605,0.03229178605,0.03229178605,0.03229178605,0.03144151345,0.03229178605
70102070704,0.03764051,0.039259233399999996,0.038211824049999996,0.038211824049999996,0.038211824049999996,0.038211824049999996,0.0383235031,0.038211824049999996
70102070705,0.0534958684,0.0493062016,0.055155947250000004,0.055155947250000004,0.055155947250000004,0.055155947250000004,0.053608347550000005,0.055155947250000004
70102070706,0.0486220546,0.049663977000000005,0.0482287414,0.0482287414,0.0482287414,0.0482287414,0.0479787376,0.0482287414
70102070707,0.06486424040000001,0.068546264,0.06568537220000001,0.06568537220000001,0.06568537220000001,0.06568537220000001,0.06578672475,0.06568537220000001
70200010101,0.0528315524,0.05077068180000001,0.05092578875,0.05092578875,0.05092578875,0.05092578875,0.0498111619,0.05092578875
70200010102,0.02430931,0.0322858896,0.029006717300000002,0.029006717300000002,0.029006717300000002,0.029006717300000002,0.030679512399999997,0.029006717300000002
70200010103,0.046081267599999996,0.0516381436,0.05100792455000001,0.05100792455000001,0.05100792455000001,0.05100792455000001,0.051533284049999996,0.05100792455000001
70200010104,0.0397643488,0.051657516599999995,0.04114795335,0.04114795335,0.04114795335,0.04114795335,0.043557906699999996,0.04114795335
70200010105,0.0590905232,0.0943911244,0.0823269066,0.0823269066,0.0823269066,0.0823269066,0.09023363695,0.0823269066
70200010106,0.0219004108,0.0372650328,0.02708797505,0.02708797505,0.02708797505,0.02708797505,0.030154342700000003,0.02708797505
70200010107,0.0280831512,0.036538623199999995,0.033414050699999996,0.033414050699999996,0.033414050699999996,0.033414050699999996,0.0351478099,0.033414050699999996
70200010201,0.0204545696,0.0465084412,0.0308599456,0.0308599456,0.0308599456,0.0308599456,0.0369219258,0.0308599456
70200010202,0.0283322336,0.0376196058,0.029689172800000004,0.029689172800000004,0.029689172800000004,0.029689172800000004,0.0317207796,0.029689172800000004
70200010203,0.039113657600000004,0.0707884762,0.0506162056,0.0506162056,0.0506162056,0.0506162056,0.057303592199999996,0.0506162056
70200010204,0.08719113419999999,0.141496766,0.12809979415,0.12809979415,0.12809979415,0.12809979415,0.14173410935,0.12809979415
70200010205,0.12339469620000001,0.156204424,0.1451287336,0.1451287336,0.1451287336,0.1451287336,0.15331109974999999,0.1451287336
70200010206,0.0753067956,0.0968110866,0.09234978345,0.09234978345,0.09234978345,0.09234978345,0.0972728716,0.09234978345
70200010301,0.082621961,0.1923707692,0.14394104729999999,0.14394104729999999,0.14394104729999999,0.14394104729999999,0.170466814,0.14394104729999999
70200010302,0.038594268,0.082759964,0.05491710835,0.05491710835,0.05491710835,0.05491710835,0.0658495434,0.05491710835
70200010303,0.0556662166,0.1421520872,0.08607291075,0.08607291075,0.08607291075,0.08607291075,0.10561057495,0.08607291075
70200010304,0.0476437178,0.06807682400000001,0.05471262624999999,0.05471262624999999,0.05471262624999999,0.05471262624999999,0.059015172049999995,0.05471262624999999
70200010305,0.053924573399999995,0.1147356172,0.07673627995,0.07673627995,0.07673627995,0.07673627995,0.0907562338,0.07673627995
70200010401,0.15215783200000002,0.17460564299999998,0.1541696309,0.1541696309,0.1541696309,0.1541696309,0.1581735592,0.1541696309
70200010402,0.1006227202,0.13737509,0.10925805790000001,0.10925805790000001,0.10925805790000001,0.10925805790000001,0.1172340596,0.10925805790000001
70200010403,0.211388792,0.322393926,0.23212269500000002,0.23212269500000002,0.23212269500000002,0.23212269500000002,0.2574275585,0.23212269500000002
70200010404,0.08485694960000001,0.12559151200000002,0.10722709100000001,0.10722709100000001,0.10722709100000001,0.10722709100000001,0.1169095233,0.10722709100000001
70200010405,0.0450217184,0.13495207,0.0640399981,0.0640399981,0.0640399981,0.0640399981,0.08416945849999999,0.0640399981
70200010406,0.21173336799999998,0.31752538,0.24767348499999997,0.24767348499999997,0.24767348499999997,0.24767348499999997,0.2721361665,0.24767348499999997
70200010407,0.119517849,0.21785837,0.13898963675,0.13898963675,0.13898963675,0.13898963675,0.1608377335,0.13898963675
70200010408,0.07941295400000001,0.11538860899999999,0.09053165815,0.09053165815,0.09053165815,0.09053165815,0.0977702065,0.09053165815
70200010501,0.082897798,0.1231242312,0.09990990715,0.09990990715,0.09990990715,0.09990990715,0.1102168411,0.09990990715
70200010502,0.030425252800000004,0.0521959968,0.0394159201,0.0394159201,0.0394159201,0.0394159201,0.04398185705,0.0394159201
70200010503,0.053636336800000003,0.0946555756,0.06971102500000001,0.06971102500000001,0.06971102500000001,0.06971102500000001,0.0794634707,0.06971102500000001
70200010504,0.0930874872,0.150117434,0.11534595335,0.11534595335,0.11534595335,0.11534595335,0.12935611405,0.11534595335
70200010601,0.084345799,0.147002342,0.11311095175,0.11311095175,0.11311095175,0.11311095175,0.12729419565,0.11311095175
70200010602,0.11475671400000001,0.200715428,0.13336752135000002,0.13336752135000002,0.13336752135000002,0.13336752135000002,0.1551698883,0.13336752135000002
70200010603,0.071958569,0.19916180200000003,0.10996893244999999,0.10996893244999999,0.10996893244999999,0.10996893244999999,0.13990615945,0.10996893244999999
70200010604,0.0652723828,0.12073305919999999,0.0830845597,0.0830845597,0.0830845597,0.0830845597,0.0953337591,0.0830845597
70200010701,0.0477452926,0.166043838,0.0700831919,0.0700831919,0.0700831919,0.0700831919,0.0987280813,0.0700831919
70200010702,0.059985548,0.183880421,0.09449849215,0.09449849215,0.09449849215,0.09449849215,0.12421030920000001,0.09449849215
70200010703,0.10525392780000001,0.262380996,0.15154769025,0.15154769025,0.15154769025,0.15154769025,0.18856732195,0.15154769025
70200010704,0.0979340722,0.177489264,0.11265444105,0.11265444105,0.11265444105,0.11265444105,0.13050809605,0.11265444105
70200010705,0.0626430834,0.135747076,0.0913096722,0.0913096722,0.0913096722,0.0913096722,0.10797157515,0.0913096722
70200010706,0.0405885614,0.1344154752,0.074184303,0.074184303,0.074184303,0.074184303,0.0950373079,0.074184303
70200010801,0.0426096512,0.0633603112,0.04718699935,0.04718699935,0.04718699935,0.04718699935,0.0520440986,0.04718699935
70200010802,0.093399053,0.12074984819999998,0.0976816298,0.0976816298,0.0976816298,0.0976816298,0.10406370605,0.0976816298
70200010803,0.08258776599999999,0.140388414,0.0920228451,0.0920228451,0.0920228451,0.0920228451,0.1044889706,0.0920228451
70200010804,0.0508811694,0.070689306,0.05773446485,0.05773446485,0.05773446485,0.05773446485,0.0618046553,0.05773446485
70200010901,0.0741348784,0.269043658,0.1053980546,0.1053980546,0.1053980546,0.1053980546,0.15116770065000001,0.1053980546
70200010902,0.0527284766,0.1885222792,0.07993359785000001,0.07993359785000001,0.07993359785000001,0.07993359785000001,0.11124768194999998,0.07993359785000001
70200010903,0.06518109159999999,0.1352527838,0.0735348127,0.0735348127,0.0735348127,0.0735348127,0.0895133753,0.0735348127
70200010904,0.076441563,0.1564861168,0.10422171525000001,0.10422171525000001,0.10422171525000001,0.10422171525000001,0.12358136525,0.10422171525000001
70200010905,0.0500021754,0.13117188500000002,0.0731554767,0.0731554767,0.0731554767,0.0731554767,0.0926155495,0.0731554767
70200010906,0.05588799499999999,0.11393495599999999,0.06849089644999999,0.06849089644999999,0.06849089644999999,0.06849089644999999,0.08230772615,0.06849089644999999
70200010907,0.0501414338,0.11216695620000001,0.06359378285,0.06359378285,0.06359378285,0.06359378285,0.0782992009,0.06359378285
70200011001,0.0460018186,0.1144495652,0.06378869969999999,0.06378869969999999,0.06378869969999999,0.06378869969999999,0.07993213639999999,0.06378869969999999
70200011002,0.031157373999999998,0.1025432956,0.04645395425,0.04645395425,0.04645395425,0.04645395425,0.06322193355,0.04645395425
70200011003,0.10518825600000001,0.23654889199999998,0.14999824605,0.14999824605,0.14999824605,0.14999824605,0.1828681658,0.14999824605
70200011004,0.036164851,0.09187347,0.048726385750000004,0.048726385750000004,0.048726385750000004,0.048726385750000004,0.06234091465,0.048726385750000004
70200011005,0.0689445234,0.15150815199999998,0.08888313789999999,0.08888313789999999,0.08888313789999999,0.08888313789999999,0.10871665584999998,0.08888313789999999
70200011006,0.053732098000000006,0.12837013,0.07968584910000001,0.07968584910000001,0.07968584910000001,0.07968584910000001,0.0976640438,0.07968584910000001
70200011007,0.050928273,0.1224680664,0.0618390899,0.0618390899,0.0618390899,0.0618390899,0.0786638678,0.0618390899
70200011008,0.0479023154,0.13036438919999999,0.0571064796,0.0571064796,0.0571064796,0.0571064796,0.077033929,0.0571064796
70200011009,0.0843892738,0.11161943540000001,0.08329090585,0.08329090585,0.08329090585,0.08329090585,0.0873147209,0.08329090585
70200011101,0.023659005599999998,0.034511117800000005,0.02654726315,0.02654726315,0.02654726315,0.02654726315,0.028700183400000003,0.02654726315
70200011102,0.082463072,0.1899392068,0.0982655909,0.0982655909,0.0982655909,0.0982655909,0.1220513402,0.0982655909
70200011103,0.08779235399999999,0.119866439,0.0919506038,0.0919506038,0.0919506038,0.0919506038,0.0993237723,0.0919506038
70200011104,0.0522178678,0.0766499794,0.05396289915,0.05396289915,0.05396289915,0.05396289915,0.060411519950000006,0.05396289915
70200011105,0.025079059800000005,0.030193401199999997,0.026563587649999998,0.026563587649999998,0.026563587649999998,0.026563587649999998,0.02776909845,0.026563587649999998
70200011201,0.086649825,0.1508076808,0.09187361975,0.09187361975,0.09187361975,0.09187361975,0.10694355615,0.09187361975
70200011202,0.0319133108,0.045408112,0.0329308129,0.0329308129,0.0329308129,0.0329308129,0.03673392635,0.0329308129
70200011203,0.023031346799999998,0.0319136716,0.023318816,0.023318816,0.023318816,0.023318816,0.0256450965,0.023318816
70200020101,0.0435482398,0.0799582374,0.055425047699999994,0.055425047699999994,0.055425047699999994,0.055425047699999994,0.06320796965,0.055425047699999994
70200020102,0.0358000066,0.0561668468,0.037867820499999996,0.037867820499999996,0.037867820499999996,0.037867820499999996,0.04192151165,0.037867820499999996
70200020103,0.050404483,0.085336103,0.05542142405,0.05542142405,0.05542142405,0.05542142405,0.0628929291,0.05542142405
70200020104,0.0467861608,0.06687309799999999,0.05087321285,0.05087321285,0.05087321285,0.05087321285,0.0547929481,0.05087321285
70200020201,0.0442061826,0.052262306599999996,0.04312658135,0.04312658135,0.04312658135,0.04312658135,0.04440546775,0.04312658135
70200020202,0.0425045754,0.0879404034,0.0432498398,0.0432498398,0.0432498398,0.0432498398,0.053050427850000005,0.0432498398
70200020203,0.0717867588,0.12448539300000001,0.07582162595,0.07582162595,0.07582162595,0.07582162595,0.08669764365,0.07582162595
70200020204,0.0491903812,0.0733756566,0.05365206185,0.05365206185,0.05365206185,0.05365206185,0.05851422245,0.05365206185
70200020301,0.0363652976,0.065551002,0.038810609350000004,0.038810609350000004,0.038810609350000004,0.038810609350000004,0.0446861756,0.038810609350000004
70200020302,0.041904427,0.05562775,0.041381319449999995,0.041381319449999995,0.041381319449999995,0.041381319449999995,0.04387497335,0.041381319449999995
70200020303,0.057944607800000006,0.0763858846,0.05470945525,0.05470945525,0.05470945525,0.05470945525,0.058799511299999996,0.05470945525
70200020304,0.0669956168,0.0789486062,0.0648603492,0.0648603492,0.0648603492,0.0648603492,0.0688490706,0.0648603492
70200020401,0.23307381,0.26956094999999997,0.2249111025,0.2249111025,0.2249111025,0.2249111025,0.2366599365,0.2249111025
70200020402,0.11074200599999999,0.12019416999999999,0.10748514229999999,0.10748514229999999,0.10748514229999999,0.10748514229999999,0.1118458193,0.10748514229999999
70200020403,0.137249987,0.154211104,0.13169265045,0.13169265045,0.13169265045,0.13169265045,0.13614124295000002,0.13169265045
70200020404,0.096549636,0.10961767559999999,0.09076465345,0.09076465345,0.09076465345,0.09076465345,0.09553462535,0.09076465345
70200020501,0.073146126,0.103072101,0.0734427065,0.0734427065,0.0734427065,0.0734427065,0.08116634445000001,0.0734427065
70200020502,0.051813833200000006,0.0714837666,0.0546661151,0.0546661151,0.0546661151,0.0546661151,0.059780824249999996,0.0546661151
70200020503,0.0695793828,0.0940586654,0.06985366585,0.06985366585,0.06985366585,0.06985366585,0.07654250345,0.06985366585
70200020504,0.12241504220000002,0.135868312,0.1211534702,0.1211534702,0.1211534702,0.1211534702,0.1277143407,0.1211534702
70200020601,0.120342862,0.124770976,0.11456054469999999,0.11456054469999999,0.11456054469999999,0.11456054469999999,0.1206542964,0.11456054469999999
70200020602,0.1406922612,0.1651542688,0.13363459835,0.13363459835,0.13363459835,0.13363459835,0.14285096660000002,0.13363459835
70200020603,0.10180462059999999,0.12913273279999998,0.10681335875,0.10681335875,0.10681335875,0.10681335875,0.11518353299999999,0.10681335875
70200020604,0.0420224292,0.05035703500000001,0.045906951200000004,0.045906951200000004,0.045906951200000004,0.045906951200000004,0.04867466585,0.045906951200000004
70200030101,0.0868841412,0.184882869,0.10441277424999999,0.10441277424999999,0.10441277424999999,0.10441277424999999,0.1274080218,0.10441277424999999
70200030102,0.0414603686,0.0829839012,0.0482834935,0.0482834935,0.0482834935,0.0482834935,0.05814152805,0.0482834935
70200030103,0.02928304,0.064024099,0.038281417899999996,0.038281417899999996,0.038281417899999996,0.038281417899999996,0.046323849900000005,0.038281417899999996
70200030104,0.0427033336,0.0942895684,0.052519298049999996,0.052519298049999996,0.052519298049999996,0.052519298049999996,0.0642689921,0.052519298049999996
70200030105,0.063850882,0.1273017356,0.08616812835000001,0.08616812835000001,0.08616812835000001,0.08616812835000001,0.1011599558,0.08616812835000001
70200030106,0.087412138,0.20312777299999998,0.08671014369999999,0.08671014369999999,0.08671014369999999,0.08671014369999999,0.11633723555,0.08671014369999999
70200030201,0.035867937,0.0881941032,0.053279265799999996,0.053279265799999996,0.053279265799999996,0.053279265799999996,0.0656858006,0.053279265799999996
70200030202,0.0763168864,0.21896689500000002,0.12211990195,0.12211990195,0.12211990195,0.12211990195,0.15736283410000002,0.12211990195
70200030203,0.1523592272,0.22974278799999998,0.13973382155,0.13973382155,0.13973382155,0.13973382155,0.15760181735,0.13973382155
70200030204,0.105754141,0.16716927099999998,0.11149838935,0.11149838935,0.11149838935,0.11149838935,0.12724373925000002,0.11149838935
70200030205,0.0730802128,0.16902148,0.07920745,0.07920745,0.07920745,0.07920745,0.102385811,0.07920745
70200030301,0.0218611006,0.0626056402,0.03931665445,0.03931665445,0.03931665445,0.03931665445,0.04926963665,0.03931665445
70200030302,0.0283221972,0.081491219,0.0422778959,0.0422778959,0.0422778959,0.0422778959,0.05441482075,0.0422778959
70200030303,0.052337143200000005,0.1417374492,0.0701867075,0.0701867075,0.0701867075,0.0701867075,0.0919673545,0.0701867075
70200030304,0.0953069988,0.21861291720000003,0.12811483915,0.12811483915,0.12811483915,0.12811483915,0.1588726856,0.12811483915
70200030305,0.030128860199999996,0.08000447320000001,0.04076141205,0.04076141205,0.04076141205,0.04076141205,0.052906544550000004,0.04076141205
70200030306,0.0199132464,0.034132985399999996,0.0218202289,0.0218202289,0.0218202289,0.0218202289,0.02512133245,0.0218202289
70200030307,0.049915132200000004,0.161144396,0.06255414555,0.06255414555,0.06255414555,0.06255414555,0.0894854907,0.06255414555
70200030401,0.047536702800000004,0.1251724248,0.058369191650000006,0.058369191650000006,0.058369191650000006,0.058369191650000006,0.07643125045,0.058369191650000006
70200030402,0.0703322118,0.188308792,0.09061142850000001,0.09061142850000001,0.09061142850000001,0.09061142850000001,0.11893604545,0.09061142850000001
70200030403,0.055245935999999995,0.0824313568,0.0557070006,0.0557070006,0.0557070006,0.0557070006,0.0621542835,0.0557070006
70200030404,0.0319222222,0.0554001308,0.0346037182,0.0346037182,0.0346037182,0.0346037182,0.04013495335,0.0346037182
70200030501,0.0569511844,0.123907044,0.05853542305,0.05853542305,0.05853542305,0.05853542305,0.07433278775,0.05853542305
70200030502,0.0644075118,0.1458215292,0.06789561005,0.06789561005,0.06789561005,0.06789561005,0.0877599251,0.06789561005
70200030503,0.12111799000000001,0.247253212,0.12710180625,0.12710180625,0.12710180625,0.12710180625,0.1573069713,0.12710180625
70200030601,0.176712816,0.303647208,0.185829669,0.185829669,0.185829669,0.185829669,0.214037439,0.185829669
70200030602,0.19812503399999998,0.295813434,0.19585315895,0.19585315895,0.19585315895,0.19585315895,0.21530581695,0.19585315895
70200030603,0.1440043672,0.260203466,0.15330918565,0.15330918565,0.15330918565,0.15330918565,0.17727801115,0.15330918565
70200030701,0.0674065982,0.17764141,0.07894862435,0.07894862435,0.07894862435,0.07894862435,0.10459620815,0.07894862435
70200030702,0.0843785226,0.20403659,0.1025413811,0.1025413811,0.1025413811,0.1025413811,0.1278495258,0.1025413811
70200030703,0.1480183518,0.270488862,0.14692249305,0.14692249305,0.14692249305,0.14692249305,0.17806476595,0.14692249305
70200030704,0.10465061,0.22971626399999998,0.11516518895000001,0.11516518895000001,0.11516518895000001,0.11516518895000001,0.14501277475000002,0.11516518895000001
70200030705,0.0673181456,0.1322771392,0.0694138399,0.0694138399,0.0694138399,0.0694138399,0.08317425665,0.0694138399
70200040101,0.287455038,0.39747285200000004,0.2795756045,0.2795756045,0.2795756045,0.2795756045,0.314298588,0.2795756045
70200040102,0.259079228,0.42293965,0.2509738735,0.2509738735,0.2509738735,0.2509738735,0.29953909900000003,0.2509738735
70200040201,0.22164617,0.313520078,0.21254140100000002,0.21254140100000002,0.21254140100000002,0.21254140100000002,0.2344387845,0.21254140100000002
70200040202,0.0469146586,0.0629074432,0.044986838200000004,0.044986838200000004,0.044986838200000004,0.044986838200000004,0.0489281536,0.044986838200000004
70200040203,0.187282602,0.286629438,0.1778371662,0.1778371662,0.1778371662,0.1778371662,0.205452385,0.1778371662
70200040204,0.06039345,0.0801037302,0.057369156899999996,0.057369156899999996,0.057369156899999996,0.057369156899999996,0.0636465514,0.057369156899999996
70200040205,0.22963332999999997,0.36422212200000004,0.23804541425,0.23804541425,0.23804541425,0.23804541425,0.26848789274999996,0.23804541425
70200040206,0.241256952,0.386317826,0.233116457,0.233116457,0.233116457,0.233116457,0.274836203,0.233116457
70200040207,0.036856034999999995,0.049631251,0.03582854755,0.03582854755,0.03582854755,0.03582854755,0.03941733415,0.03582854755
70200040301,0.0649111688,0.10920733600000002,0.06698717675,0.06698717675,0.06698717675,0.06698717675,0.07632287435,0.06698717675
70200040302,0.0502444684,0.0986578972,0.0652380024,0.0652380024,0.0652380024,0.0652380024,0.07679015735,0.0652380024
70200040303,0.0620319184,0.1146260894,0.0719177655,0.0719177655,0.0719177655,0.0719177655,0.084597697,0.0719177655
70200040304,0.086333401,0.15946765400000001,0.09861580035,0.09861580035,0.09861580035,0.09861580035,0.11645019315,0.09861580035
70200040305,0.144429313,0.218328092,0.15225170535,0.15225170535,0.15225170535,0.15225170535,0.17279266005,0.15225170535
70200040306,0.096371024,0.16269467440000002,0.0934182172,0.0934182172,0.0934182172,0.0934182172,0.1105570814,0.0934182172
70200040307,0.129506292,0.18899214800000003,0.12977011695000001,0.12977011695000001,0.12977011695000001,0.12977011695000001,0.14601308495,0.12977011695000001
70200040401,0.064717047,0.144524188,0.08025047865,0.08025047865,0.08025047865,0.08025047865,0.10069863964999999,0.08025047865
70200040402,0.06090481379999999,0.1390969138,0.0709358324,0.0709358324,0.0709358324,0.0709358324,0.0897715381,0.0709358324
70200040403,0.136782534,0.22000644119999996,0.1428414313,0.1428414313,0.1428414313,0.1428414313,0.162471282,0.1428414313
70200040404,0.1317275648,0.22289018600000002,0.1377855804,0.1377855804,0.1377855804,0.1377855804,0.1619271009,0.1377855804
70200040501,0.1826989732,0.28702088,0.1852118317,0.1852118317,0.1852118317,0.1852118317,0.2152576695,0.1852118317
70200040502,0.166374114,0.242190466,0.16063956100000001,0.16063956100000001,0.16063956100000001,0.16063956100000001,0.1802081525,0.16063956100000001
70200040503,0.141168037,0.21997866400000002,0.1381953041,0.1381953041,0.1381953041,0.1381953041,0.16057840480000002,0.1381953041
70200040504,0.356216616,0.45300747399999997,0.3287874365,0.3287874365,0.3287874365,0.3287874365,0.36373047550000004,0.3287874365
70200040505,0.13963161799999999,0.26079368999999997,0.1376002577,0.1376002577,0.1376002577,0.1376002577,0.16957293469999998,0.1376002577
70200040601,0.330933664,0.391461952,0.30916163500000005,0.30916163500000005,0.30916163500000005,0.30916163500000005,0.32933392499999997,0.30916163500000005
70200040602,0.178319494,0.268357654,0.1747162625,0.1747162625,0.1747162625,0.1747162625,0.2002604775,0.1747162625
70200040603,0.40185252600000004,0.5042041260000001,0.39959150499999996,0.39959150499999996,0.39959150499999996,0.39959150499999996,0.429489301,0.39959150499999996
70200040604,0.350157528,0.5208230859999999,0.35155277900000004,0.35155277900000004,0.35155277900000004,0.35155277900000004,0.3988998155,0.35155277900000004
70200040605,0.1134068632,0.25805227999999997,0.11396812425,0.11396812425,0.11396812425,0.11396812425,0.1519541835,0.11396812425
70200040701,0.14499020099999999,0.1341009372,0.12637713504999998,0.12637713504999998,0.12637713504999998,0.12637713504999998,0.12127149639999998,0.12637713504999998
70200040702,0.21426230200000002,0.3162255,0.2145999745,0.2145999745,0.2145999745,0.2145999745,0.232761977,0.2145999745
70200040703,0.09945752399999999,0.10316440600000001,0.09360359039999999,0.09360359039999999,0.09360359039999999,0.09360359039999999,0.0934826103,0.09360359039999999
70200040704,0.25825682,0.340450234,0.25176259,0.25176259,0.25176259,0.25176259,0.2703029565,0.25176259
70200040705,0.300926162,0.425384252,0.295814509,0.295814509,0.295814509,0.295814509,0.3215244265,0.295814509
70200040801,0.236382598,0.378197464,0.23893112200000002,0.23893112200000002,0.23893112200000002,0.23893112200000002,0.268852272,0.23893112200000002
70200040802,0.20803685,0.30297636,0.20304443375,0.20304443375,0.20304443375,0.20304443375,0.22145431575000002,0.20304443375
70200040803,0.311480946,0.469051694,0.3094035085,0.3094035085,0.3094035085,0.3094035085,0.3398782065,0.3094035085
70200040804,0.380238516,0.511171362,0.3643498605,0.3643498605,0.3643498605,0.3643498605,0.3886574465,0.3643498605
70200040805,0.39179143,0.49166977,0.3657643155,0.3657643155,0.3657643155,0.3657643155,0.390541841,0.3657643155
70200040901,0.31130472,0.436367508,0.3109306435,0.3109306435,0.3109306435,0.3109306435,0.332033545,0.3109306435
70200040902,0.359240838,0.526188366,0.3491661025,0.3491661025,0.3491661025,0.3491661025,0.3824713825,0.3491661025
70200040903,0.350246426,0.465504006,0.3304453022,0.3304453022,0.3304453022,0.3304453022,0.3632647327,0.3304453022
70200040904,0.21949443600000001,0.32280445599999996,0.21382433425,0.21382433425,0.21382433425,0.21382433425,0.23800523575,0.21382433425
70200040905,0.193837972,0.294499466,0.18463260225,0.18463260225,0.18463260225,0.18463260225,0.20947329025,0.18463260225
70200041001,0.36152742,0.5200543719999999,0.3475078145,0.3475078145,0.3475078145,0.3475078145,0.39108908200000003,0.3475078145
70200041002,0.301101536,0.45348472399999995,0.2948853305,0.2948853305,0.2948853305,0.2948853305,0.3391477115,0.2948853305
70200041003,0.22653545399999997,0.36507606200000003,0.216516714,0.216516714,0.216516714,0.216516714,0.255790086,0.216516714
70200041004,0.158929504,0.252794376,0.1491480553,0.1491480553,0.1491480553,0.1491480553,0.1741743665,0.1491480553
70200041005,0.360143424,0.477272504,0.340179828,0.340179828,0.340179828,0.340179828,0.373314131,0.340179828
70200041006,0.20001160999999995,0.341509014,0.191512687,0.191512687,0.191512687,0.191512687,0.231855798,0.191512687
70200041007,0.126224322,0.21082373,0.114886187,0.114886187,0.114886187,0.114886187,0.1388150115,0.114886187
70200041101,0.39122734000000003,0.51135754,0.379133883,0.379133883,0.379133883,0.379133883,0.40202287649999996,0.379133883
70200041102,0.346225948,0.45756014799999994,0.3495505015,0.3495505015,0.3495505015,0.3495505015,0.371365401,0.3495505015
70200041103,0.22509266,0.31273166799999996,0.21643722150000003,0.21643722150000003,0.21643722150000003,0.21643722150000003,0.2378588685,0.21643722150000003
70200041104,0.447271092,0.634487942,0.47881185950000005,0.47881185950000005,0.47881185950000005,0.47881185950000005,0.5076304555,0.47881185950000005
70200041105,0.471854732,0.599035438,0.45890336749999994,0.45890336749999994,0.45890336749999994,0.45890336749999994,0.489972733,0.45890336749999994
70200041106,0.286472176,0.42933741200000003,0.273202969,0.273202969,0.273202969,0.273202969,0.3055204425,0.273202969
70200041201,0.37245279600000003,0.451561552,0.35240317,0.35240317,0.35240317,0.35240317,0.37176981000000003,0.35240317
70200041202,0.24900422400000002,0.32329293400000003,0.2301879955,0.2301879955,0.2301879955,0.2301879955,0.2517810415,0.2301879955
70200041203,0.458522148,0.5871203279999999,0.451314251,0.451314251,0.451314251,0.451314251,0.48274486450000004,0.451314251
70200041204,0.097344603,0.15340868319999998,0.08995849645000001,0.08995849645000001,0.08995849645000001,0.08995849645000001,0.10395330979999999,0.08995849645000001
70200041205,0.503510668,0.61737343,0.469915463,0.469915463,0.469915463,0.469915463,0.5022999395000001,0.469915463
70200041206,0.19752371600000002,0.31744048199999997,0.184167382,0.184167382,0.184167382,0.184167382,0.217145807,0.184167382
70200041207,0.1475810852,0.261442076,0.14105594015,0.14105594015,0.14105594015,0.14105594015,0.16870520965,0.14105594015
70200050101,0.0334589586,0.05351261660000001,0.03596940295,0.03596940295,0.03596940295,0.03596940295,0.040395056299999996,0.03596940295
70200050102,0.027015286399999998,0.0550248234,0.029181256649999997,0.029181256649999997,0.029181256649999997,0.029181256649999997,0.0355204155,0.029181256649999997
70200050103,0.0342332782,0.054944842800000004,0.0380698561,0.0380698561,0.0380698561,0.0380698561,0.0428565955,0.0380698561
70200050104,0.0379156192,0.0646459846,0.04312092355,0.04312092355,0.04312092355,0.04312092355,0.049165264199999996,0.04312092355
70200050105,0.0402407414,0.0651802096,0.04421849175,0.04421849175,0.04421849175,0.04421849175,0.04928307,0.04421849175
70200050106,0.0356647426,0.051818747199999994,0.039369927049999996,0.039369927049999996,0.039369927049999996,0.039369927049999996,0.0430433234,0.039369927049999996
70200050107,0.0512059464,0.0958362512,0.0563610173,0.0563610173,0.0563610173,0.0563610173,0.0657450156,0.0563610173
70200050108,0.0319641546,0.0518130628,0.03626530125,0.03626530125,0.03626530125,0.03626530125,0.04071073,0.03626530125
70200050109,0.055814104600000004,0.1353931688,0.05744263545,0.05744263545,0.05744263545,0.05744263545,0.07555350045,0.05744263545
70200050110,0.06823679839999999,0.0994465784,0.06523151245,0.06523151245,0.06523151245,0.06523151245,0.0735397027,0.06523151245
70200050201,0.049860885199999996,0.0982768884,0.0549242142,0.0549242142,0.0549242142,0.0549242142,0.0656847131,0.0549242142
70200050202,0.0375842594,0.06518815419999999,0.041879443,0.041879443,0.041879443,0.041879443,0.04814986765,0.041879443
70200050203,0.0691054446,0.1137222728,0.06086924345,0.06086924345,0.06086924345,0.06086924345,0.07078741805,0.06086924345
70200050301,0.04868886879999999,0.09115466759999999,0.0533496231,0.0533496231,0.0533496231,0.0533496231,0.06288255044999999,0.0533496231
70200050302,0.06632772719999999,0.157630794,0.0784004117,0.0784004117,0.0784004117,0.0784004117,0.09954125355,0.0784004117
70200050303,0.0367310396,0.05733403299999999,0.036399612250000005,0.036399612250000005,0.036399612250000005,0.036399612250000005,0.0409253078,0.036399612250000005
70200050304,0.0484540962,0.0846487528,0.04792637095,0.04792637095,0.04792637095,0.04792637095,0.056500967049999996,0.04792637095
70200050401,0.026815434,0.0396485342,0.027286495700000003,0.027286495700000003,0.027286495700000003,0.027286495700000003,0.030041798800000002,0.027286495700000003
70200050402,0.052289641199999994,0.058021286000000005,0.0450799671,0.0450799671,0.0450799671,0.0450799671,0.0459412796,0.0450799671
70200050403,0.0525322788,0.076967304,0.04990292085,0.04990292085,0.04990292085,0.04990292085,0.05490655635,0.04990292085
70200050501,0.21115258399999998,0.269404172,0.1949260188,0.1949260188,0.1949260188,0.1949260188,0.2094184818,0.1949260188
70200050502,0.13944461800000002,0.19635656080000002,0.129774614,0.129774614,0.129774614,0.129774614,0.1430326105,0.129774614
70200050503,0.0963959708,0.1500808092,0.0890735988,0.0890735988,0.0890735988,0.0890735988,0.1019171777,0.0890735988
70200050601,0.0379351248,0.0753920486,0.04131536625,0.04131536625,0.04131536625,0.04131536625,0.04950787755,0.04131536625
70200050602,0.0364265314,0.068175837,0.038065012100000004,0.038065012100000004,0.038065012100000004,0.038065012100000004,0.04471505645,0.038065012100000004
70200050603,0.0337083682,0.0450709274,0.0313033859,0.0313033859,0.0313033859,0.0313033859,0.0335157846,0.0313033859
70200050604,0.0369667678,0.071805728,0.040056652799999995,0.040056652799999995,0.040056652799999995,0.040056652799999995,0.04759793305,0.040056652799999995
70200050605,0.0355289318,0.048681352,0.033856365,0.033856365,0.033856365,0.033856365,0.0366401032,0.033856365
70200050606,0.0388232818,0.0625139758,0.0400043284,0.0400043284,0.0400043284,0.0400043284,0.0452577646,0.0400043284
70200050701,0.0902568976,0.122789111,0.08634050185,0.08634050185,0.08634050185,0.08634050185,0.09521298405,0.08634050185
70200050702,0.037380778999999996,0.06068711019999999,0.0371417923,0.0371417923,0.0371417923,0.0371417923,0.042523086050000006,0.0371417923
70200050703,0.04130653199999999,0.058692520000000005,0.03995365265,0.03995365265,0.03995365265,0.03995365265,0.04408059535,0.03995365265
70200050704,0.149069252,0.1635676912,0.14428012704999998,0.14428012704999998,0.14428012704999998,0.14428012704999998,0.1500103118,0.14428012704999998
70200050705,0.026917825,0.0378817158,0.0274255265,0.0274255265,0.0274255265,0.0274255265,0.029878683950000002,0.0274255265
70200050706,0.0470316188,0.070277313,0.0455692521,0.0455692521,0.0455692521,0.0455692521,0.05143962710000001,0.0455692521
70200050801,0.108079772,0.10425026800000001,0.09483801895,0.09483801895,0.09483801895,0.09483801895,0.09207271725,0.09483801895
70200050802,0.0490893846,0.0790720734,0.05051635610000001,0.05051635610000001,0.05051635610000001,0.05051635610000001,0.05628975825,0.05051635610000001
70200050803,0.17390458120000002,0.21490040280000003,0.15132025654999998,0.15132025654999998,0.15132025654999998,0.15132025654999998,0.16324398805,0.15132025654999998
70200050804,0.384879698,0.527600246,0.3882417145,0.3882417145,0.3882417145,0.3882417145,0.414300765,0.3882417145
70200050805,0.267168436,0.364519944,0.2454854575,0.2454854575,0.2454854575,0.2454854575,0.2720250205,0.2454854575
70200050806,0.249511964,0.363505138,0.2315707105,0.2315707105,0.2315707105,0.2315707105,0.2608203555,0.2315707105
70200050807,0.183567056,0.264997394,0.1666206785,0.1666206785,0.1666206785,0.1666206785,0.18811762324999998,0.1666206785
70200050901,0.1448499992,0.183023496,0.1370849008,0.1370849008,0.1370849008,0.1370849008,0.14829646805000002,0.1370849008
70200050902,0.19346517400000002,0.25943239,0.18724036824999998,0.18724036824999998,0.18724036824999998,0.18724036824999998,0.20563858274999997,0.18724036824999998
70200050903,0.054812617200000004,0.07082269960000001,0.052956518949999996,0.052956518949999996,0.052956518949999996,0.052956518949999996,0.05844373865,0.052956518949999996
70200050904,0.04003446200000001,0.0480194192,0.03820914345,0.03820914345,0.03820914345,0.03820914345,0.04088388525,0.03820914345
70200051001,0.36720674999999997,0.493849042,0.3575031485,0.3575031485,0.3575031485,0.3575031485,0.3852134015,0.3575031485
70200051002,0.332901295,0.42914765,0.31273108125000004,0.31273108125000004,0.31273108125000004,0.31273108125000004,0.33459210125,0.31273108125000004
70200051003,0.29441882399999997,0.353031602,0.27731052300000003,0.27731052300000003,0.27731052300000003,0.27731052300000003,0.2953895095,0.27731052300000003
70200051101,0.1772349412,0.221284082,0.1532799711,0.1532799711,0.1532799711,0.1532799711,0.1678273071,0.1532799711
70200051102,0.20147476800000003,0.20440991400000003,0.16482801595000002,0.16482801595000002,0.16482801595000002,0.16482801595000002,0.17680287765,0.16482801595000002
70200051103,0.05563829099999999,0.0716038144,0.053841005799999994,0.053841005799999994,0.053841005799999994,0.053841005799999994,0.05859598105,0.053841005799999994
70200051104,0.229036718,0.276491942,0.22683143549999998,0.22683143549999998,0.22683143549999998,0.22683143549999998,0.242040182,0.22683143549999998
70200051105,0.0486424572,0.052808088600000004,0.0461838975,0.0461838975,0.0461838975,0.0461838975,0.0475967085,0.0461838975
70200060101,0.148135408,0.232561286,0.14657626675,0.14657626675,0.14657626675,0.14657626675,0.1695278785,0.14657626675
70200060102,0.084545619,0.171355842,0.10184053074999999,0.10184053074999999,0.10184053074999999,0.10184053074999999,0.12366830895,0.10184053074999999
70200060103,0.214990924,0.33677838800000004,0.21256190849999998,0.21256190849999998,0.21256190849999998,0.21256190849999998,0.2465539775,0.21256190849999998
70200060201,0.0845114138,0.161224602,0.0999457922,0.0999457922,0.0999457922,0.0999457922,0.11763090655,0.0999457922
70200060202,0.0494729476,0.10672871719999999,0.059480089300000004,0.059480089300000004,0.059480089300000004,0.059480089300000004,0.0729187907,0.059480089300000004
70200060203,0.0680848946,0.155764688,0.08426858335000001,0.08426858335000001,0.08426858335000001,0.08426858335000001,0.10636783990000001,0.08426858335000001
70200060204,0.106636781,0.20803758600000002,0.11970701349999999,0.11970701349999999,0.11970701349999999,0.11970701349999999,0.1447205045,0.11970701349999999
70200060301,0.12275575000000001,0.162916295,0.12130018475,0.12130018475,0.12130018475,0.12130018475,0.13218264925,0.12130018475
70200060302,0.325079374,0.39896379,0.307659059,0.307659059,0.307659059,0.307659059,0.329981123,0.307659059
70200060303,0.31738248599999996,0.379853604,0.299210238,0.299210238,0.299210238,0.299210238,0.317196714,0.299210238
70200060401,0.25092993999999996,0.349966038,0.23732822699999997,0.23732822699999997,0.23732822699999997,0.23732822699999997,0.267443284,0.23732822699999997
70200060402,0.466064308,0.594934112,0.4549445265,0.4549445265,0.4549445265,0.4549445265,0.494444867,0.4549445265
70200060403,0.406128338,0.5123182180000001,0.399718291,0.399718291,0.399718291,0.399718291,0.43010937499999996,0.399718291
70200060404,0.13822558899999998,0.19891983500000002,0.1354668504,0.1354668504,0.1354668504,0.1354668504,0.15131452095,0.1354668504
70200060501,0.474463854,0.5543057,0.457879257,0.457879257,0.457879257,0.457879257,0.477616902,0.457879257
70200060502,0.50321045,0.600208556,0.4961513075,0.4961513075,0.4961513075,0.4961513075,0.5158561335,0.4961513075
70200060503,0.40978270200000005,0.5497605219999999,0.4053336815,0.4053336815,0.4053336815,0.4053336815,0.434268389,0.4053336815
70200060601,0.444556766,0.587056118,0.41578510199999996,0.41578510199999996,0.41578510199999996,0.41578510199999996,0.4554727635,0.41578510199999996
70200060602,0.47248791399999995,0.603172908,0.43796866850000005,0.43796866850000005,0.43796866850000005,0.43796866850000005,0.47712541049999996,0.43796866850000005
70200060603,0.450375282,0.6084300779999999,0.414828859,0.414828859,0.414828859,0.414828859,0.454199767,0.414828859
70200060701,0.20050758800000001,0.267542098,0.1935310385,0.1935310385,0.1935310385,0.1935310385,0.2112120805,0.1935310385
70200060702,0.328533574,0.41213510600000003,0.30391169700000004,0.30391169700000004,0.30391169700000004,0.30391169700000004,0.32713948,0.30391169700000004
70200060703,0.29362597199999996,0.418050374,0.293171779,0.293171779,0.293171779,0.293171779,0.3212014655,0.293171779
70200060704,0.40237821599999996,0.560048372,0.3680705475,0.3680705475,0.3680705475,0.3680705475,0.406709549,0.3680705475
70200070101,0.524877118,0.690854566,0.533214208,0.533214208,0.533214208,0.533214208,0.5705301485,0.533214208
70200070102,0.506404784,0.68359524,0.5058595605,0.5058595605,0.5058595605,0.5058595605,0.547992815,0.5058595605
70200070103,0.25482339600000004,0.395561086,0.2313273615,0.2313273615,0.2313273615,0.2313273615,0.2663154425,0.2313273615
70200070201,0.42551416599999997,0.55614606,0.4240909275,0.4240909275,0.4240909275,0.4240909275,0.449880236,0.4240909275
70200070202,0.43375971799999996,0.585729288,0.42573558450000004,0.42573558450000004,0.42573558450000004,0.42573558450000004,0.4556788955,0.42573558450000004
70200070203,0.23141445200000002,0.369788988,0.2265225175,0.2265225175,0.2265225175,0.2265225175,0.2571396995,0.2265225175
70200070301,0.562776604,0.713370608,0.5512189375000001,0.5512189375000001,0.5512189375000001,0.5512189375000001,0.583582764,0.5512189375000001
70200070302,0.545621798,0.698521776,0.530049574,0.530049574,0.530049574,0.530049574,0.5678878924999999,0.530049574
70200070303,0.368484166,0.546604154,0.3613134805,0.3613134805,0.3613134805,0.3613134805,0.40369997550000003,0.3613134805
70200070401,0.44724985000000006,0.5994570020000001,0.4258994465,0.4258994465,0.4258994465,0.4258994465,0.46151264799999997,0.4258994465
70200070402,0.44245801399999996,0.585904092,0.41266255100000004,0.41266255100000004,0.41266255100000004,0.41266255100000004,0.450340685,0.41266255100000004
70200070403,0.029139455400000003,0.0386854134,0.02811936215,0.02811936215,0.02811936215,0.02811936215,0.030452095150000004,0.02811936215
70200070404,0.42409099799999994,0.638977796,0.42448615500000003,0.42448615500000003,0.42448615500000003,0.42448615500000003,0.46325455499999996,0.42448615500000003
70200070405,0.0501105004,0.0897760168,0.048548272399999995,0.048548272399999995,0.048548272399999995,0.048548272399999995,0.0573928823,0.048548272399999995
70200070406,0.43025414600000006,0.643115886,0.450966978,0.450966978,0.450966978,0.450966978,0.48607274599999994,0.450966978
70200070407,0.10269651319999999,0.212051468,0.10938741395,0.10938741395,0.10938741395,0.10938741395,0.13082174124999998,0.10938741395
70200070501,0.565067866,0.717157656,0.5360468005000001,0.5360468005000001,0.5360468005000001,0.5360468005000001,0.5728343215,0.5360468005000001
70200070502,0.500930374,0.6596262,0.5011763245,0.5011763245,0.5011763245,0.5011763245,0.543486361,0.5011763245
70200070503,0.340970808,0.514236134,0.359719199,0.359719199,0.359719199,0.359719199,0.39138692399999997,0.359719199
70200070504,0.328042174,0.47487537199999996,0.3207366555,0.3207366555,0.3207366555,0.3207366555,0.35662150449999996,0.3207366555
70200070601,0.43527242,0.641687094,0.4645780385,0.4645780385,0.4645780385,0.4645780385,0.5037076540000001,0.4645780385
70200070602,0.099522676,0.171691582,0.09997092115,0.09997092115,0.09997092115,0.09997092115,0.11631703339999999,0.09997092115
70200070603,0.405663982,0.63911758,0.4265324535,0.4265324535,0.4265324535,0.4265324535,0.474531756,0.4265324535
70200070604,0.143996424,0.310067002,0.1576378605,0.1576378605,0.1576378605,0.1576378605,0.193028928,0.1576378605
70200070701,0.228642184,0.31472546599999995,0.2052781208,0.2052781208,0.2052781208,0.2052781208,0.2307091498,0.2052781208
70200070702,0.370736704,0.5170602919999999,0.341200805,0.341200805,0.341200805,0.341200805,0.378172468,0.341200805
70200070703,0.141796418,0.233864814,0.13434306055,0.13434306055,0.13434306055,0.13434306055,0.15616917005,0.13434306055
70200070704,0.275427392,0.461347054,0.2772383815,0.2772383815,0.2772383815,0.2772383815,0.3166424085,0.2772383815
70200070801,0.0473864576,0.0685314678,0.04494529495,0.04494529495,0.04494529495,0.04494529495,0.049236897,0.04494529495
70200070802,0.152579934,0.269863126,0.155819174,0.155819174,0.155819174,0.155819174,0.1824283485,0.155819174
70200070803,0.18535149199999998,0.381714646,0.2171840445,0.2171840445,0.2171840445,0.2171840445,0.25306148300000003,0.2171840445
70200070901,0.4609654799999999,0.64096674,0.459120791,0.459120791,0.459120791,0.459120791,0.502763504,0.459120791
70200070902,0.339301222,0.505492008,0.3239044615,0.3239044615,0.3239044615,0.3239044615,0.3689475555,0.3239044615
70200070903,0.246601186,0.438547008,0.24370746850000002,0.24370746850000002,0.24370746850000002,0.24370746850000002,0.2943770585,0.24370746850000002
70200071001,0.41512461399999995,0.6036122020000001,0.40756778650000003,0.40756778650000003,0.40756778650000003,0.40756778650000003,0.44987966300000004,0.40756778650000003
70200071002,0.0683643034,0.125210578,0.06866606895,0.06866606895,0.06866606895,0.06866606895,0.08168862475000001,0.06866606895
70200071003,0.09239594,0.203154698,0.10476979155000002,0.10476979155000002,0.10476979155000002,0.10476979155000002,0.12819452955,0.10476979155000002
70200071101,0.125359145,0.212286362,0.12086629819999999,0.12086629819999999,0.12086629819999999,0.12086629819999999,0.14209033695,0.12086629819999999
70200071102,0.085469172,0.1815444008,0.0901373929,0.0901373929,0.0901373929,0.0901373929,0.11322514865,0.0901373929
70200071103,0.309500438,0.518608266,0.32669616599999995,0.32669616599999995,0.32669616599999995,0.32669616599999995,0.3733452935,0.32669616599999995
70200071104,0.10856780079999999,0.213493346,0.11446049254999999,0.11446049254999999,0.11446049254999999,0.11446049254999999,0.13717053255,0.11446049254999999
70200071105,0.420005278,0.612032636,0.4403132005,0.4403132005,0.4403132005,0.4403132005,0.483895109,0.4403132005
70200071106,0.11483577,0.18854713680000001,0.11616135720000001,0.11616135720000001,0.11616135720000001,0.11616135720000001,0.1325259657,0.11616135720000001
70200071107,0.0299126966,0.0424187222,0.030770382550000003,0.030770382550000003,0.030770382550000003,0.030770382550000003,0.0332162009,0.030770382550000003
70200080101,0.20182479,0.283597704,0.19858392549999998,0.19858392549999998,0.19858392549999998,0.19858392549999998,0.22297386549999998,0.19858392549999998
70200080102,0.265138208,0.43072944600000007,0.2643005975,0.2643005975,0.2643005975,0.2643005975,0.30905143599999996,0.2643005975
70200080201,0.37500735399999996,0.402567236,0.343225813,0.343225813,0.343225813,0.343225813,0.36065074900000005,0.343225813
70200080202,0.27488761,0.38649293399999995,0.25948905299999997,0.25948905299999997,0.25948905299999997,0.25948905299999997,0.2886069225,0.25948905299999997
70200080203,0.23092395799999998,0.379426838,0.24225679649999998,0.24225679649999998,0.24225679649999998,0.24225679649999998,0.2804152455,0.24225679649999998
70200080204,0.192229254,0.243310732,0.18029748299999998,0.18029748299999998,0.18029748299999998,0.18029748299999998,0.1932256535,0.18029748299999998
70200080301,0.268113816,0.483893616,0.259255742,0.259255742,0.259255742,0.259255742,0.3175796105,0.259255742
70200080302,0.273398184,0.41009265799999994,0.242494444,0.242494444,0.242494444,0.242494444,0.280599361,0.242494444
70200080303,0.40287782199999994,0.562343402,0.3853270675,0.3853270675,0.3853270675,0.3853270675,0.42772795850000006,0.3853270675
70200080401,0.477430234,0.585519604,0.479073738,0.479073738,0.479073738,0.479073738,0.510583248,0.479073738
70200080402,0.527994762,0.6444230120000001,0.5081187789999999,0.5081187789999999,0.5081187789999999,0.5081187789999999,0.5427989904999999,0.5081187789999999
70200080403,0.49272048,0.6434374500000001,0.48386622599999995,0.48386622599999995,0.48386622599999995,0.48386622599999995,0.5268119149999999,0.48386622599999995
70200080404,0.174418302,0.253382218,0.1687455045,0.1687455045,0.1687455045,0.1687455045,0.1869586705,0.1687455045
70200080405,0.445865764,0.604460518,0.435278575,0.435278575,0.435278575,0.435278575,0.479212773,0.435278575
70200080406,0.190519954,0.286767792,0.1858803115,0.1858803115,0.1858803115,0.1858803115,0.20802381749999999,0.1858803115
70200080501,0.21575121,0.338220176,0.20900107,0.20900107,0.20900107,0.20900107,0.24224695349999997,0.20900107
70200080502,0.40592219199999996,0.562574388,0.388519662,0.388519662,0.388519662,0.388519662,0.432176376,0.388519662
70200080503,0.34770609399999997,0.46326228199999997,0.3280809395,0.3280809395,0.3280809395,0.3280809395,0.3621422245,0.3280809395
70200080504,0.319037986,0.39139209799999997,0.29549487,0.29549487,0.29549487,0.29549487,0.3197298065,0.29549487
70200080505,0.378822372,0.507575746,0.3444182745,0.3444182745,0.3444182745,0.3444182745,0.379907152,0.3444182745
70200080506,0.322543946,0.493230084,0.3059947435,0.3059947435,0.3059947435,0.3059947435,0.34888448899999996,0.3059947435
70200080601,0.401546162,0.562340888,0.373026472,0.373026472,0.373026472,0.373026472,0.42041586849999996,0.373026472
70200080602,0.240369004,0.335401908,0.216257627,0.216257627,0.216257627,0.216257627,0.2486048335,0.216257627
70200080603,0.218839812,0.336862506,0.20429423500000002,0.20429423500000002,0.20429423500000002,0.20429423500000002,0.23299268550000002,0.20429423500000002
70200080604,0.274277764,0.413007198,0.276883355,0.276883355,0.276883355,0.276883355,0.3057578875,0.276883355
70200080605,0.277299328,0.395246716,0.252081371,0.252081371,0.252081371,0.252081371,0.28689931949999997,0.252081371
70200080701,0.48756368399999994,0.592724052,0.4680306615,0.4680306615,0.4680306615,0.4680306615,0.49385056699999996,0.4680306615
70200080702,0.47830113799999996,0.5836128300000001,0.4617916985,0.4617916985,0.4617916985,0.4617916985,0.489299874,0.4617916985
70200080703,0.441213208,0.541193986,0.41892845850000004,0.41892845850000004,0.41892845850000004,0.41892845850000004,0.441752551,0.41892845850000004
70200080704,0.456802842,0.610107908,0.464053648,0.464053648,0.464053648,0.464053648,0.4922731165,0.464053648
70200080705,0.459424092,0.6246113600000001,0.4776084735,0.4776084735,0.4776084735,0.4776084735,0.5091544335,0.4776084735
70200080706,0.470384108,0.62915681,0.4949829435,0.4949829435,0.4949829435,0.4949829435,0.525406052,0.4949829435
70200080707,0.399953928,0.549328376,0.386054957,0.386054957,0.386054957,0.386054957,0.42286903899999995,0.386054957
70200080801,0.417304208,0.602505796,0.4404396585,0.4404396585,0.4404396585,0.4404396585,0.47201209750000006,0.4404396585
70200080802,0.17711159,0.347598582,0.1824043303,0.1824043303,0.1824043303,0.1824043303,0.22070924230000002,0.1824043303
70200080803,0.099384957,0.212338542,0.10273338080000001,0.10273338080000001,0.10273338080000001,0.10273338080000001,0.127388903,0.10273338080000001
70200090101,0.584379432,0.546641782,0.5734243915,0.5734243915,0.5734243915,0.5734243915,0.5712417325,0.5734243915
70200090102,0.38482854,0.381208446,0.3843725225,0.3843725225,0.3843725225,0.3843725225,0.3867780055,0.3843725225
70200090103,0.5764349440000001,0.5056653019999999,0.5496593095,0.5496593095,0.5496593095,0.5496593095,0.550275771,0.5496593095
70200090104,0.5658245479999999,0.540357292,0.5425559974999999,0.5425559974999999,0.5425559974999999,0.5425559974999999,0.5372108415000001,0.5425559974999999
70200090201,0.5577321980000001,0.609054048,0.554324001,0.554324001,0.554324001,0.554324001,0.5674234874999999,0.554324001
70200090202,0.541272576,0.641284694,0.5240388945000001,0.5240388945000001,0.5240388945000001,0.5240388945000001,0.5501491355,0.5240388945000001
70200090203,0.499357938,0.5190869840000001,0.48708013450000004,0.48708013450000004,0.48708013450000004,0.48708013450000004,0.49380213700000003,0.48708013450000004
70200090301,0.558324622,0.538073654,0.55167002,0.55167002,0.55167002,0.55167002,0.5448087085,0.55167002
70200090302,0.5186515359999999,0.57215788,0.5296636355000001,0.5296636355000001,0.5296636355000001,0.5296636355000001,0.5299868675,0.5296636355000001
70200090303,0.58478326,0.58163813,0.5589483475,0.5589483475,0.5589483475,0.5589483475,0.5596573385,0.5589483475
70200090401,0.539927286,0.5993325119999999,0.544039373,0.544039373,0.544039373,0.544039373,0.549271467,0.544039373
70200090402,0.6046010940000001,0.647932654,0.58290501,0.58290501,0.58290501,0.58290501,0.5923467565,0.58290501
70200090403,0.586594378,0.630057094,0.559614659,0.559614659,0.559614659,0.559614659,0.5718959605,0.559614659
70200090404,0.5192768699999999,0.567767512,0.49599200200000004,0.49599200200000004,0.49599200200000004,0.49599200200000004,0.510482235,0.49599200200000004
70200090501,0.648542256,0.6809187019999999,0.6072632904999999,0.6072632904999999,0.6072632904999999,0.6072632904999999,0.622508258,0.6072632904999999
70200090502,0.606056856,0.604828526,0.5652657160000001,0.5652657160000001,0.5652657160000001,0.5652657160000001,0.5828159695,0.5652657160000001
70200090503,0.36036957000000003,0.40227605200000005,0.325114334,0.325114334,0.325114334,0.325114334,0.3434035875,0.325114334
70200090504,0.55115995,0.592310362,0.5094184315,0.5094184315,0.5094184315,0.5094184315,0.5219569789999999,0.5094184315
70200090505,0.399077628,0.44254289799999996,0.366039421,0.366039421,0.366039421,0.366039421,0.3786842805,0.366039421
70200090506,0.602764954,0.654153136,0.584735802,0.584735802,0.584735802,0.584735802,0.6028789745,0.584735802
70200090507,0.488999924,0.560643748,0.466704229,0.466704229,0.466704229,0.466704229,0.488532034,0.466704229
70200090601,0.408118756,0.544342324,0.3943123565,0.3943123565,0.3943123565,0.3943123565,0.426761294,0.3943123565
70200090602,0.4456282,0.545054882,0.43844124149999997,0.43844124149999997,0.43844124149999997,0.43844124149999997,0.4621001045,0.43844124149999997
70200090603,0.4174346,0.511753556,0.41072421449999996,0.41072421449999996,0.41072421449999996,0.41072421449999996,0.4315385895,0.41072421449999996
70200090604,0.50648236,0.559763518,0.4887056445,0.4887056445,0.4887056445,0.4887056445,0.504566744,0.4887056445
70200090701,0.548307724,0.653365832,0.540433804,0.540433804,0.540433804,0.540433804,0.563890832,0.540433804
70200090702,0.41189949,0.51470376,0.4005260055,0.4005260055,0.4005260055,0.4005260055,0.423108227,0.4005260055
70200090703,0.493028262,0.592435128,0.48191486799999994,0.48191486799999994,0.48191486799999994,0.48191486799999994,0.5025190245,0.48191486799999994
70200090704,0.460124476,0.514767892,0.4308420495,0.4308420495,0.4308420495,0.4308420495,0.4452362045,0.4308420495
70200090801,0.586139302,0.662983928,0.5740222955000001,0.5740222955000001,0.5740222955000001,0.5740222955000001,0.5943593939999999,0.5740222955000001
70200090802,0.5761903399999999,0.682912674,0.5749065329999999,0.5749065329999999,0.5749065329999999,0.5749065329999999,0.6022257074999999,0.5749065329999999
70200090803,0.322823978,0.422874864,0.30332367050000003,0.30332367050000003,0.30332367050000003,0.30332367050000003,0.3323706765,0.30332367050000003
70200090901,0.516257586,0.587755414,0.483633842,0.483633842,0.483633842,0.483633842,0.5075164945,0.483633842
70200090902,0.551375572,0.6667112000000001,0.547663164,0.547663164,0.547663164,0.547663164,0.5832085105,0.547663164
70200090903,0.419611382,0.511381378,0.402930576,0.402930576,0.402930576,0.402930576,0.42044532349999997,0.402930576
70200090904,0.5327414420000001,0.59783206,0.5068089729999999,0.5068089729999999,0.5068089729999999,0.5068089729999999,0.5209939215,0.5068089729999999
70200090905,0.459820834,0.5505492999999999,0.43775817699999997,0.43775817699999997,0.43775817699999997,0.43775817699999997,0.460461801,0.43775817699999997
70200090906,0.6243405660000001,0.694805238,0.606898098,0.606898098,0.606898098,0.606898098,0.622935268,0.606898098
70200090907,0.417595426,0.478384392,0.38467177599999997,0.38467177599999997,0.38467177599999997,0.38467177599999997,0.4044309245,0.38467177599999997
70200091001,0.598272762,0.6756949600000001,0.561790434,0.561790434,0.561790434,0.561790434,0.5847793665000001,0.561790434
70200091002,0.643635088,0.7090063320000001,0.6092868815,0.6092868815,0.6092868815,0.6092868815,0.626061164,0.6092868815
70200091003,0.623612052,0.6957381920000001,0.5927349195,0.5927349195,0.5927349195,0.5927349195,0.610728322,0.5927349195
70200091004,0.422678522,0.50529276,0.3833357745,0.3833357745,0.3833357745,0.3833357745,0.40815601500000004,0.3833357745
70200091101,0.148641295,0.204731686,0.13185291665,0.13185291665,0.13185291665,0.13185291665,0.1471536046,0.13185291665
70200091102,0.16060486200000001,0.23068508599999998,0.1473589925,0.1473589925,0.1473589925,0.1473589925,0.1668457455,0.1473589925
70200091103,0.0594776318,0.05784214080000001,0.051374932299999995,0.051374932299999995,0.051374932299999995,0.051374932299999995,0.05155263435,0.051374932299999995
70200100101,0.378492382,0.503114358,0.353236177,0.353236177,0.353236177,0.353236177,0.3910336015,0.353236177
70200100102,0.44556736199999997,0.484260368,0.39348656049999997,0.39348656049999997,0.39348656049999997,0.39348656049999997,0.408540769,0.39348656049999997
70200100103,0.460421676,0.594774688,0.43213924649999996,0.43213924649999996,0.43213924649999996,0.43213924649999996,0.473092352,0.43213924649999996
70200100104,0.42469692400000003,0.564901766,0.414206233,0.414206233,0.414206233,0.414206233,0.446988426,0.414206233
70200100105,0.35479880599999997,0.508554816,0.3530911075,0.3530911075,0.3530911075,0.3530911075,0.389476249,0.3530911075
70200100201,0.44291352800000006,0.579964702,0.4281791815,0.4281791815,0.4281791815,0.4281791815,0.4668959025,0.4281791815
70200100202,0.316349732,0.487309198,0.30088183,0.30088183,0.30088183,0.30088183,0.3461731545,0.30088183
70200100203,0.183547096,0.26681751,0.1718434495,0.1718434495,0.1718434495,0.1718434495,0.1928278325,0.1718434495
70200100301,0.459570482,0.599769148,0.4579300835,0.4579300835,0.4579300835,0.4579300835,0.4889808575,0.4579300835
70200100302,0.395354874,0.555451824,0.397725118,0.397725118,0.397725118,0.397725118,0.43373964000000004,0.397725118
70200100303,0.361883316,0.534294222,0.3780098445,0.3780098445,0.3780098445,0.3780098445,0.410380491,0.3780098445
70200100304,0.293529068,0.445923274,0.2963114505,0.2963114505,0.2963114505,0.2963114505,0.32900345400000003,0.2963114505
70200100401,0.4234471,0.5449691839999999,0.400483971,0.400483971,0.400483971,0.400483971,0.43381607200000005,0.400483971
70200100402,0.5392114379999999,0.611801252,0.5012994465,0.5012994465,0.5012994465,0.5012994465,0.523304702,0.5012994465
70200100403,0.577626948,0.662896708,0.551620819,0.551620819,0.551620819,0.551620819,0.572191851,0.551620819
70200100404,0.422807186,0.538788394,0.39731862749999997,0.39731862749999997,0.39731862749999997,0.39731862749999997,0.42357009650000005,0.39731862749999997
70200100405,0.38775344,0.536432016,0.3872881025,0.3872881025,0.3872881025,0.3872881025,0.4186595435,0.3872881025
70200100406,0.290074246,0.43800239,0.279855849,0.279855849,0.279855849,0.279855849,0.3161091135,0.279855849
70200100501,0.61871292,0.690101556,0.590107337,0.590107337,0.590107337,0.590107337,0.6071551465,0.590107337
70200100502,0.5407041319999999,0.630590548,0.513025549,0.513025549,0.513025549,0.513025549,0.536711368,0.513025549
70200100503,0.29100393599999996,0.37116693599999995,0.266152502,0.266152502,0.266152502,0.266152502,0.2858115475,0.266152502
70200100504,0.589206992,0.68092469,0.5583423064999999,0.5583423064999999,0.5583423064999999,0.5583423064999999,0.5807695185,0.5583423064999999
70200100505,0.562547088,0.6771533319999999,0.5394753919999999,0.5394753919999999,0.5394753919999999,0.5394753919999999,0.565503361,0.5394753919999999
70200100506,0.466968242,0.616605042,0.45579638899999997,0.45579638899999997,0.45579638899999997,0.45579638899999997,0.4880570525,0.45579638899999997
70200100507,0.39976934000000003,0.501031546,0.366281172,0.366281172,0.366281172,0.366281172,0.3907894115,0.366281172
70200100601,0.346806208,0.5021195940000001,0.32772962699999997,0.32772962699999997,0.32772962699999997,0.32772962699999997,0.36619194850000003,0.32772962699999997
70200100602,0.14816102,0.256867932,0.1422086715,0.1422086715,0.1422086715,0.1422086715,0.1681766203,0.1422086715
70200100603,0.392982604,0.538095194,0.372915409,0.372915409,0.372915409,0.372915409,0.40636447349999993,0.372915409
70200100604,0.249341684,0.365830862,0.2361695395,0.2361695395,0.2361695395,0.2361695395,0.267018719,0.2361695395
70200100605,0.556936392,0.670133816,0.5216283715000001,0.5216283715000001,0.5216283715000001,0.5216283715000001,0.555129458,0.5216283715000001
70200100606,0.224672444,0.34429153,0.20785759375,0.20785759375,0.20785759375,0.20785759375,0.24038753625,0.20785759375
70200110101,0.443674574,0.541899936,0.434606626,0.434606626,0.434606626,0.434606626,0.4623725165,0.434606626
70200110102,0.610896322,0.672973776,0.587215075,0.587215075,0.587215075,0.587215075,0.6103218535,0.587215075
70200110103,0.439208154,0.5422287920000001,0.4213855055,0.4213855055,0.4213855055,0.4213855055,0.4488851315,0.4213855055
70200110104,0.37409521999999995,0.50643891,0.373454034,0.373454034,0.373454034,0.373454034,0.4075723235,0.373454034
70200110105,0.576753436,0.705657968,0.575406682,0.575406682,0.575406682,0.575406682,0.6152262884999999,0.575406682
70200110106,0.370985998,0.51560593,0.3626272235,0.3626272235,0.3626272235,0.3626272235,0.40119175399999996,0.3626272235
70200110201,0.337051808,0.444732904,0.32107552899999997,0.32107552899999997,0.32107552899999997,0.32107552899999997,0.355154609,0.32107552899999997
70200110202,0.520095198,0.6246466820000001,0.5013963695,0.5013963695,0.5013963695,0.5013963695,0.5319446085,0.5013963695
70200110203,0.489496396,0.60453978,0.481445161,0.481445161,0.481445161,0.481445161,0.5165017709999999,0.481445161
70200110204,0.31545419199999997,0.428865216,0.2998536895,0.2998536895,0.2998536895,0.2998536895,0.332487891,0.2998536895
70200110301,0.56830422,0.6361622259999999,0.5588643280000001,0.5588643280000001,0.5588643280000001,0.5588643280000001,0.5837099485,0.5588643280000001
70200110302,0.506522232,0.567971064,0.479952485,0.479952485,0.479952485,0.479952485,0.500513195,0.479952485
70200110303,0.438194286,0.51056632,0.40906441950000005,0.40906441950000005,0.40906441950000005,0.40906441950000005,0.4366233835,0.40906441950000005
70200110304,0.40649644399999996,0.490101242,0.368485555,0.368485555,0.368485555,0.368485555,0.398079062,0.368485555
70200110305,0.23827307599999997,0.345967666,0.21963141825000002,0.21963141825000002,0.21963141825000002,0.21963141825000002,0.25064867125,0.21963141825000002
70200110401,0.6076429799999999,0.6830071280000001,0.591577704,0.591577704,0.591577704,0.591577704,0.6159740069999999,0.591577704
70200110402,0.323633694,0.363314592,0.2967500615,0.2967500615,0.2967500615,0.2967500615,0.31220792199999997,0.2967500615
70200110403,0.403483778,0.466595596,0.3737444665,0.3737444665,0.3737444665,0.3737444665,0.393239983,0.3737444665
70200110501,0.595683638,0.6213375259999999,0.558205845,0.558205845,0.558205845,0.558205845,0.575763892,0.558205845
70200110502,0.6683206079999999,0.6986259419999999,0.6316955049999999,0.6316955049999999,0.6316955049999999,0.6316955049999999,0.651147764,0.6316955049999999
70200110503,0.662557076,0.656286432,0.627112159,0.627112159,0.627112159,0.627112159,0.640491672,0.627112159
70200110504,0.5698155220000001,0.644990144,0.5512587405,0.5512587405,0.5512587405,0.5512587405,0.5798111345,0.5512587405
70200110505,0.6163625159999999,0.699214806,0.6006449455,0.6006449455,0.6006449455,0.6006449455,0.6305828680000001,0.6006449455
70200110506,0.340094632,0.393924368,0.314314322,0.314314322,0.314314322,0.314314322,0.333597698,0.314314322
70200110507,0.468357346,0.548456754,0.42885096100000003,0.42885096100000003,0.42885096100000003,0.42885096100000003,0.463572718,0.42885096100000003
70200110508,0.545857872,0.55023101,0.49885905700000005,0.49885905700000005,0.49885905700000005,0.49885905700000005,0.5155803170000001,0.49885905700000005
70200110509,0.172933213,0.259140994,0.15740327625,0.15740327625,0.15740327625,0.15740327625,0.18204497925000002,0.15740327625
70200110601,0.331689802,0.513976938,0.337930279,0.337930279,0.337930279,0.337930279,0.3856827735,0.337930279
70200110602,0.12256112599999999,0.221499558,0.12174276484999999,0.12174276484999999,0.12174276484999999,0.12174276484999999,0.14556348835,0.12174276484999999
70200110603,0.454970652,0.6071219080000001,0.4418811625,0.4418811625,0.4418811625,0.4418811625,0.48074399,0.4418811625
70200110604,0.40995393399999996,0.564304548,0.39204052300000003,0.39204052300000003,0.39204052300000003,0.39204052300000003,0.43313929600000006,0.39204052300000003
70200110605,0.137198726,0.25100683999999995,0.1371454875,0.1371454875,0.1371454875,0.1371454875,0.16488075600000002,0.1371454875
70200110606,0.147200296,0.262454796,0.1494071282,0.1494071282,0.1494071282,0.1494071282,0.1785797187,0.1494071282
70200110607,0.14584068,0.259354394,0.14821939205,0.14821939205,0.14821939205,0.14821939205,0.17792154805,0.14821939205
70200120101,0.205359788,0.3186428,0.2127943115,0.2127943115,0.2127943115,0.2127943115,0.23820569649999998,0.2127943115
70200120102,0.24933922800000002,0.331896696,0.2519381865,0.2519381865,0.2519381865,0.2519381865,0.27214269550000003,0.2519381865
70200120103,0.156515852,0.228094004,0.164998501,0.164998501,0.164998501,0.164998501,0.18090150700000002,0.164998501
70200120104,0.08596435,0.1462010132,0.09388446565,0.09388446565,0.09388446565,0.09388446565,0.10702561925000001,0.09388446565
70200120201,0.419576368,0.56117503,0.42441931549999995,0.42441931549999995,0.42441931549999995,0.42441931549999995,0.451979268,0.42441931549999995
70200120202,0.46280518,0.616906426,0.485023388,0.485023388,0.485023388,0.485023388,0.505573488,0.485023388
70200120203,0.452348178,0.582445686,0.4654630265,0.4654630265,0.4654630265,0.4654630265,0.4932462125,0.4654630265
70200120204,0.399844892,0.5036086479999999,0.401912685,0.401912685,0.401912685,0.401912685,0.4214049495,0.401912685
70200120301,0.4686948839999999,0.6584709099999999,0.48152592800000005,0.48152592800000005,0.48152592800000005,0.48152592800000005,0.522526355,0.48152592800000005
70200120302,0.5077931760000001,0.675642102,0.5249483555000001,0.5249483555000001,0.5249483555000001,0.5249483555000001,0.559475085,0.5249483555000001
70200120303,0.329296726,0.45537650799999996,0.332019885,0.332019885,0.332019885,0.332019885,0.3626184415,0.332019885
70200120304,0.545357364,0.709874584,0.5513770475,0.5513770475,0.5513770475,0.5513770475,0.5886556515,0.5513770475
70200120305,0.531601006,0.7281472339999999,0.551415722,0.551415722,0.551415722,0.551415722,0.5928996575000001,0.551415722
70200120306,0.389726408,0.55532326,0.41123167150000006,0.41123167150000006,0.41123167150000006,0.41123167150000006,0.4490174745,0.41123167150000006
70200120401,0.45169494599999993,0.618904698,0.469897939,0.469897939,0.469897939,0.469897939,0.5019493859999999,0.469897939
70200120402,0.48254752199999995,0.631160022,0.496192144,0.496192144,0.496192144,0.496192144,0.5274481515,0.496192144
70200120403,0.1658909112,0.243445774,0.16701375329999998,0.16701375329999998,0.16701375329999998,0.16701375329999998,0.18587270179999998,0.16701375329999998
70200120501,0.37737878,0.525804106,0.389203577,0.389203577,0.389203577,0.389203577,0.42478909849999996,0.389203577
70200120502,0.0376354352,0.0699685154,0.0407747455,0.0407747455,0.0407747455,0.0407747455,0.04765157605,0.0407747455
70200120503,0.0354114366,0.0432082818,0.037006769700000004,0.037006769700000004,0.037006769700000004,0.037006769700000004,0.0385756542,0.037006769700000004
70200120601,0.480573304,0.647504512,0.4712165165,0.4712165165,0.4712165165,0.4712165165,0.504959495,0.4712165165
70200120602,0.50524315,0.65507876,0.515723559,0.515723559,0.515723559,0.515723559,0.543777329,0.515723559
70200120603,0.32130929999999996,0.43797872,0.3193268815,0.3193268815,0.3193268815,0.3193268815,0.3405473475,0.3193268815
70200120604,0.269869702,0.287855076,0.24861585550000004,0.24861585550000004,0.24861585550000004,0.24861585550000004,0.246118367,0.24861585550000004
70200120605,0.1935633052,0.20365208800000004,0.180841642,0.180841642,0.180841642,0.180841642,0.1817669823,0.180841642
70200120606,0.252509844,0.274905138,0.237522956,0.237522956,0.237522956,0.237522956,0.242944748,0.237522956
70200120607,0.139841262,0.142464145,0.1367655625,0.1367655625,0.1367655625,0.1367655625,0.1382445805,0.1367655625
70200120608,0.43425229200000004,0.52257668,0.43831078649999994,0.43831078649999994,0.43831078649999994,0.43831078649999994,0.45593062799999995,0.43831078649999994
70200120609,0.177767102,0.22656233600000003,0.18386757,0.18386757,0.18386757,0.18386757,0.196911149,0.18386757
70200120701,0.18333332900000002,0.187549996,0.18282138325,0.18282138325,0.18282138325,0.18282138325,0.18363719245000001,0.18282138325
70200120702,0.1921634,0.23997515200000002,0.20697204249999998,0.20697204249999998,0.20697204249999998,0.20697204249999998,0.216990076,0.20697204249999998
70200120703,0.397472632,0.454052862,0.4064078865,0.4064078865,0.4064078865,0.4064078865,0.4177340055,0.4064078865
70200120704,0.1823471692,0.283932286,0.2030352868,0.2030352868,0.2030352868,0.2030352868,0.2246187463,0.2030352868
70200120801,0.1072487424,0.159375034,0.1146607127,0.1146607127,0.1146607127,0.1146607127,0.12837702950000002,0.1146607127
70200120802,0.12346317300000001,0.198665154,0.1232531864,0.1232531864,0.1232531864,0.1232531864,0.14038347069999998,0.1232531864
70200120803,0.168821228,0.265439682,0.179842924,0.179842924,0.179842924,0.179842924,0.2002397325,0.179842924
70200120804,0.267480928,0.383248128,0.27571622749999997,0.27571622749999997,0.27571622749999997,0.27571622749999997,0.305789315,0.27571622749999997
70200120805,0.101096662,0.12741943579999998,0.09635399554999999,0.09635399554999999,0.09635399554999999,0.09635399554999999,0.10254905754999999,0.09635399554999999
70200120806,0.0817523852,0.1109346634,0.08184558975,0.08184558975,0.08184558975,0.08184558975,0.08851988029999999,0.08184558975
70200120807,0.078759049,0.1029342778,0.07967256945,0.07967256945,0.07967256945,0.07967256945,0.08500459565,0.07967256945
70200120901,0.06262648779999999,0.08968164520000001,0.0661441786,0.0661441786,0.0661441786,0.0661441786,0.07164580314999999,0.0661441786
70200120902,0.029765345600000003,0.037242638,0.032256434300000005,0.032256434300000005,0.032256434300000005,0.032256434300000005,0.0336659553,0.032256434300000005
70200121001,0.12689227919999999,0.177814738,0.13155921765,0.13155921765,0.13155921765,0.13155921765,0.14187417165,0.13155921765
70200121002,0.0641984072,0.07718299619999999,0.0631803046,0.0631803046,0.0631803046,0.0631803046,0.06591612890000001,0.0631803046
70200121003,0.102222035,0.166176558,0.10082770225,0.10082770225,0.10082770225,0.10082770225,0.11391513895000001,0.10082770225
70200121004,0.093514296,0.21782378800000002,0.11552856345,0.11552856345,0.11552856345,0.11552856345,0.14313271965,0.11552856345
70200121101,0.144586196,0.20164065400000003,0.162173866,0.162173866,0.162173866,0.162173866,0.17337543525000002,0.162173866
70200121102,0.06658993360000001,0.063190426,0.0600910987,0.0600910987,0.0600910987,0.0600910987,0.0586079272,0.0600910987
70200121103,0.053197514599999995,0.059439025,0.052429567749999996,0.052429567749999996,0.052429567749999996,0.052429567749999996,0.05378565965,0.052429567749999996
70200121104,0.105590806,0.116983524,0.0981064763,0.0981064763,0.0981064763,0.0981064763,0.10077301629999999,0.0981064763
70200121105,0.0802943198,0.139288408,0.0826129684,0.0826129684,0.0826129684,0.0826129684,0.0955017524,0.0826129684
70200121106,0.0362950402,0.040397731199999995,0.036367978349999996,0.036367978349999996,0.036367978349999996,0.036367978349999996,0.037134205399999995,0.036367978349999996
70200121107,0.073550135,0.10497560319999999,0.07579797795,0.07579797795,0.07579797795,0.07579797795,0.0824482694,0.07579797795
70200121108,0.108743196,0.119370846,0.10102425244999999,0.10102425244999999,0.10102425244999999,0.10102425244999999,0.10354617895,0.10102425244999999
70200121109,0.0841496908,0.108201692,0.0858177624,0.0858177624,0.0858177624,0.0858177624,0.09141226115,0.0858177624
70200121110,0.074657608,0.08947724,0.07531157485,0.07531157485,0.07531157485,0.07531157485,0.07873860185,0.07531157485
70300010101,0.034388377799999995,0.0368431762,0.0346587665,0.0346587665,0.0346587665,0.0346587665,0.03493718195,0.0346587665
70300010102,0.0781685716,0.070969205,0.07151415615,0.07151415615,0.07151415615,0.07151415615,0.0691023023,0.07151415615
70300010103,0.045667844199999995,0.0433514074,0.0433613745,0.0433613745,0.0433613745,0.0433613745,0.042291551649999995,0.0433613745
70300010104,0.017999632600000003,0.021708703200000002,0.0185314122,0.0185314122,0.0185314122,0.0185314122,0.0192495461,0.0185314122
70300010105,0.0440440236,0.0503568848,0.04435863635,0.04435863635,0.04435863635,0.04435863635,0.0454812724,0.04435863635
70300010106,0.043849837399999994,0.039838017,0.04215986685,0.04215986685,0.04215986685,0.04215986685,0.040694649449999995,0.04215986685
70300010107,0.021879327599999998,0.025057167199999997,0.0225253027,0.0225253027,0.0225253027,0.0225253027,0.02300248425,0.0225253027
70300010201,0.009842324599999999,0.012961544799999999,0.0102097765,0.0102097765,0.0102097765,0.0102097765,0.010887422375,0.0102097765
70300010202,0.0085465089,0.011431667199999999,0.009430824775,0.009430824775,0.009430824775,0.009430824775,0.010053925549999999,0.009430824775
70300010203,0.0081439849,0.0119803198,0.008858210029999999,0.008858210029999999,0.008858210029999999,0.008858210029999999,0.009718072755,0.008858210029999999
70300010204,0.012333482199999999,0.021004489799999998,0.0148702219,0.0148702219,0.0148702219,0.0148702219,0.0168089669,0.0148702219
70300010205,0.0082549105,0.0115239949,0.00894524236,0.00894524236,0.00894524236,0.00894524236,0.009654818360000001,0.00894524236
70300010206,0.0140520862,0.0198858028,0.015543717325000001,0.015543717325000001,0.015543717325000001,0.015543717325000001,0.016779942775,0.015543717325000001
70300010301,0.009374559000000001,0.0109699658,0.0097179947,0.0097179947,0.0097179947,0.0097179947,0.010061309899999999,0.0097179947
70300010302,0.0093882914,0.011176555000000001,0.00975368106,0.00975368106,0.00975368106,0.00975368106,0.01013234701,0.00975368106
70300010303,0.0088625191,0.0106999276,0.00927359141,0.00927359141,0.00927359141,0.00927359141,0.009651095935,0.00927359141
70300010401,0.039782353199999995,0.0522382276,0.03873635905,0.03873635905,0.03873635905,0.03873635905,0.0405313602,0.03873635905
70300010402,0.030511339999999998,0.039795207,0.032614520999999994,0.032614520999999994,0.032614520999999994,0.032614520999999994,0.0341233849,0.032614520999999994
70300010403,0.0495681682,0.0605654046,0.051401534699999994,0.051401534699999994,0.051401534699999994,0.051401534699999994,0.052849674199999995,0.051401534699999994
70300010404,0.024836245,0.0312275864,0.028512123900000002,0.028512123900000002,0.028512123900000002,0.028512123900000002,0.0293722274,0.028512123900000002
70300010405,0.0368694268,0.058173388400000005,0.0399156002,0.0399156002,0.0399156002,0.0399156002,0.04398290915,0.0399156002
70300010501,0.0154829565,0.0175687024,0.0157264925,0.0157264925,0.0157264925,0.0157264925,0.015980442424999998,0.0157264925
70300010502,0.0194390702,0.0189952132,0.01891155715,0.01891155715,0.01891155715,0.01891155715,0.018608493900000002,0.01891155715
70300010503,0.015967076599999998,0.0176108024,0.01605749665,0.01605749665,0.01605749665,0.01605749665,0.0162946998,0.01605749665
70300010504,0.0370618908,0.0462390234,0.03855799425,0.03855799425,0.03855799425,0.03855799425,0.04043175685,0.03855799425
70300010505,0.0224991862,0.025866852000000003,0.02338162755,0.02338162755,0.02338162755,0.02338162755,0.02392132705,0.02338162755
70300010506,0.0223121452,0.0262647136,0.023140888800000002,0.023140888800000002,0.023140888800000002,0.023140888800000002,0.0238477422,0.023140888800000002
70300010601,0.008561368599999999,0.009365952600000001,0.008832884275,0.008832884275,0.008832884275,0.008832884275,0.009022236795000001,0.008832884275
70300010602,0.00786619866,0.008818192499999999,0.0080973811,0.0080973811,0.0080973811,0.0080973811,0.008306647875,0.0080973811
70300010603,0.00790724774,0.0089126372,0.00806404748,0.00806404748,0.00806404748,0.00806404748,0.008286822295,0.00806404748
70300010604,0.0083988882,0.0095510923,0.008611957615,0.008611957615,0.008611957615,0.008611957615,0.008852162865,0.008611957615
70300010605,0.0074860864,0.010460241200000001,0.008168640635,0.008168640635,0.008168640635,0.008168640635,0.008826636685,0.008168640635
70300010701,0.0090530166,0.0095529984,0.009409722125,0.009409722125,0.009409722125,0.009409722125,0.00948941,0.009409722125
70300010702,0.0121581016,0.0135588426,0.012597245400000002,0.012597245400000002,0.012597245400000002,0.012597245400000002,0.012891274599999999,0.012597245400000002
70300010703,0.0122617591,0.014651117799999998,0.012693058975,0.012693058975,0.012693058975,0.012693058975,0.013186582925,0.012693058975
70300010801,0.0359430522,0.043997905999999996,0.0362715621,0.0362715621,0.0362715621,0.0362715621,0.03753254935,0.0362715621
70300010802,0.052688795,0.058155488199999994,0.053533548949999996,0.053533548949999996,0.053533548949999996,0.053533548949999996,0.0538294846,0.053533548949999996
70300010803,0.0252991572,0.026355099599999997,0.0248812876,0.0248812876,0.0248812876,0.0248812876,0.0248292414,0.0248812876
70300010804,0.0583082242,0.0679566986,0.057950406850000004,0.057950406850000004,0.057950406850000004,0.057950406850000004,0.059624627949999995,0.057950406850000004
70300010805,0.014416975599999998,0.0152304458,0.014305543549999999,0.014305543549999999,0.014305543549999999,0.014305543549999999,0.014327997374999998,0.014305543549999999
70300010901,0.0211619504,0.021967873800000003,0.02081650185,0.02081650185,0.02081650185,0.02081650185,0.02086554135,0.02081650185
70300010902,0.033519535,0.0249802108,0.0335093511,0.0335093511,0.0335093511,0.0335093511,0.0311312707,0.0335093511
70300010903,0.024537779,0.030366838200000003,0.024239452249999998,0.024239452249999998,0.024239452249999998,0.024239452249999998,0.02538241005,0.024239452249999998
70300010904,0.0230518434,0.0233322736,0.02272561145,0.02272561145,0.02272561145,0.02272561145,0.02261026185,0.02272561145
70300010905,0.0151953214,0.016886447800000003,0.01548420125,0.01548420125,0.01548420125,0.01548420125,0.015789338950000002,0.01548420125
70300010906,0.0139750802,0.0170823072,0.014804990474999998,0.014804990474999998,0.014804990474999998,0.014804990474999998,0.015423804475,0.014804990474999998
70300011001,0.0100245522,0.011170637399999999,0.01047467825,0.01047467825,0.01047467825,0.01047467825,0.010725043200000001,0.01047467825
70300011002,0.014795481999999999,0.0176871788,0.01550533445,0.01550533445,0.01550533445,0.01550533445,0.016156376899999998,0.01550533445
70300011003,0.012070487199999999,0.0137633944,0.012519267175000001,0.012519267175000001,0.012519267175000001,0.012519267175000001,0.01286967055,0.012519267175000001
70300011004,0.012697554599999999,0.017580179,0.01423337915,0.01423337915,0.01423337915,0.01423337915,0.01535187395,0.01423337915
70300011005,0.0136071891,0.014789918899999999,0.013828494050000001,0.013828494050000001,0.013828494050000001,0.013828494050000001,0.014044620575,0.013828494050000001
70300011101,0.0157991628,0.018383366800000002,0.01638447555,0.01638447555,0.01638447555,0.01638447555,0.016959486099999997,0.01638447555
70300011102,0.0157687398,0.017067960200000003,0.01609053235,0.01609053235,0.01609053235,0.01609053235,0.016375427125,0.01609053235
70300011201,0.0093909816,0.0118469314,0.009997366675,0.009997366675,0.009997366675,0.009997366675,0.0105161187,0.009997366675
70300011202,0.0121208857,0.0168373843,0.013265059000000001,0.013265059000000001,0.013265059000000001,0.013265059000000001,0.01424841785,0.013265059000000001
70300011203,0.0103494035,0.015294080199999999,0.0113213437,0.0113213437,0.0113213437,0.0113213437,0.012421697725,0.0113213437
70300011204,0.013503273300000002,0.015016406800000002,0.013631667575,0.013631667575,0.013631667575,0.013631667575,0.01389695795,0.013631667575
70300011205,0.0096932419,0.0106827851,0.009844760380000001,0.009844760380000001,0.009844760380000001,0.009844760380000001,0.010030587205,0.009844760380000001
70300020101,0.0156348928,0.017888426800000003,0.015756830524999998,0.015756830524999998,0.015756830524999998,0.015756830524999998,0.016185875875,0.015756830524999998
70300020102,0.015609246600000001,0.019241041,0.0159812647,0.0159812647,0.0159812647,0.0159812647,0.01671044485,0.0159812647
70300020103,0.015197492799999998,0.0183706722,0.0156713509,0.0156713509,0.0156713509,0.0156713509,0.01633965465,0.0156713509
70300020104,0.0311701748,0.0383963998,0.031682538999999996,0.031682538999999996,0.031682538999999996,0.031682538999999996,0.033390533449999996,0.031682538999999996
70300020105,0.025664230599999997,0.030659172800000002,0.0259546498,0.0259546498,0.0259546498,0.0259546498,0.02712101245,0.0259546498
70300020106,0.017781036,0.021677095400000002,0.018063740725,0.018063740725,0.018063740725,0.018063740725,0.019028064025,0.018063740725
70300020201,0.0095560424,0.0114610247,0.00985890375,0.00985890375,0.00985890375,0.00985890375,0.01027948735,0.00985890375
70300020202,0.0218874864,0.024839077600000002,0.0228253186,0.0228253186,0.0228253186,0.0228253186,0.02349985205,0.0228253186
70300020203,0.0190975632,0.0257130572,0.02053430365,0.02053430365,0.02053430365,0.02053430365,0.0221224589,0.02053430365
70300020204,0.0230389002,0.0230502642,0.0225003753,0.0225003753,0.0225003753,0.0225003753,0.0222439527,0.0225003753
70300020205,0.0143276718,0.016126168,0.01450813795,0.01450813795,0.01450813795,0.01450813795,0.014745040749999999,0.01450813795
70300020206,0.032876973399999995,0.026503646400000004,0.0324041708,0.0324041708,0.0324041708,0.0324041708,0.03041800245,0.0324041708
70300020207,0.0276940464,0.0318243578,0.0280284046,0.0280284046,0.0280284046,0.0280284046,0.028463867900000002,0.0280284046
70300020301,0.0089097538,0.0114688602,0.009378212015,0.009378212015,0.009378212015,0.009378212015,0.00995079624,0.009378212015
70300020302,0.0128439124,0.0157515515,0.0132101693,0.0132101693,0.0132101693,0.0132101693,0.01388660035,0.0132101693
70300020303,0.0110963598,0.0132340752,0.01130364975,0.01130364975,0.01130364975,0.01130364975,0.0117043792,0.01130364975
70300020304,0.018469289,0.0207719794,0.018567053525,0.018567053525,0.018567053525,0.018567053525,0.018902429875,0.018567053525
70300020305,0.009012552600000001,0.0112016986,0.0093540371,0.0093540371,0.0093540371,0.0093540371,0.009790007350000001,0.0093540371
70300020306,0.0091991526,0.011644905,0.0097108076,0.0097108076,0.0097108076,0.0097108076,0.01021302315,0.0097108076
70300020307,0.022091991,0.027547496799999998,0.0234042721,0.0234042721,0.0234042721,0.0234042721,0.024313735149999998,0.0234042721
70300020308,0.0140955956,0.0166579772,0.014699433849999999,0.014699433849999999,0.014699433849999999,0.014699433849999999,0.0151125096,0.014699433849999999
70300020309,0.040652674,0.0537429284,0.043684659199999996,0.043684659199999996,0.043684659199999996,0.043684659199999996,0.046247042700000005,0.043684659199999996
70300020310,0.0135176302,0.0169032982,0.014439979175000001,0.014439979175000001,0.014439979175000001,0.014439979175000001,0.014979774375,0.014439979175000001
70300020311,0.015907669800000003,0.0221868658,0.0173467813,0.0173467813,0.0173467813,0.0173467813,0.01856886925,0.0173467813
70300020401,0.0122613614,0.014633228600000001,0.012826797249999999,0.012826797249999999,0.012826797249999999,0.012826797249999999,0.0131602058,0.012826797249999999
70300020402,0.016027934,0.017810995000000003,0.016313663,0.016313663,0.016313663,0.016313663,0.016417145325,0.016313663
70300020403,0.0168201512,0.019285584,0.01732204755,0.01732204755,0.01732204755,0.01732204755,0.017584195099999998,0.01732204755
70300020404,0.025011967000000003,0.028994539000000003,0.0257463078,0.0257463078,0.0257463078,0.0257463078,0.026317552350000002,0.0257463078
70300020405,0.0222826044,0.028380255,0.023728125,0.023728125,0.023728125,0.023728125,0.024855229750000003,0.023728125
70300020406,0.0210183038,0.026058991600000005,0.02207582995,0.02207582995,0.02207582995,0.02207582995,0.0229222082,0.02207582995
70300020407,0.016785783800000002,0.018184089199999996,0.017447735425,0.017447735425,0.017447735425,0.017447735425,0.017541587175,0.017447735425
70300030101,0.0097636866,0.0117042566,0.009958685824999999,0.009958685824999999,0.009958685824999999,0.009958685824999999,0.010368852775,0.009958685824999999
70300030102,0.0120192191,0.0140435998,0.012265606699999999,0.012265606699999999,0.012265606699999999,0.012265606699999999,0.01262002085,0.012265606699999999
70300030103,0.0106210158,0.012692336399999999,0.011097669725,0.011097669725,0.011097669725,0.011097669725,0.01139764675,0.011097669725
70300030104,0.0175606498,0.0215238232,0.018136335400000002,0.018136335400000002,0.018136335400000002,0.018136335400000002,0.018859360649999997,0.018136335400000002
70300030105,0.010905811999999999,0.013547820399999999,0.01130145275,0.01130145275,0.01130145275,0.01130145275,0.01178282505,0.01130145275
70300030106,0.014665272500000002,0.0177413752,0.01523189255,0.01523189255,0.01523189255,0.01523189255,0.015789877525000003,0.01523189255
70300030107,0.012670256699999998,0.0149244399,0.013095076350000002,0.013095076350000002,0.013095076350000002,0.013095076350000002,0.0135016755,0.013095076350000002
70300030108,0.0100387802,0.0124530851,0.010504414770000001,0.010504414770000001,0.010504414770000001,0.010504414770000001,0.010958894095000001,0.010504414770000001
70300030109,0.013824993399999999,0.0171731988,0.0144042743,0.0144042743,0.0144042743,0.0144042743,0.015046081050000002,0.0144042743
70300030110,0.0188436446,0.0226967764,0.019551122825,0.019551122825,0.019551122825,0.019551122825,0.020296639525,0.019551122825
70300030201,0.0146217511,0.0171039222,0.014941494775,0.014941494775,0.014941494775,0.014941494775,0.01541815915,0.014941494775
70300030202,0.0113900618,0.013630031,0.011857119325,0.011857119325,0.011857119325,0.011857119325,0.012282838975,0.011857119325
70300030203,0.0215471262,0.025167402999999998,0.022215757750000002,0.022215757750000002,0.022215757750000002,0.022215757750000002,0.0228960593,0.022215757750000002
70300030204,0.012794977199999998,0.014896775400000001,0.01312997905,0.01312997905,0.01312997905,0.01312997905,0.0135298161,0.01312997905
70300030205,0.0285121236,0.0342066072,0.029729497900000002,0.029729497900000002,0.029729497900000002,0.029729497900000002,0.03086143835,0.029729497900000002
70300030301,0.0106914944,0.0123020892,0.010866238125,0.010866238125,0.010866238125,0.010866238125,0.011229206575000001,0.010866238125
70300030302,0.014477673799999998,0.016479022399999998,0.014963336575,0.014963336575,0.014963336575,0.014963336575,0.015387579174999999,0.014963336575
70300030303,0.0182173058,0.0218233808,0.0193559552,0.0193559552,0.0193559552,0.0193559552,0.020088829750000002,0.0193559552
70300030401,0.0152163608,0.017561331399999998,0.015387569374999998,0.015387569374999998,0.015387569374999998,0.015387569374999998,0.015835841524999998,0.015387569374999998
70300030402,0.0162448476,0.018779061,0.01641300325,0.01641300325,0.01641300325,0.01641300325,0.01693844595,0.01641300325
70300030403,0.014568897,0.016874114399999997,0.01482599635,0.01482599635,0.01482599635,0.01482599635,0.015290166099999999,0.01482599635
70300030404,0.0100807371,0.0124260876,0.010497005725,0.010497005725,0.010497005725,0.010497005725,0.010948794375,0.010497005725
70300030405,0.0148587504,0.0175672108,0.015303249699999999,0.015303249699999999,0.015303249699999999,0.015303249699999999,0.015820211950000003,0.015303249699999999
70300030406,0.0250978402,0.0295881062,0.025542423800000002,0.025542423800000002,0.025542423800000002,0.025542423800000002,0.026473241599999996,0.025542423800000002
70300030501,0.0196287354,0.0225265594,0.01996417325,0.01996417325,0.01996417325,0.01996417325,0.020628185299999997,0.01996417325
70300030502,0.0205001006,0.0232545568,0.0207328777,0.0207328777,0.0207328777,0.0207328777,0.0213416377,0.0207328777
70300030503,0.0243610172,0.0284522142,0.0250334069,0.0250334069,0.0250334069,0.0250334069,0.0260435783,0.0250334069
70300030601,0.023608433800000002,0.027737025399999997,0.024378483,0.024378483,0.024378483,0.024378483,0.025187528549999998,0.024378483
70300030602,0.01795252,0.0205134498,0.018468926650000002,0.018468926650000002,0.018468926650000002,0.018468926650000002,0.01900622305,0.018468926650000002
70300030603,0.0154122768,0.0176267106,0.0157695784,0.0157695784,0.0157695784,0.0157695784,0.01630998085,0.0157695784
70300030604,0.012606177400000002,0.013811516200000002,0.012862024825000002,0.012862024825000002,0.012862024825000002,0.012862024825000002,0.013115804875000001,0.012862024825000002
70300040101,0.0093250107,0.0113868176,0.009631134750000001,0.009631134750000001,0.009631134750000001,0.009631134750000001,0.010006955474999999,0.009631134750000001
70300040102,0.0084356788,0.010128973400000001,0.00861145449,0.00861145449,0.00861145449,0.00861145449,0.00892480449,0.00861145449
70300040103,0.0106892737,0.012635323200000001,0.010924259925,0.010924259925,0.010924259925,0.010924259925,0.011263562224999999,0.010924259925
70300040104,0.0106753864,0.0121419721,0.010679691,0.010679691,0.010679691,0.010679691,0.01091622555,0.010679691
70300040105,0.009214855,0.0106343653,0.009293694565,0.009293694565,0.009293694565,0.009293694565,0.009547607615,0.009293694565
70300040106,0.0099179872,0.011748918799999999,0.0100740502,0.0100740502,0.0100740502,0.0100740502,0.0104112681,0.0100740502
70300040107,0.009953102799999999,0.0113309558,0.00995381373,0.00995381373,0.00995381373,0.00995381373,0.01022082033,0.00995381373
70300040108,0.009173109,0.0106611455,0.009301316665,0.009301316665,0.009301316665,0.009301316665,0.009566954115,0.009301316665
70300040109,0.010605113699999998,0.0119092498,0.010670854050000001,0.010670854050000001,0.010670854050000001,0.010670854050000001,0.010922214874999999,0.010670854050000001
70300040201,0.014630708400000001,0.016293728200000003,0.01464917655,0.01464917655,0.01464917655,0.01464917655,0.014948141925,0.01464917655
70300040202,0.0087087377,0.0098219246,0.0087170172,0.0087170172,0.0087170172,0.0087170172,0.0089393124,0.0087170172
70300040203,0.015068034599999999,0.016915153,0.015103842400000001,0.015103842400000001,0.015103842400000001,0.015103842400000001,0.015481642100000002,0.015103842400000001
70300040204,0.036636,0.0407603128,0.037204765,0.037204765,0.037204765,0.037204765,0.037955811,0.037204765
70300040301,0.00829434634,0.0091922432,0.008404739785,0.008404739785,0.008404739785,0.008404739785,0.008568742,0.008404739785
70300040302,0.0124772858,0.0135344105,0.012664669849999999,0.012664669849999999,0.012664669849999999,0.012664669849999999,0.01286085985,0.012664669849999999
70300040303,0.0419487704,0.0678596508,0.0433407074,0.0433407074,0.0433407074,0.0433407074,0.049223748899999996,0.0433407074
70300040401,0.0085480688,0.009390380200000001,0.008667013854999999,0.008667013854999999,0.008667013854999999,0.008667013854999999,0.008812705455,0.008667013854999999
70300040402,0.0099885974,0.010769581,0.01011667621,0.01011667621,0.01011667621,0.01011667621,0.010244232485000001,0.01011667621
70300040403,0.0363924678,0.0385938726,0.0363678306,0.0363678306,0.0363678306,0.0363678306,0.03686346405,0.0363678306
70300040404,0.0396880962,0.0508727804,0.0440287669,0.0440287669,0.0440287669,0.0440287669,0.04656215725,0.0440287669
70300040501,0.0154313998,0.0175768826,0.01566191375,0.01566191375,0.01566191375,0.01566191375,0.0160854094,0.01566191375
70300040502,0.020031688,0.0226215638,0.0204797414,0.0204797414,0.0204797414,0.0204797414,0.02099792415,0.0204797414
70300040503,0.042072380799999996,0.0461084564,0.0416747503,0.0416747503,0.0416747503,0.0416747503,0.0423703146,0.0416747503
70300040504,0.057561827200000006,0.06868250000000001,0.060980154099999996,0.060980154099999996,0.060980154099999996,0.060980154099999996,0.06334417225,0.060980154099999996
70300040601,0.024603798,0.0273799244,0.024831130899999998,0.024831130899999998,0.024831130899999998,0.024831130899999998,0.0253657947,0.024831130899999998
70300040602,0.0244672514,0.0270035432,0.02503356625,0.02503356625,0.02503356625,0.02503356625,0.0254783263,0.02503356625
70300040603,0.0361991256,0.0395282296,0.036748018,0.036748018,0.036748018,0.036748018,0.037395381299999995,0.036748018
70300040701,0.0252542326,0.027873219999999997,0.025510943850000002,0.025510943850000002,0.025510943850000002,0.025510943850000002,0.02610228945,0.025510943850000002
70300040702,0.0187316366,0.0205037146,0.019031214999999997,0.019031214999999997,0.019031214999999997,0.019031214999999997,0.01937276735,0.019031214999999997
70300040703,0.0420542134,0.045917122,0.04251535235,0.04251535235,0.04251535235,0.04251535235,0.0433017276,0.04251535235
70300040801,0.0407729916,0.0449195896,0.041442828599999995,0.041442828599999995,0.041442828599999995,0.041442828599999995,0.042259611200000005,0.041442828599999995
70300040802,0.032795723799999996,0.0352039898,0.03313401585,0.03313401585,0.03313401585,0.03313401585,0.0337218988,0.03313401585
70300040803,0.048792374,0.0530447376,0.0493029685,0.0493029685,0.0493029685,0.0493029685,0.05016838219999999,0.0493029685
70300040804,0.0259485866,0.030499667600000002,0.02659141795,0.02659141795,0.02659141795,0.02659141795,0.02743470235,0.02659141795
70300050101,0.0374422812,0.0523133326,0.037071856949999996,0.037071856949999996,0.037071856949999996,0.037071856949999996,0.04013127565,0.037071856949999996
70300050102,0.0191679402,0.0206455046,0.0189465913,0.0189465913,0.0189465913,0.0189465913,0.01917336175,0.0189465913
70300050103,0.037064930600000004,0.043519432999999996,0.035083156850000005,0.035083156850000005,0.035083156850000005,0.035083156850000005,0.03636347425,0.035083156850000005
70300050104,0.0208958472,0.023542120399999998,0.0210458834,0.0210458834,0.0210458834,0.0210458834,0.0215443484,0.0210458834
70300050201,0.0139711966,0.0164814678,0.01496216545,0.01496216545,0.01496216545,0.01496216545,0.015453504900000001,0.01496216545
70300050202,0.0736441934,0.0881147122,0.07398034435,0.07398034435,0.07398034435,0.07398034435,0.07717429885,0.07398034435
70300050203,0.042686800600000005,0.0448043296,0.04216268250000001,0.04216268250000001,0.04216268250000001,0.04216268250000001,0.0424189186,0.04216268250000001
70300050204,0.050228919000000004,0.065913544,0.0517411561,0.0517411561,0.0517411561,0.0517411561,0.055148456850000006,0.0517411561
70300050205,0.0294567182,0.0309781746,0.029296102150000003,0.029296102150000003,0.029296102150000003,0.029296102150000003,0.02940826515,0.029296102150000003
70300050206,0.039426145999999995,0.0443524132,0.03981321105,0.03981321105,0.03981321105,0.03981321105,0.04076051865,0.03981321105
70300050207,0.0181961022,0.020805452000000002,0.019112739325,0.019112739325,0.019112739325,0.019112739325,0.019605114675,0.019112739325
70300050301,0.0477264488,0.0455960324,0.0462269268,0.0462269268,0.0462269268,0.0462269268,0.0452456729,0.0462269268
70300050302,0.048723763600000004,0.050629749599999996,0.0481918406,0.0481918406,0.0481918406,0.0481918406,0.04821237495,0.0481918406
70300050303,0.0490179004,0.0514846476,0.050175562699999995,0.050175562699999995,0.050175562699999995,0.050175562699999995,0.05022288225,0.050175562699999995
70300050401,0.0471997022,0.054333509999999995,0.048407340300000004,0.048407340300000004,0.048407340300000004,0.048407340300000004,0.049342124,0.048407340300000004
70300050402,0.058465847800000005,0.0802894096,0.054667102450000005,0.054667102450000005,0.054667102450000005,0.054667102450000005,0.058803101950000006,0.054667102450000005
70300050403,0.036474577,0.041299108200000004,0.0375539515,0.0375539515,0.0375539515,0.0375539515,0.037884142850000004,0.0375539515
70300050404,0.018173597399999998,0.019339388000000002,0.018341151899999998,0.018341151899999998,0.018341151899999998,0.018341151899999998,0.0184082806,0.018341151899999998
70300050405,0.026710945200000002,0.0281699084,0.0267644714,0.0267644714,0.0267644714,0.0267644714,0.026825939,0.0267644714
70300050406,0.0518316502,0.060777871,0.05155661735,0.05155661735,0.05155661735,0.05155661735,0.05316599385,0.05155661735
70300050407,0.0270117074,0.027681573799999998,0.026561716000000003,0.026561716000000003,0.026561716000000003,0.026561716000000003,0.026354005599999997,0.026561716000000003
70300050408,0.0699620428,0.09983303000000002,0.0771418069,0.0771418069,0.0771418069,0.0771418069,0.08325282590000001,0.0771418069
70300050501,0.0367274826,0.038500618400000006,0.0363689552,0.0363689552,0.0363689552,0.0363689552,0.03659039275,0.0363689552
70300050502,0.053487523599999996,0.0651757614,0.05161370494999999,0.05161370494999999,0.05161370494999999,0.05161370494999999,0.0539254707,0.05161370494999999
70300050503,0.0451831994,0.0481742322,0.04448705075,0.04448705075,0.04448705075,0.04448705075,0.0448940958,0.04448705075
70300050504,0.0110263582,0.012654171,0.01145773835,0.01145773835,0.01145773835,0.01145773835,0.0117773958,0.01145773835
70300050505,0.0115768258,0.0122823356,0.011402609975,0.011402609975,0.011402609975,0.011402609975,0.011481619,0.011402609975
70300050601,0.048465821,0.05509276240000001,0.04825655425,0.04825655425,0.04825655425,0.04825655425,0.0494823602,0.04825655425
70300050602,0.015292177,0.0231311836,0.0160968369,0.0160968369,0.0160968369,0.0160968369,0.01788936445,0.0160968369
70300050603,0.0481122102,0.053288773,0.0515460011,0.0515460011,0.0515460011,0.0515460011,0.052741440650000006,0.0515460011
70300050604,0.080019596,0.10003297200000001,0.0909731392,0.0909731392,0.0909731392,0.0909731392,0.09579761145,0.0909731392
70300050605,0.0734942942,0.0653200966,0.0633550795,0.0633550795,0.0633550795,0.0633550795,0.0615389564,0.0633550795
70300050701,0.029366956399999998,0.0344550276,0.02882587445,0.02882587445,0.02882587445,0.02882587445,0.0297206629,0.02882587445
70300050702,0.0318572262,0.0355386694,0.03102856805,0.03102856805,0.03102856805,0.03102856805,0.03182724505,0.03102856805
70300050703,0.0345346558,0.0440382344,0.034667841649999996,0.034667841649999996,0.034667841649999996,0.034667841649999996,0.03683729425,0.034667841649999996
70300050704,0.0236301712,0.025170083,0.02222087965,0.02222087965,0.02222087965,0.02222087965,0.022452751200000003,0.02222087965
70300050705,0.0573630184,0.09545171400000001,0.05664094945,0.05664094945,0.05664094945,0.05664094945,0.0655537811,0.05664094945
70300050706,0.043430512399999996,0.038029662,0.0391281281,0.0391281281,0.0391281281,0.0391281281,0.037622433649999995,0.0391281281
70300050707,0.0647333402,0.059900446399999994,0.05775056465,0.05775056465,0.05775056465,0.05775056465,0.05642702675,0.05775056465
70300050708,0.0532317488,0.0735611428,0.05263386839999999,0.05263386839999999,0.05263386839999999,0.05263386839999999,0.05790977415,0.05263386839999999
70300050801,0.110137134,0.10684387719999999,0.09793676474999999,0.09793676474999999,0.09793676474999999,0.09793676474999999,0.09704246865,0.09793676474999999
70300050802,0.0960469132,0.10547296479999999,0.0892494785,0.0892494785,0.0892494785,0.0892494785,0.0920362549,0.0892494785
70300050803,0.1071264288,0.13485042200000003,0.1040841481,0.1040841481,0.1040841481,0.1040841481,0.111520103,0.1040841481
70300050804,0.0680735436,0.10838900900000001,0.07173824640000001,0.07173824640000001,0.07173824640000001,0.07173824640000001,0.08230140065,0.07173824640000001
70300050805,0.154241108,0.1710411692,0.13931830750000002,0.13931830750000002,0.13931830750000002,0.13931830750000002,0.1448990198,0.13931830750000002
70300050806,0.091636024,0.106458134,0.08554845465,0.08554845465,0.08554845465,0.08554845465,0.08939046715,0.08554845465
70300050807,0.0734259942,0.0885735,0.07292406944999999,0.07292406944999999,0.07292406944999999,0.07292406944999999,0.07687736875,0.07292406944999999
70300050808,0.12145547079999999,0.13534341,0.11443545699999999,0.11443545699999999,0.11443545699999999,0.11443545699999999,0.11863153445,0.11443545699999999
70300050809,0.0984185868,0.16853301599999998,0.12681167145,0.12681167145,0.12681167145,0.12681167145,0.14297409815,0.12681167145
70300050901,0.0455849186,0.0524052352,0.04746018635,0.04746018635,0.04746018635,0.04746018635,0.0488705913,0.04746018635
70300050902,0.0701429756,0.0759984282,0.0704646149,0.0704646149,0.0704646149,0.0704646149,0.0718089311,0.0704646149
70300050903,0.057034465599999994,0.0719568274,0.06386685439999999,0.06386685439999999,0.06386685439999999,0.06386685439999999,0.06680794965,0.06386685439999999
70300050904,0.24621597199999998,0.250998236,0.22219642720000002,0.22219642720000002,0.22219642720000002,0.22219642720000002,0.225633343,0.22219642720000002
70300050905,0.0595268134,0.063873522,0.0606847586,0.0606847586,0.0606847586,0.0606847586,0.061097358850000005,0.0606847586
70300050906,0.09477401560000001,0.06529686900000001,0.0775246128,0.0775246128,0.0775246128,0.0775246128,0.0694092583,0.0775246128
70300050907,0.0767296812,0.0931822092,0.0759763818,0.0759763818,0.0759763818,0.0759763818,0.07879707945,0.0759763818
70300050908,0.1123138628,0.11755715920000001,0.11543700679999999,0.11543700679999999,0.11543700679999999,0.11543700679999999,0.1139801963,0.11543700679999999
70300051001,0.18207842,0.23545971400000001,0.1863859337,0.1863859337,0.1863859337,0.1863859337,0.2001949662,0.1863859337
70300051002,0.279223022,0.281021498,0.2314268833,0.2314268833,0.2314268833,0.2314268833,0.22890771129999998,0.2314268833
70300051003,0.07839245019999999,0.06862791879999999,0.06975316005,0.06975316005,0.06975316005,0.06975316005,0.06733837075,0.06975316005
70300051004,0.1480317208,0.22309375,0.14490486009999998,0.14490486009999998,0.14490486009999998,0.14490486009999998,0.16196606460000001,0.14490486009999998
70300051005,0.16966445800000002,0.22250139080000003,0.19134773524999998,0.19134773524999998,0.19134773524999998,0.19134773524999998,0.20264691375,0.19134773524999998
70300051006,0.225749876,0.259029132,0.224557063,0.224557063,0.224557063,0.224557063,0.2287219115,0.224557063
70300051007,0.199085346,0.24063297,0.19456985,0.19456985,0.19456985,0.19456985,0.202568355,0.19456985
70300051008,0.15260123,0.176023078,0.14400007125,0.14400007125,0.14400007125,0.14400007125,0.14641557275,0.14400007125
70300051101,0.246802632,0.35028761399999997,0.272627977,0.272627977,0.272627977,0.272627977,0.293094874,0.272627977
70300051102,0.274056892,0.37552194,0.2865753385,0.2865753385,0.2865753385,0.2865753385,0.30886457100000003,0.2865753385
70300051103,0.076525974,0.093620647,0.07928174715,0.07928174715,0.07928174715,0.07928174715,0.08249849865,0.07928174715
70300051104,0.20848172599999998,0.24597387999999998,0.20254526199999998,0.20254526199999998,0.20254526199999998,0.20254526199999998,0.20723738799999997,0.20254526199999998
70300051105,0.10963194400000001,0.140956086,0.1299678662,0.1299678662,0.1299678662,0.1299678662,0.13652782479999998,0.1299678662
70300051201,0.154310581,0.172514112,0.165464383,0.165464383,0.165464383,0.165464383,0.16643463875,0.165464383
70300051202,0.236452454,0.22647254600000002,0.18995629155,0.18995629155,0.18995629155,0.18995629155,0.18642314529999998,0.18995629155
70300051203,0.0857309318,0.108121775,0.0866120064,0.0866120064,0.0866120064,0.0866120064,0.09116097884999999,0.0866120064
70300051204,0.110282836,0.23165008119999997,0.1307207005,0.1307207005,0.1307207005,0.1307207005,0.1575181685,0.1307207005
70300051205,0.13871702400000002,0.148965564,0.14235711295,0.14235711295,0.14235711295,0.14235711295,0.1420501987,0.14235711295
70300051206,0.20601590399999997,0.27634839,0.21005278500000002,0.21005278500000002,0.21005278500000002,0.21005278500000002,0.22756613950000001,0.21005278500000002
70400010101,0.1107578472,0.10983215799999999,0.11831860404999998,0.11831860404999998,0.11831860404999998,0.11831860404999998,0.1177194523,0.11831860404999998
70400010102,0.041372796,0.0612999266,0.046039069700000004,0.046039069700000004,0.046039069700000004,0.046039069700000004,0.050549217,0.046039069700000004
70400010201,0.0688746058,0.0952047612,0.0714893448,0.0714893448,0.0714893448,0.0714893448,0.0774557583,0.0714893448
70400010202,0.101651376,0.152926247,0.13822846375,0.13822846375,0.13822846375,0.13822846375,0.14974557775,0.13822846375
70400010203,0.286371258,0.269216782,0.25269779,0.25269779,0.25269779,0.25269779,0.2469036055,0.25269779
70400010204,0.15562657,0.191786812,0.1484864357,0.1484864357,0.1484864357,0.1484864357,0.1567610637,0.1484864357
70400010205,0.162760828,0.217832898,0.166602962,0.166602962,0.166602962,0.166602962,0.1797312915,0.166602962
70400010206,0.252022068,0.26254807599999996,0.2282479882,0.2282479882,0.2282479882,0.2282479882,0.2322184177,0.2282479882
70400010207,0.252935854,0.309369766,0.256489692,0.256489692,0.256489692,0.256489692,0.2766899,0.256489692
70400010208,0.20716899,0.263095946,0.20758468300000002,0.20758468300000002,0.20758468300000002,0.20758468300000002,0.225234015,0.20758468300000002
70400010209,0.148588077,0.1815145,0.15082958915,0.15082958915,0.15082958915,0.15082958915,0.16102732295,0.15082958915
70400010210,0.0350766138,0.041361579800000006,0.036437790399999996,0.036437790399999996,0.036437790399999996,0.036437790399999996,0.037712729449999996,0.036437790399999996
70400010301,0.078120533,0.09741609799999999,0.0834191748,0.0834191748,0.0834191748,0.0834191748,0.08665285745,0.0834191748
70400010302,0.1405277432,0.295517066,0.1706069981,0.1706069981,0.1706069981,0.1706069981,0.2074683571,0.1706069981
70400010303,0.08832764740000001,0.1181810136,0.08159360330000001,0.08159360330000001,0.08159360330000001,0.08159360330000001,0.08760505525,0.08159360330000001
70400010401,0.16488086,0.1524518788,0.1463226005,0.1463226005,0.1463226005,0.1463226005,0.14078127425,0.1463226005
70400010402,0.05682109500000001,0.0484893144,0.053062315449999994,0.053062315449999994,0.053062315449999994,0.053062315449999994,0.04994119595,0.053062315449999994
70400010403,0.029262044600000002,0.042640745800000004,0.03187769185,0.03187769185,0.03187769185,0.03187769185,0.03500926185,0.03187769185
70400010501,0.280077888,0.339889384,0.289809472,0.289809472,0.289809472,0.289809472,0.297528436,0.289809472
70400010502,0.09040709799999999,0.192884458,0.1182444807,0.1182444807,0.1182444807,0.1182444807,0.1412152278,0.1182444807
70400010503,0.17335078200000004,0.279609184,0.18042839875,0.18042839875,0.18042839875,0.18042839875,0.20372165479999998,0.18042839875
70400010504,0.163681138,0.344115578,0.2050406105,0.2050406105,0.2050406105,0.2050406105,0.24697838499999997,0.2050406105
70400010505,0.11355129500000001,0.16357159999999998,0.111867932,0.111867932,0.111867932,0.111867932,0.12263072294999999,0.111867932
70400010506,0.10295091199999999,0.135315902,0.09599026684999999,0.09599026684999999,0.09599026684999999,0.09599026684999999,0.1017554702,0.09599026684999999
70400010507,0.057071080399999995,0.100093728,0.06296522060000001,0.06296522060000001,0.06296522060000001,0.06296522060000001,0.0727022933,0.06296522060000001
70400010601,0.24908229799999998,0.299987162,0.24656221849999999,0.24656221849999999,0.24656221849999999,0.24656221849999999,0.254806133,0.24656221849999999
70400010602,0.0738711836,0.101376544,0.0828062692,0.0828062692,0.0828062692,0.0828062692,0.0872995262,0.0828062692
70400010701,0.138604113,0.18156202700000001,0.1347205891,0.1347205891,0.1347205891,0.1347205891,0.14431305025000002,0.1347205891
70400010702,0.0859741606,0.148825264,0.0919892538,0.0919892538,0.0919892538,0.0919892538,0.10650831105,0.0919892538
70400010703,0.107643988,0.168802902,0.12000651705000001,0.12000651705000001,0.12000651705000001,0.12000651705000001,0.13029656375,0.12000651705000001
70400010704,0.17130544679999998,0.22551950999999998,0.1722590072,0.1722590072,0.1722590072,0.1722590072,0.1823239257,0.1722590072
70400010705,0.13091793200000001,0.1368395632,0.12269021355000001,0.12269021355000001,0.12269021355000001,0.12269021355000001,0.12163324425,0.12269021355000001
70400020101,0.030693718199999998,0.0412571376,0.030657667849999997,0.030657667849999997,0.030657667849999997,0.030657667849999997,0.03301742145,0.030657667849999997
70400020102,0.08827205,0.160201335,0.096587882,0.096587882,0.096587882,0.096587882,0.11252273859999999,0.096587882
70400020103,0.059584052,0.126897342,0.0669132105,0.0669132105,0.0669132105,0.0669132105,0.0814147891,0.0669132105
70400020104,0.07093453699999999,0.142585676,0.07786157355,0.07786157355,0.07786157355,0.07786157355,0.09304858125000001,0.07786157355
70400020105,0.193760172,0.33216617,0.19514028349999998,0.19514028349999998,0.19514028349999998,0.19514028349999998,0.2281188045,0.19514028349999998
70400020106,0.0783078332,0.181187378,0.0921473571,0.0921473571,0.0921473571,0.0921473571,0.11475943505,0.0921473571
70400020107,0.064736903,0.172100182,0.07188926565,0.07188926565,0.07188926565,0.07188926565,0.0967472026,0.07188926565
70400020108,0.047349094999999994,0.0927327812,0.04798380935,0.04798380935,0.04798380935,0.04798380935,0.0583991053,0.04798380935
70400020109,0.1927857572,0.40721031199999996,0.21396667379999998,0.21396667379999998,0.21396667379999998,0.21396667379999998,0.26514715629999996,0.21396667379999998
70400020201,0.089421044,0.136782894,0.0875529303,0.0875529303,0.0875529303,0.0875529303,0.09885683865,0.0875529303
70400020202,0.563903242,0.694808472,0.56104421,0.56104421,0.56104421,0.56104421,0.5971874735,0.56104421
70400020203,0.4620513519999999,0.5956180879999999,0.461956818,0.461956818,0.461956818,0.461956818,0.4999946445,0.461956818
70400020301,0.32183071,0.396405006,0.2899533255,0.2899533255,0.2899533255,0.2899533255,0.3105107115,0.2899533255
70400020302,0.492342076,0.565797342,0.4685188175,0.4685188175,0.4685188175,0.4685188175,0.49504666100000005,0.4685188175
70400020303,0.5583405100000001,0.644328356,0.548110124,0.548110124,0.548110124,0.548110124,0.5774518289999999,0.548110124
70400020304,0.410910304,0.47286995000000004,0.398858377,0.398858377,0.398858377,0.398858377,0.42265431500000006,0.398858377
70400020305,0.33330396999999995,0.432443676,0.3250395225,0.3250395225,0.3250395225,0.3250395225,0.351209008,0.3250395225
70400020306,0.374855296,0.481278278,0.36941100050000003,0.36941100050000003,0.36941100050000003,0.36941100050000003,0.4007225075,0.36941100050000003
70400020307,0.284537022,0.390207696,0.2722151495,0.2722151495,0.2722151495,0.2722151495,0.3010808115,0.2722151495
70400020308,0.36651195200000003,0.422730168,0.3411386095,0.3411386095,0.3411386095,0.3411386095,0.365340905,0.3411386095
70400020309,0.1949886888,0.343014896,0.1970666882,0.1970666882,0.1970666882,0.1970666882,0.2371110977,0.1970666882
70400020310,0.331962248,0.534248662,0.348601995,0.348601995,0.348601995,0.348601995,0.399866428,0.348601995
70400020401,0.047366170400000004,0.073403165,0.0497104469,0.0497104469,0.0497104469,0.0497104469,0.055707367650000006,0.0497104469
70400020402,0.1082374528,0.14103652719999998,0.10622679075000001,0.10622679075000001,0.10622679075000001,0.10622679075000001,0.11595777570000002,0.10622679075000001
70400020403,0.253219672,0.313151806,0.257389382,0.257389382,0.257389382,0.257389382,0.27718665800000003,0.257389382
70400020404,0.2286293868,0.282827006,0.21935102844999999,0.21935102844999999,0.21935102844999999,0.21935102844999999,0.2378653377,0.21935102844999999
70400020501,0.0861026548,0.160626583,0.09206760535,0.09206760535,0.09206760535,0.09206760535,0.10933505335,0.09206760535
70400020502,0.324616126,0.44920971,0.349270619,0.349270619,0.349270619,0.349270619,0.3825213695,0.349270619
70400020503,0.21668931200000002,0.324891228,0.2331504828,0.2331504828,0.2331504828,0.2331504828,0.257232289,0.2331504828
70400020601,0.06154263,0.19183891800000002,0.0743937259,0.0743937259,0.0743937259,0.0743937259,0.104640917,0.0743937259
70400020602,0.09019518339999999,0.21189739,0.0950938123,0.0950938123,0.0950938123,0.0950938123,0.12374778785,0.0950938123
70400020603,0.0650605058,0.109936746,0.06228751095,0.06228751095,0.06228751095,0.06228751095,0.0732326442,0.06228751095
70400020604,0.184983642,0.296828794,0.19259366625000002,0.19259366625000002,0.19259366625000002,0.19259366625000002,0.219221544,0.19259366625000002
70400020605,0.213479178,0.276572478,0.22268555299999998,0.22268555299999998,0.22268555299999998,0.22268555299999998,0.235396354,0.22268555299999998
70400020701,0.305256098,0.400654896,0.309281916,0.309281916,0.309281916,0.309281916,0.340378675,0.309281916
70400020702,0.11967100680000001,0.1508526408,0.117413519,0.117413519,0.117413519,0.117413519,0.1239725508,0.117413519
70400020703,0.0836921412,0.09205131800000001,0.086339707,0.086339707,0.086339707,0.086339707,0.08582260785,0.086339707
70400020801,0.33423557600000003,0.377365396,0.306854325,0.306854325,0.306854325,0.306854325,0.3174907825,0.306854325
70400020802,0.253221448,0.266611026,0.2457013075,0.2457013075,0.2457013075,0.2457013075,0.2441412725,0.2457013075
70400020803,0.148310196,0.1847200988,0.1526163733,0.1526163733,0.1526163733,0.1526163733,0.1581451683,0.1526163733
70400020901,0.266480104,0.32348768,0.2629734025,0.2629734025,0.2629734025,0.2629734025,0.282658299,0.2629734025
70400020902,0.22685840599999998,0.260433894,0.2308036285,0.2308036285,0.2308036285,0.2308036285,0.24761794175000001,0.2308036285
70400020903,0.0869487346,0.103754372,0.09517875345,0.09517875345,0.09517875345,0.09517875345,0.09655842165,0.09517875345
70400020904,0.095712856,0.11693440299999999,0.0947085846,0.0947085846,0.0947085846,0.0947085846,0.0974111299,0.0947085846
70400020905,0.0261114436,0.032330611200000005,0.02843761635,0.02843761635,0.02843761635,0.02843761635,0.02940433215,0.02843761635
70400030101,0.072305858,0.11259268419999999,0.08987992995,0.08987992995,0.08987992995,0.08987992995,0.10033187605,0.08987992995
70400030102,0.069602614,0.0831405296,0.0661822309,0.0661822309,0.0661822309,0.0661822309,0.07008851945,0.0661822309
70400030103,0.108313052,0.1553279292,0.11477809400000001,0.11477809400000001,0.11477809400000001,0.11477809400000001,0.12667799775,0.11477809400000001
70400030104,0.1032693208,0.1318535012,0.10446579195000001,0.10446579195000001,0.10446579195000001,0.10446579195000001,0.11310736939999999,0.10446579195000001
70400030105,0.1234794808,0.14791084,0.12821368075,0.12821368075,0.12821368075,0.12821368075,0.1333432527,0.12821368075
70400030106,0.0834714392,0.1587393848,0.1094380017,0.1094380017,0.1094380017,0.1094380017,0.12805481925,0.1094380017
70400030107,0.0718087624,0.110196989,0.084138045,0.084138045,0.084138045,0.084138045,0.09358923464999999,0.084138045
70400030108,0.07478628940000001,0.1254064,0.09684068814999999,0.09684068814999999,0.09684068814999999,0.09684068814999999,0.10923640745,0.09684068814999999
70400030201,0.0587021024,0.0719762778,0.062307036149999995,0.062307036149999995,0.062307036149999995,0.062307036149999995,0.0653971303,0.062307036149999995
70400030202,0.06676708140000001,0.1093172928,0.08202901900000001,0.08202901900000001,0.08202901900000001,0.08202901900000001,0.09270441755,0.08202901900000001
70400030203,0.0379480096,0.062425148,0.04031005845,0.04031005845,0.04031005845,0.04031005845,0.04601305635,0.04031005845
70400030204,0.030758292,0.031051800600000002,0.032264234749999995,0.032264234749999995,0.032264234749999995,0.032264234749999995,0.032292300499999996,0.032264234749999995
70400030205,0.0237916168,0.028417509,0.0245722663,0.0245722663,0.0245722663,0.0245722663,0.0254816051,0.0245722663
70400030301,0.231304526,0.396854574,0.2721810935,0.2721810935,0.2721810935,0.2721810935,0.310865024,0.2721810935
70400030302,0.23606505000000003,0.365566232,0.26115745,0.26115745,0.26115745,0.26115745,0.289341307,0.26115745
70400030303,0.1725065052,0.259734224,0.18073828,0.18073828,0.18073828,0.18073828,0.20176130099999998,0.18073828
70400030304,0.08316183299999999,0.156778833,0.1045085936,0.1045085936,0.1045085936,0.1045085936,0.12065363615,0.1045085936
70400030305,0.1669238948,0.311698478,0.1835256822,0.1835256822,0.1835256822,0.1835256822,0.2215360632,0.1835256822
70400030306,0.20476242400000003,0.426853804,0.25189578749999997,0.25189578749999997,0.25189578749999997,0.25189578749999997,0.304840692,0.25189578749999997
70400030307,0.0983618538,0.164009046,0.10984155470000001,0.10984155470000001,0.10984155470000001,0.10984155470000001,0.124084733,0.10984155470000001
70400030308,0.0535709388,0.07932646480000001,0.05766863535,0.05766863535,0.05766863535,0.05766863535,0.0636310856,0.05766863535
70400030309,0.0362344288,0.045124046,0.037410487000000006,0.037410487000000006,0.037410487000000006,0.037410487000000006,0.0393970071,0.037410487000000006
70400030310,0.0127421362,0.0149979407,0.0131306632,0.0131306632,0.0131306632,0.0131306632,0.01360199285,0.0131306632
70400030401,0.0500728572,0.1039619628,0.05954747444999999,0.05954747444999999,0.05954747444999999,0.05954747444999999,0.0724838287,0.05954747444999999
70400030402,0.0386212754,0.0661546024,0.0475165891,0.0475165891,0.0475165891,0.0475165891,0.0541583621,0.0475165891
70400030403,0.07263017000000001,0.1127934044,0.07945586639999999,0.07945586639999999,0.07945586639999999,0.07945586639999999,0.0886782129,0.07945586639999999
70400030404,0.0390336888,0.0490913042,0.041972164,0.041972164,0.041972164,0.041972164,0.0443541052,0.041972164
70400030405,0.023838396,0.0292390594,0.02456377755,0.02456377755,0.02456377755,0.02456377755,0.02589456055,0.02456377755
70400030501,0.0627978788,0.12477798120000001,0.06643019445000001,0.06643019445000001,0.06643019445000001,0.06643019445000001,0.08127870499999999,0.06643019445000001
70400030502,0.067729501,0.0872908472,0.0676388534,0.0676388534,0.0676388534,0.0676388534,0.07225401865,0.0676388534
70400030601,0.0243147786,0.030646816799999997,0.0255202681,0.0255202681,0.0255202681,0.0255202681,0.0269782168,0.0255202681
70400030602,0.027865125599999995,0.029829290599999995,0.027754645350000003,0.027754645350000003,0.027754645350000003,0.027754645350000003,0.027940744899999998,0.027754645350000003
70400030603,0.055192640400000006,0.0711631276,0.0548432843,0.0548432843,0.0548432843,0.0548432843,0.058076484,0.0548432843
70400030604,0.0309322516,0.036840596,0.031427421899999995,0.031427421899999995,0.031427421899999995,0.031427421899999995,0.03283717545,0.031427421899999995
70400030605,0.0428086698,0.0529538242,0.0440436021,0.0440436021,0.0440436021,0.0440436021,0.046733587,0.0440436021
70400030606,0.0161280066,0.0220169524,0.016982333975,0.016982333975,0.016982333975,0.016982333975,0.0183632456,0.016982333975
70400030607,0.0291620446,0.0369241562,0.03102553115,0.03102553115,0.03102553115,0.03102553115,0.032612419850000005,0.03102553115
70400030608,0.0291005836,0.05672783420000001,0.031160177849999998,0.031160177849999998,0.031160177849999998,0.031160177849999998,0.03796229155,0.031160177849999998
70400030609,0.024597110999999998,0.0384884294,0.02637110015,0.02637110015,0.02637110015,0.02637110015,0.0295946217,0.02637110015
70400030610,0.0213351382,0.030215478400000002,0.02351697255,0.02351697255,0.02351697255,0.02351697255,0.025594261750000003,0.02351697255
70400040101,0.456072846,0.639583688,0.46824275000000004,0.46824275000000004,0.46824275000000004,0.46824275000000004,0.5128978205,0.46824275000000004
70400040102,0.18915005,0.31122480599999996,0.201792867,0.201792867,0.201792867,0.201792867,0.2322615655,0.201792867
70400040103,0.381688902,0.564651824,0.40873789699999996,0.40873789699999996,0.40873789699999996,0.40873789699999996,0.45291991600000003,0.40873789699999996
70400040104,0.13489727,0.339704466,0.1793813888,0.1793813888,0.1793813888,0.1793813888,0.2279101353,0.1793813888
70400040105,0.26244154599999997,0.374666972,0.2506623855,0.2506623855,0.2506623855,0.2506623855,0.27683038849999997,0.2506623855
70400040106,0.116361216,0.21372992200000002,0.133398967,0.133398967,0.133398967,0.133398967,0.1557801175,0.133398967
70400040107,0.14590450719999998,0.263896976,0.1670731278,0.1670731278,0.1670731278,0.1670731278,0.1913307293,0.1670731278
70400040108,0.0755529692,0.178507704,0.09479822365,0.09479822365,0.09479822365,0.09479822365,0.119421949,0.09479822365
70400040109,0.318041452,0.459962714,0.313279811,0.313279811,0.313279811,0.313279811,0.350588965,0.313279811
70400040110,0.18732622399999999,0.20782810999999998,0.16490916449999998,0.16490916449999998,0.16490916449999998,0.16490916449999998,0.1712688155,0.16490916449999998
70400040201,0.452350222,0.549156322,0.4493543365,0.4493543365,0.4493543365,0.4493543365,0.470857711,0.4493543365
70400040202,0.5719957640000001,0.7290603059999999,0.6002801325,0.6002801325,0.6002801325,0.6002801325,0.6376698665,0.6002801325
70400040203,0.406851838,0.563041042,0.4061523355,0.4061523355,0.4061523355,0.4061523355,0.444824485,0.4061523355
70400040204,0.41971484800000003,0.563620916,0.43759537049999997,0.43759537049999997,0.43759537049999997,0.43759537049999997,0.4704653415,0.43759537049999997
70400040205,0.1291946758,0.182997046,0.13349153865000002,0.13349153865000002,0.13349153865000002,0.13349153865000002,0.14688543465,0.13349153865000002
70400040301,0.578931648,0.6758335520000001,0.583927961,0.583927961,0.583927961,0.583927961,0.6108692425,0.583927961
70400040302,0.586158514,0.674450896,0.5798957760000001,0.5798957760000001,0.5798957760000001,0.5798957760000001,0.6098254025000001,0.5798957760000001
70400040303,0.385289088,0.524784594,0.3784443595,0.3784443595,0.3784443595,0.3784443595,0.4081843085,0.3784443595
70400040304,0.5311615940000001,0.676583758,0.5639962805,0.5639962805,0.5639962805,0.5639962805,0.590063938,0.5639962805
70400040305,0.256827804,0.295757676,0.2483616095,0.2483616095,0.2483616095,0.2483616095,0.2523501535,0.2483616095
70400040306,0.35099269,0.45953097400000004,0.3565233845,0.3565233845,0.3565233845,0.3565233845,0.3809813525,0.3565233845
70400040307,0.138337386,0.274607636,0.1533985055,0.1533985055,0.1533985055,0.1533985055,0.18475374900000002,0.1533985055
70400040401,0.28609263,0.45501761199999996,0.2884674205,0.2884674205,0.2884674205,0.2884674205,0.3349175085,0.2884674205
70400040402,0.349051542,0.46264995400000003,0.3559618585,0.3559618585,0.3559618585,0.3559618585,0.3888221965,0.3559618585
70400040403,0.396622894,0.500244096,0.40202688599999997,0.40202688599999997,0.40202688599999997,0.40202688599999997,0.4231227475,0.40202688599999997
70400040404,0.46529412,0.45364669199999996,0.44437226250000006,0.44437226250000006,0.44437226250000006,0.44437226250000006,0.43589650750000003,0.44437226250000006
70400040405,0.345581504,0.34798513999999997,0.313860044,0.313860044,0.313860044,0.313860044,0.30784855699999997,0.313860044
70400040501,0.33950416,0.49446011400000006,0.36052697450000004,0.36052697450000004,0.36052697450000004,0.36052697450000004,0.3919449775,0.36052697450000004
70400040502,0.116354292,0.1470368552,0.1206509268,0.1206509268,0.1206509268,0.1206509268,0.12879209679999998,0.1206509268
70400040503,0.40209956199999997,0.442041694,0.396468551,0.396468551,0.396468551,0.396468551,0.40662476950000004,0.396468551
70400040504,0.1225837632,0.15152717799999998,0.12537442755,0.12537442755,0.12537442755,0.12537442755,0.1308644463,0.12537442755
70400040505,0.189453013,0.291021278,0.20757036825,0.20757036825,0.20757036825,0.20757036825,0.23104619375,0.20757036825
70400040506,0.136668424,0.193226702,0.147989642,0.147989642,0.147989642,0.147989642,0.16072047650000001,0.147989642
70400040507,0.103856527,0.176908144,0.11221426914999999,0.11221426914999999,0.11221426914999999,0.11221426914999999,0.13005892805,0.11221426914999999
70400040508,0.299374144,0.31846547599999997,0.2946080075,0.2946080075,0.2946080075,0.2946080075,0.299667363,0.2946080075
70400040509,0.325604782,0.35577527,0.31130268,0.31130268,0.31130268,0.31130268,0.3158649745,0.31130268
70400040510,0.1646119552,0.285724656,0.18236594555000002,0.18236594555000002,0.18236594555000002,0.18236594555000002,0.21067333935,0.18236594555000002
70400040511,0.0832505392,0.173232848,0.1038647918,0.1038647918,0.1038647918,0.1038647918,0.1228669304,0.1038647918
70400040512,0.025732233799999997,0.0299597468,0.027319165,0.027319165,0.027319165,0.027319165,0.0280254203,0.027319165
70400050101,0.11306800400000001,0.142482588,0.11955376849999999,0.11955376849999999,0.11955376849999999,0.11955376849999999,0.12789320804999998,0.11955376849999999
70400050102,0.1473494542,0.186399878,0.16299626055,0.16299626055,0.16299626055,0.16299626055,0.17331854875,0.16299626055
70400050103,0.0870493616,0.173612312,0.11527061245,0.11527061245,0.11527061245,0.11527061245,0.13692902555,0.11527061245
70400050201,0.1050188,0.1409925288,0.1167883322,0.1167883322,0.1167883322,0.1167883322,0.1262206515,0.1167883322
70400050202,0.09853733099999999,0.1328729292,0.11202717155,0.11202717155,0.11202717155,0.11202717155,0.12113896875,0.11202717155
70400050203,0.0713690968,0.13669818520000002,0.08959759975,0.08959759975,0.08959759975,0.08959759975,0.10589893225,0.08959759975
70400050204,0.08558328,0.11486254199999998,0.0954275542,0.0954275542,0.0954275542,0.0954275542,0.10221152645,0.0954275542
70400050205,0.0606654402,0.089187251,0.062357623949999996,0.062357623949999996,0.062357623949999996,0.062357623949999996,0.06925270445000001,0.062357623949999996
70400050206,0.055445276200000004,0.122540168,0.06542204145,0.06542204145,0.06542204145,0.06542204145,0.0815994309,0.06542204145
70400050207,0.0868468612,0.1228069292,0.09020160229999999,0.09020160229999999,0.09020160229999999,0.09020160229999999,0.09880672830000001,0.09020160229999999
70400050301,0.09406646919999999,0.203924238,0.1267446147,0.1267446147,0.1267446147,0.1267446147,0.15498226804999998,0.1267446147
70400050302,0.046822503,0.10186027199999999,0.0681687349,0.0681687349,0.0681687349,0.0681687349,0.08153478545000001,0.0681687349
70400050303,0.0722382122,0.1337852182,0.0876966595,0.0876966595,0.0876966595,0.0876966595,0.10231713975000001,0.0876966595
70400050304,0.1473703132,0.19816150999999999,0.1537738328,0.1537738328,0.1537738328,0.1537738328,0.1653067503,0.1537738328
70400050401,0.1124233174,0.140991314,0.13143383705,0.13143383705,0.13143383705,0.13143383705,0.13996568425,0.13143383705
70400050402,0.108199453,0.172409634,0.12482714855000002,0.12482714855000002,0.12482714855000002,0.12482714855000002,0.13993709655,0.12482714855000002
70400050403,0.09557000280000001,0.15686632,0.10994118655,0.10994118655,0.10994118655,0.10994118655,0.1254421694,0.10994118655
70400050404,0.0628419908,0.13945215800000002,0.07409386194999999,0.07409386194999999,0.07409386194999999,0.07409386194999999,0.0923314252,0.07409386194999999
70400050405,0.0420160164,0.071385344,0.04867627545,0.04867627545,0.04867627545,0.04867627545,0.05600034745,0.04867627545
70400050501,0.06702978740000001,0.1132509152,0.06066816775,0.06066816775,0.06066816775,0.06066816775,0.07230955165,0.06066816775
70400050502,0.023235095,0.031746012000000004,0.0243818332,0.0243818332,0.0243818332,0.0243818332,0.026357653199999997,0.0243818332
70400050503,0.039881464,0.0584185664,0.04375894685,0.04375894685,0.04375894685,0.04375894685,0.0480930368,0.04375894685
70400050504,0.026773121599999998,0.037305717,0.02933016545,0.02933016545,0.02933016545,0.02933016545,0.0318322776,0.02933016545
70400060101,0.0175033238,0.029628342800000002,0.020487741900000002,0.020487741900000002,0.020487741900000002,0.020487741900000002,0.02355560295,0.020487741900000002
70400060102,0.0485486052,0.0456914162,0.050570012149999996,0.050570012149999996,0.050570012149999996,0.050570012149999996,0.04984205145,0.050570012149999996
70400060103,0.0342776248,0.0377229054,0.03549099015,0.03549099015,0.03549099015,0.03549099015,0.036660223650000004,0.03549099015
70400060201,0.0314372486,0.0393671098,0.0334482896,0.0334482896,0.0334482896,0.0334482896,0.0349838903,0.0334482896
70400060202,0.0329620164,0.040095456200000004,0.03513404175,0.03513404175,0.03513404175,0.03513404175,0.03651263435,0.03513404175
70400060203,0.025869209999999997,0.033029687399999993,0.027793445700000002,0.027793445700000002,0.027793445700000002,0.027793445700000002,0.029129431150000003,0.027793445700000002
70400060204,0.0452652896,0.059265256200000005,0.04793159005,0.04793159005,0.04793159005,0.04793159005,0.05038130565,0.04793159005
70400060301,0.0438931826,0.0463153466,0.04204591105,0.04204591105,0.04204591105,0.04204591105,0.0419173232,0.04204591105
70400060302,0.0668506786,0.093091114,0.0684582353,0.0684582353,0.0684582353,0.0684582353,0.07338946075,0.0684582353
70400060303,0.042910225,0.060391141800000006,0.0471493833,0.0471493833,0.0471493833,0.0471493833,0.05081017105,0.0471493833
70400060304,0.0496301772,0.0731809266,0.05421578885,0.05421578885,0.05421578885,0.05421578885,0.059182193849999995,0.05421578885
70400060305,0.05136562879999999,0.0858617232,0.054124828199999996,0.054124828199999996,0.054124828199999996,0.054124828199999996,0.062041101099999996,0.054124828199999996
70400060306,0.0498664348,0.1097495826,0.05846442165,0.05846442165,0.05846442165,0.05846442165,0.0720728509,0.05846442165
70400060307,0.036312777000000004,0.056937973200000006,0.03963621045,0.03963621045,0.03963621045,0.03963621045,0.04435826575,0.03963621045
70400060308,0.0430683064,0.068950047,0.0473710653,0.0473710653,0.0473710653,0.0473710653,0.05304919835000001,0.0473710653
70400060309,0.0676572166,0.067926995,0.0553381075,0.0553381075,0.0553381075,0.0553381075,0.05448891285,0.0553381075
70400060310,0.0614894028,0.07004624000000001,0.0598354295,0.0598354295,0.0598354295,0.0598354295,0.06216601035,0.0598354295
70400060401,0.060966084600000005,0.066774762,0.05864206605,0.05864206605,0.05864206605,0.05864206605,0.06010231505,0.05864206605
70400060402,0.0381630916,0.0711538702,0.04414245195,0.04414245195,0.04414245195,0.04414245195,0.05222638465,0.04414245195
70400060403,0.0250004988,0.0306568762,0.0267880422,0.0267880422,0.0267880422,0.0267880422,0.0284016011,0.0267880422
70400060501,0.0309794986,0.051237200999999996,0.03452701915,0.03452701915,0.03452701915,0.03452701915,0.03954322835,0.03452701915
70400060502,0.021538553999999998,0.031232649600000002,0.02412050215,0.02412050215,0.02412050215,0.02412050215,0.02679104955,0.02412050215
70400070101,0.0231059494,0.0279449184,0.02431204755,0.02431204755,0.02431204755,0.02431204755,0.0250471094,0.02431204755
70400070102,0.0210218572,0.0254380914,0.02195833845,0.02195833845,0.02195833845,0.02195833845,0.02266345795,0.02195833845
70400070103,0.0702911202,0.0956430002,0.0745091792,0.0745091792,0.0745091792,0.0745091792,0.07916303975,0.0745091792
70400070104,0.0225898764,0.026740779399999998,0.023458009499999998,0.023458009499999998,0.023458009499999998,0.023458009499999998,0.0241095439,0.023458009499999998
70400070105,0.0145547316,0.0167127288,0.014981295050000001,0.014981295050000001,0.014981295050000001,0.014981295050000001,0.01530429015,0.014981295050000001
70400070106,0.0290309062,0.033776055,0.030025644849999998,0.030025644849999998,0.030025644849999998,0.030025644849999998,0.0307685196,0.030025644849999998
70400070201,0.100172742,0.117775822,0.09495823425000001,0.09495823425000001,0.09495823425000001,0.09495823425000001,0.09749494745000001,0.09495823425000001
70400070202,0.0650981266,0.07237689900000001,0.0651517769,0.0651517769,0.0651517769,0.0651517769,0.06656731354999999,0.0651517769
70400070203,0.0480745564,0.0665030346,0.0524087618,0.0524087618,0.0524087618,0.0524087618,0.056323900149999995,0.0524087618
70400070301,0.0468836596,0.0587133398,0.050317931100000005,0.050317931100000005,0.050317931100000005,0.050317931100000005,0.05236638685,0.050317931100000005
70400070302,0.037909396,0.048355413400000005,0.0410367963,0.0410367963,0.0410367963,0.0410367963,0.042971146700000004,0.0410367963
70400070303,0.0137406043,0.016090995099999998,0.014172121,0.014172121,0.014172121,0.014172121,0.014554743225,0.014172121
70400070304,0.0118217538,0.0142011319,0.012381101425,0.012381101425,0.012381101425,0.012381101425,0.012808945975,0.012381101425
70400070305,0.0540789952,0.063076458,0.0538460898,0.0538460898,0.0538460898,0.0538460898,0.05546635135,0.0538460898
70400070401,0.0741605548,0.09049059200000001,0.07919510415,0.07919510415,0.07919510415,0.07919510415,0.08265402685,0.07919510415
70400070402,0.0976247352,0.09858074619999999,0.096564602,0.096564602,0.096564602,0.096564602,0.09665484415,0.096564602
70400070403,0.1211310396,0.199610868,0.1290044306,0.1290044306,0.1290044306,0.1290044306,0.1481874806,0.1290044306
70400070404,0.1056042698,0.15878674880000002,0.11428420555,0.11428420555,0.11428420555,0.11428420555,0.12742290395,0.11428420555
70400070405,0.055405763,0.08991316120000001,0.05534538744999999,0.05534538744999999,0.05534538744999999,0.05534538744999999,0.06419757244999999,0.05534538744999999
70400070501,0.0414613442,0.050430056,0.041854838049999996,0.041854838049999996,0.041854838049999996,0.041854838049999996,0.0444414497,0.041854838049999996
70400070502,0.0113079399,0.0133632485,0.01156291565,0.01156291565,0.01156291565,0.01156291565,0.012107918450000001,0.01156291565
70400070503,0.013069811,0.0129267714,0.012931358775000002,0.012931358775000002,0.012931358775000002,0.012931358775000002,0.012980162324999999,0.012931358775000002
70400070601,0.0119287014,0.013227596599999999,0.012179996525,0.012179996525,0.012179996525,0.012179996525,0.012499377475,0.012179996525
70400070602,0.013296838,0.0134878726,0.013607267449999998,0.013607267449999998,0.013607267449999998,0.013607267449999998,0.01365912765,0.013607267449999998
70400070603,0.0118243211,0.013455051,0.012172282475,0.012172282475,0.012172282475,0.012172282475,0.012602160675000001,0.012172282475
70400070604,0.0093827228,0.010603797500000001,0.009745346155,0.009745346155,0.009745346155,0.009745346155,0.010066852505,0.009745346155
70400070605,0.0096831133,0.012445701,0.010381223105,0.010381223105,0.010381223105,0.010381223105,0.01110650163,0.010381223105
70400070606,0.0086700048,0.0090725816,0.0087930491,0.0087930491,0.0087930491,0.0087930491,0.008920596375000001,0.0087930491
70400070607,0.0151560044,0.0158631854,0.0151699572,0.0151699572,0.0151699572,0.0151699572,0.015446353,0.0151699572
70400070608,0.0119167367,0.009652395099999999,0.01138002476,0.01138002476,0.01138002476,0.01138002476,0.01087683821,0.01138002476
70400070701,0.011330124,0.013730753299999999,0.012396199600000001,0.012396199600000001,0.012396199600000001,0.012396199600000001,0.013030889649999999,0.012396199600000001
70400070702,0.011308128,0.0128813969,0.0118657196,0.0118657196,0.0118657196,0.0118657196,0.0123063033,0.0118657196
70400070703,0.015880775399999998,0.013905114899999998,0.01536638995,0.01536638995,0.01536638995,0.01536638995,0.01493800465,0.01536638995
70400070801,0.031496396999999995,0.044519182000000004,0.03579188975,0.03579188975,0.03579188975,0.03579188975,0.039058537500000004,0.03579188975
70400070802,0.1097268348,0.144289592,0.11482555700000001,0.11482555700000001,0.11482555700000001,0.11482555700000001,0.1236851505,0.11482555700000001
70400070803,0.0308547436,0.0378883816,0.032348405749999996,0.032348405749999996,0.032348405749999996,0.032348405749999996,0.0342409524,0.032348405749999996
70400070901,0.0772481504,0.1198203978,0.09495299755,0.09495299755,0.09495299755,0.09495299755,0.10556284739999999,0.09495299755
70400070902,0.0760336028,0.1236410252,0.0925392477,0.0925392477,0.0925392477,0.0925392477,0.104309074,0.0925392477
70400070903,0.1042120052,0.129092451,0.11268229199999999,0.11268229199999999,0.11268229199999999,0.11268229199999999,0.11922401155,0.11268229199999999
70400070904,0.040730405399999996,0.0431265568,0.04272975045,0.04272975045,0.04272975045,0.04272975045,0.0435392967,0.04272975045
70400070905,0.0275927368,0.029408201000000002,0.0281181469,0.0281181469,0.0281181469,0.0281181469,0.02880789525,0.0281181469
70400070906,0.021293087199999998,0.0248332578,0.02123516215,0.02123516215,0.02123516215,0.02123516215,0.0223763365,0.02123516215
70400071001,0.0158335916,0.0166974492,0.015933572525000002,0.015933572525000002,0.015933572525000002,0.015933572525000002,0.016069952775,0.015933572525000002
70400071002,0.015447297700000001,0.0197582298,0.01665008085,0.01665008085,0.01665008085,0.01665008085,0.017524335525,0.01665008085
70400071003,0.07109124879999999,0.118472395,0.07699514724999999,0.07699514724999999,0.07699514724999999,0.07699514724999999,0.08800143704999999,0.07699514724999999
70400071004,0.044662642399999994,0.0731353398,0.04720054195,0.04720054195,0.04720054195,0.04720054195,0.0540274491,0.04720054195
70400071005,0.018227951200000002,0.020698299,0.018905506250000002,0.018905506250000002,0.018905506250000002,0.018905506250000002,0.01932437095,0.018905506250000002
70400071006,0.014108931,0.0160727903,0.014766684024999999,0.014766684024999999,0.014766684024999999,0.014766684024999999,0.015181949325,0.014766684024999999
70400071007,0.023045526599999998,0.039500231799999994,0.027267257849999997,0.027267257849999997,0.027267257849999997,0.027267257849999997,0.0309884114,0.027267257849999997
70400071008,0.0599335854,0.1087804192,0.07628183320000001,0.07628183320000001,0.07628183320000001,0.07628183320000001,0.08753960415,0.07628183320000001
70400071101,0.0449546054,0.048322036400000004,0.056811529000000006,0.056811529000000006,0.056811529000000006,0.056811529000000006,0.057409022750000004,0.056811529000000006
70400071102,0.0565705914,0.0912073568,0.061734030100000004,0.061734030100000004,0.061734030100000004,0.061734030100000004,0.07007086544999999,0.061734030100000004
70400071103,0.0532692108,0.0666809786,0.0540457038,0.0540457038,0.0540457038,0.0540457038,0.05712503405,0.0540457038
70400071104,0.052024668600000004,0.092655641,0.06270979715,0.06270979715,0.06270979715,0.06270979715,0.07254828015,0.06270979715
70400071201,0.0406500928,0.05773748720000001,0.05123252674999999,0.05123252674999999,0.05123252674999999,0.05123252674999999,0.054511839949999995,0.05123252674999999
70400071202,0.046499735,0.048372624200000006,0.0470894545,0.0470894545,0.0470894545,0.0470894545,0.0470471181,0.0470894545
70400071203,0.08650963619999999,0.15128813800000002,0.09595924354999999,0.09595924354999999,0.09595924354999999,0.09595924354999999,0.11069209085000001,0.09595924354999999
70400071204,0.0344530256,0.033457276800000005,0.0340325664,0.0340325664,0.0340325664,0.0340325664,0.033489029,0.0340325664
70400071205,0.059753643599999996,0.10115862319999999,0.0629202124,0.0629202124,0.0629202124,0.0629202124,0.0725444344,0.0629202124
70400071206,0.0339453224,0.053786489199999996,0.04827473845,0.04827473845,0.04827473845,0.04827473845,0.0527309735,0.04827473845
70400071207,0.046021230999999996,0.0593064722,0.04896223045,0.04896223045,0.04896223045,0.04896223045,0.0522035806,0.04896223045
70400071208,0.0248895108,0.0291972784,0.026283223900000003,0.026283223900000003,0.026283223900000003,0.026283223900000003,0.027361935999999996,0.026283223900000003
70400071209,0.0215121934,0.0325429706,0.02411749845,0.02411749845,0.02411749845,0.02411749845,0.026971435449999998,0.02411749845
70400080101,0.48004167600000003,0.71240691,0.569224768,0.569224768,0.569224768,0.569224768,0.601908608,0.569224768
70400080102,0.54617657,0.741681658,0.6136172225000001,0.6136172225000001,0.6136172225000001,0.6136172225000001,0.644410311,0.6136172225000001
70400080103,0.585604766,0.703291522,0.640683436,0.640683436,0.640683436,0.640683436,0.658595885,0.640683436
70400080104,0.330188922,0.44381757200000005,0.3576512895,0.3576512895,0.3576512895,0.3576512895,0.387338985,0.3576512895
70400080105,0.488095808,0.662403332,0.5469953355,0.5469953355,0.5469953355,0.5469953355,0.5794170765,0.5469953355
70400080106,0.2057163992,0.37533018,0.2498536313,0.2498536313,0.2498536313,0.2498536313,0.2843365793,0.2498536313
70400080107,0.188471654,0.335961054,0.22271230050000002,0.22271230050000002,0.22271230050000002,0.22271230050000002,0.2534709175,0.22271230050000002
70400080108,0.08130158800000001,0.15242041,0.1031065139,0.1031065139,0.1031065139,0.1031065139,0.11882966260000001,0.1031065139
70400080201,0.616816528,0.760668304,0.6577134585,0.6577134585,0.6577134585,0.6577134585,0.680721702,0.6577134585
70400080202,0.59358793,0.698236258,0.610625212,0.610625212,0.610625212,0.610625212,0.6337218795,0.610625212
70400080203,0.282268996,0.562129914,0.397338745,0.397338745,0.397338745,0.397338745,0.44159786600000006,0.397338745
70400080204,0.356703406,0.49076302800000005,0.37098099700000003,0.37098099700000003,0.37098099700000003,0.37098099700000003,0.3949870995,0.37098099700000003
70400080205,0.233839776,0.334228884,0.2751376215,0.2751376215,0.2751376215,0.2751376215,0.2901988475,0.2751376215
70400080206,0.409167858,0.537746108,0.443634624,0.443634624,0.443634624,0.443634624,0.47381752749999995,0.443634624
70400080207,0.12993991,0.386357006,0.202980203,0.202980203,0.202980203,0.202980203,0.255218108,0.202980203
70400080208,0.126610804,0.19511262599999998,0.14654804100000002,0.14654804100000002,0.14654804100000002,0.14654804100000002,0.15797436975,0.14654804100000002
70400080301,0.252369352,0.381045326,0.32655703599999997,0.32655703599999997,0.32655703599999997,0.32655703599999997,0.3394881495,0.32655703599999997
70400080302,0.206480708,0.30033917,0.23190535699999998,0.23190535699999998,0.23190535699999998,0.23190535699999998,0.2511216885,0.23190535699999998
70400080303,0.20813790299999999,0.28796363999999997,0.21240345675,0.21240345675,0.21240345675,0.21240345675,0.22605131825,0.21240345675
70400080304,0.229033808,0.33303716,0.266835094,0.266835094,0.266835094,0.266835094,0.2822996625,0.266835094
70400080305,0.081267544,0.12026611000000001,0.0940319118,0.0940319118,0.0940319118,0.0940319118,0.09953316555,0.0940319118
70400080401,0.481723998,0.582050272,0.507412729,0.507412729,0.507412729,0.507412729,0.5318229385000001,0.507412729
70400080402,0.17993383999999998,0.28913793600000004,0.22927044749999997,0.22927044749999997,0.22927044749999997,0.22927044749999997,0.2504518885,0.22927044749999997
70400080403,0.232092154,0.445222384,0.306899537,0.306899537,0.306899537,0.306899537,0.34480528499999996,0.306899537
70400080404,0.170342602,0.384855582,0.261449655,0.261449655,0.261449655,0.261449655,0.294193807,0.261449655
70400080405,0.1195093102,0.17096323,0.14625444255,0.14625444255,0.14625444255,0.14625444255,0.15204490705,0.14625444255
70400080406,0.250357428,0.394510722,0.312836558,0.312836558,0.312836558,0.312836558,0.3332312075,0.312836558
70400080407,0.233035198,0.323552132,0.268806677,0.268806677,0.268806677,0.268806677,0.2859367695,0.268806677
70400080408,0.22383685,0.33450614599999995,0.27936215799999997,0.27936215799999997,0.27936215799999997,0.27936215799999997,0.2929348745,0.27936215799999997
70400080409,0.10965525279999999,0.21158842399999997,0.160219464,0.160219464,0.160219464,0.160219464,0.1830776667,0.160219464
70400080410,0.07937999300000001,0.10828969879999999,0.07327748035000001,0.07327748035000001,0.07327748035000001,0.07327748035000001,0.07841980675,0.07327748035000001
70400080501,0.22197038400000002,0.377956806,0.2604146725,0.2604146725,0.2604146725,0.2604146725,0.298265841,0.2604146725
70400080502,0.100437256,0.23468063899999997,0.1176393501,0.1176393501,0.1176393501,0.1176393501,0.14821857160000002,0.1176393501
70400080503,0.1240741608,0.21841589199999997,0.14114019049999998,0.14114019049999998,0.14114019049999998,0.14114019049999998,0.1600963535,0.14114019049999998
70400080504,0.0586578744,0.0999180808,0.0587760251,0.0587760251,0.0587760251,0.0587760251,0.0671147687,0.0587760251
70400080601,0.0715453536,0.11611499300000001,0.07186461865,0.07186461865,0.07186461865,0.07186461865,0.0817401472,0.07186461865
70400080602,0.038501286600000004,0.057434474,0.045765632099999995,0.045765632099999995,0.045765632099999995,0.045765632099999995,0.0498752645,0.045765632099999995
70400080701,0.084255633,0.106069602,0.08788536995,0.08788536995,0.08788536995,0.08788536995,0.09253114139999999,0.08788536995
70400080702,0.06589047179999999,0.08328614679999999,0.07502745135,0.07502745135,0.07502745135,0.07502745135,0.07761315365,0.07502745135
70400080703,0.037787214599999994,0.0544633238,0.043659267,0.043659267,0.043659267,0.043659267,0.04726433465,0.043659267
70400080801,0.21415325400000002,0.362471924,0.2537587855,0.2537587855,0.2537587855,0.2537587855,0.286930262,0.2537587855
70400080802,0.23970498199999998,0.403033134,0.28551478,0.28551478,0.28551478,0.28551478,0.3192839205,0.28551478
70400080803,0.11500400399999999,0.15443665680000002,0.12567506925,0.12567506925,0.12567506925,0.12567506925,0.13302174275,0.12567506925
70400080804,0.1408864832,0.283804858,0.17058551054999999,0.17058551054999999,0.17058551054999999,0.17058551054999999,0.20208262729999998,0.17058551054999999
70400080805,0.11513435400000001,0.196604285,0.126794281,0.126794281,0.126794281,0.126794281,0.1459139505,0.126794281
70400080806,0.0742966192,0.0759992968,0.07218870475,0.07218870475,0.07218870475,0.07218870475,0.0721028679,0.07218870475
70400080901,0.0325073964,0.0425773666,0.0348551186,0.0348551186,0.0348551186,0.0348551186,0.03716995545,0.0348551186
70400080902,0.0485755318,0.055129581000000004,0.05665423309999999,0.05665423309999999,0.05665423309999999,0.05665423309999999,0.05785085945,0.05665423309999999
70400080903,0.0323274308,0.0435395196,0.0355029551,0.0355029551,0.0355029551,0.0355029551,0.03823592745,0.0355029551
70400080904,0.0212117564,0.0230061612,0.0212959648,0.0212959648,0.0212959648,0.0212959648,0.0218021493,0.0212959648
70500010101,0.0107752534,0.0115457904,0.010566313249999999,0.010566313249999999,0.010566313249999999,0.010566313249999999,0.010707121175,0.010566313249999999
70500010102,0.014388657599999998,0.0160165919,0.01421465915,0.01421465915,0.01421465915,0.01421465915,0.01450026475,0.01421465915
70500010103,0.0115385362,0.013461877799999999,0.01154944885,0.01154944885,0.01154944885,0.01154944885,0.0119356207,0.01154944885
70500010104,0.011876054399999999,0.014064517399999999,0.0119954998,0.0119954998,0.0119954998,0.0119954998,0.012448684599999999,0.0119954998
70500010105,0.010345846799999999,0.011632133499999999,0.0102203051,0.0102203051,0.0102203051,0.0102203051,0.0105083342,0.0102203051
70500010106,0.0148247827,0.0167635794,0.014566501649999999,0.014566501649999999,0.014566501649999999,0.014566501649999999,0.014980483075,0.014566501649999999
70500010107,0.0160378766,0.0170396994,0.015574413200000001,0.015574413200000001,0.015574413200000001,0.015574413200000001,0.0157618356,0.015574413200000001
70500010108,0.0096023123,0.011123123799999999,0.00950497179,0.00950497179,0.00950497179,0.00950497179,0.009857174465,0.00950497179
70500010109,0.013141180399999999,0.0154276582,0.012706773800000001,0.012706773800000001,0.012706773800000001,0.012706773800000001,0.01324500475,0.012706773800000001
70500010201,0.0094201613,0.0119559026,0.0097753336,0.0097753336,0.0097753336,0.0097753336,0.0103929778,0.0097753336
70500010202,0.009573521900000001,0.0114307614,0.009602421114999999,0.009602421114999999,0.009602421114999999,0.009602421114999999,0.01004887064,0.009602421114999999
70500010203,0.010845057,0.012810551600000001,0.010911517700000001,0.010911517700000001,0.010911517700000001,0.010911517700000001,0.011382334,0.010911517700000001
70500010204,0.0156946851,0.0180581898,0.015652555800000002,0.015652555800000002,0.015652555800000002,0.015652555800000002,0.016263247924999998,0.015652555800000002
70500010205,0.0132774604,0.015314454199999999,0.013417124050000001,0.013417124050000001,0.013417124050000001,0.013417124050000001,0.01392512265,0.013417124050000001
70500010206,0.0134734835,0.015804637599999997,0.0136414896,0.0136414896,0.0136414896,0.0136414896,0.014192943925000001,0.0136414896
70500010207,0.0125355952,0.0138971502,0.012460066375,0.012460066375,0.012460066375,0.012460066375,0.012795726600000001,0.012460066375
70500010208,0.011574003900000001,0.0117348321,0.0116016966,0.0116016966,0.0116016966,0.0116016966,0.011636969799999999,0.0116016966
70500010209,0.0099799811,0.0111231301,0.0097593132,0.0097593132,0.0097593132,0.0097593132,0.010025035675,0.0097593132
70500010210,0.009731227200000001,0.0110312298,0.009679182405,0.009679182405,0.009679182405,0.009679182405,0.00998724003,0.009679182405
70500010211,0.0113987936,0.0131623682,0.01129707335,0.01129707335,0.01129707335,0.01129707335,0.01170547795,0.01129707335
70500010212,0.0115329984,0.0131882574,0.01130794035,0.01130794035,0.01130794035,0.01130794035,0.0116834911,0.01130794035
70500010213,0.0108140758,0.012976952,0.010818922324999999,0.010818922324999999,0.010818922324999999,0.010818922324999999,0.011324341574999999,0.010818922324999999
70500010301,0.0126646543,0.014462656600000002,0.0126348016,0.0126348016,0.0126348016,0.0126348016,0.013068062575,0.0126348016
70500010302,0.037360266999999996,0.044095011,0.03752205295,0.03752205295,0.03752205295,0.03752205295,0.0391120632,0.03752205295
70500010303,0.0185126392,0.021395456400000002,0.01843323945,0.01843323945,0.01843323945,0.01843323945,0.01909468835,0.01843323945
70500010304,0.023108985999999998,0.027152949,0.02307751115,0.02307751115,0.02307751115,0.02307751115,0.02406131135,0.02307751115
70500010305,0.0118791351,0.012804300199999999,0.0114506835,0.0114506835,0.0114506835,0.0114506835,0.011666637524999999,0.0114506835
70500010306,0.00813275402,0.0104965533,0.00866455941,0.00866455941,0.00866455941,0.00866455941,0.009252667855,0.00866455941
70500010307,0.030199069000000002,0.0363340688,0.030267123899999998,0.030267123899999998,0.030267123899999998,0.030267123899999998,0.0316713178,0.030267123899999998
70500010401,0.0604945668,0.07352029060000001,0.0604813578,0.0604813578,0.0604813578,0.0604813578,0.06364844305,0.0604813578
70500010402,0.0424697266,0.047685869400000004,0.0426422023,0.0426422023,0.0426422023,0.0426422023,0.04388072495,0.0426422023
70500010403,0.0297314256,0.0426314926,0.0321787749,0.0321787749,0.0321787749,0.0321787749,0.0352823163,0.0321787749
70500010404,0.0636880048,0.07413709360000001,0.0650716373,0.0650716373,0.0650716373,0.0650716373,0.06745760385,0.0650716373
70500010405,0.0162403346,0.017937668,0.016261191525000003,0.016261191525000003,0.016261191525000003,0.016261191525000003,0.016707937225,0.016261191525000003
70500010406,0.014689873,0.016272626000000002,0.014642431449999998,0.014642431449999998,0.014642431449999998,0.014642431449999998,0.015036365799999998,0.014642431449999998
70500010407,0.013428949400000001,0.0156690814,0.013717141175,0.013717141175,0.013717141175,0.013717141175,0.01423076985,0.013717141175
70500010501,0.010366442,0.012134370799999999,0.010565135724999999,0.010565135724999999,0.010565135724999999,0.010565135724999999,0.010975884475,0.010565135724999999
70500010502,0.0098309648,0.0110019721,0.0096873989,0.0096873989,0.0096873989,0.0096873989,0.00995473555,0.0096873989
70500010503,0.014101603199999998,0.0158060363,0.013999036675000001,0.013999036675000001,0.013999036675000001,0.013999036675000001,0.014392122475,0.013999036675000001
70500010504,0.0112403439,0.0132910628,0.01151737915,0.01151737915,0.01151737915,0.01151737915,0.011944233525,0.01151737915
70500010505,0.0120277935,0.014171123599999998,0.01248501825,0.01248501825,0.01248501825,0.01248501825,0.0129636944,0.01248501825
70500010506,0.0083907982,0.0096914284,0.008499508440000001,0.008499508440000001,0.008499508440000001,0.008499508440000001,0.00877452779,0.008499508440000001
70500010507,0.0178377262,0.0159661558,0.016246052875,0.016246052875,0.016246052875,0.016246052875,0.015741762475,0.016246052875
70500010508,0.0149483026,0.0164958196,0.0150001518,0.0150001518,0.0150001518,0.0150001518,0.015362131749999999,0.0150001518
70500010509,0.02217027,0.025254037400000002,0.022517896449999998,0.022517896449999998,0.022517896449999998,0.022517896449999998,0.023189784499999998,0.022517896449999998
70500010601,0.011878541400000001,0.0109110105,0.011235905925000001,0.011235905925000001,0.011235905925000001,0.011235905925000001,0.01096347815,0.011235905925000001
70500010602,0.00867424246,0.0093142638,0.008674236825,0.008674236825,0.008674236825,0.008674236825,0.00880026926,0.008674236825
70500010603,0.00789188174,0.0093251791,0.008113381775000001,0.008113381775000001,0.008113381775000001,0.008113381775000001,0.008438980215,0.008113381775000001
70500010604,0.008347982200000001,0.0090612526,0.008360825335,0.008360825335,0.008360825335,0.008360825335,0.00852792938,0.008360825335
70500010605,0.0092576818,0.0103488761,0.00929581267,0.00929581267,0.00929581267,0.00929581267,0.00952770202,0.00929581267
70500010606,0.0125425446,0.0138742496,0.01248262965,0.01248262965,0.01248262965,0.01248262965,0.012659345525,0.01248262965
70500010607,0.014069923600000001,0.015306367800000002,0.014161295975000002,0.014161295975000002,0.014161295975000002,0.014161295975000002,0.014387974025,0.014161295975000002
70500010701,0.0222673348,0.0239793892,0.0207090111,0.0207090111,0.0207090111,0.0207090111,0.02093031115,0.0207090111
70500010702,0.026748944000000004,0.0248935176,0.02436239075,0.02436239075,0.02436239075,0.02436239075,0.0237790356,0.02436239075
70500010703,0.021613878800000003,0.0243060348,0.02209732295,0.02209732295,0.02209732295,0.02209732295,0.02249250455,0.02209732295
70500010704,0.0189904726,0.021929162,0.01921800855,0.01921800855,0.01921800855,0.01921800855,0.0197425455,0.01921800855
70500010801,0.028701077800000002,0.0317143436,0.02870502395,0.02870502395,0.02870502395,0.02870502395,0.029532810050000004,0.02870502395
70500010802,0.0161994836,0.0181965822,0.016230964349999998,0.016230964349999998,0.016230964349999998,0.016230964349999998,0.01661474085,0.016230964349999998
70500010901,0.0214477034,0.024588017400000002,0.022070519,0.022070519,0.022070519,0.022070519,0.022575688599999998,0.022070519
70500010902,0.013936385400000001,0.015897889800000002,0.01420949695,0.01420949695,0.01420949695,0.01420949695,0.014558945649999998,0.01420949695
70500010903,0.0086987696,0.0101921558,0.0089019145,0.0089019145,0.0089019145,0.0089019145,0.009204438550000001,0.0089019145
70500010904,0.0176724298,0.0203353854,0.0182566191,0.0182566191,0.0182566191,0.0182566191,0.0186818237,0.0182566191
70500020101,0.023107106999999998,0.0251048516,0.02283232465,0.02283232465,0.02283232465,0.02283232465,0.023422520750000002,0.02283232465
70500020102,0.013067728800000001,0.014578287,0.013077718799999999,0.013077718799999999,0.013077718799999999,0.013077718799999999,0.013510477774999998,0.013077718799999999
70500020103,0.0177366116,0.019587512,0.017805548125,0.017805548125,0.017805548125,0.017805548125,0.018239758575,0.017805548125
70500020104,0.0211995628,0.0234782414,0.02112085525,0.02112085525,0.02112085525,0.02112085525,0.021673843749999998,0.02112085525
70500020105,0.026418887800000002,0.028405302200000003,0.026776182599999997,0.026776182599999997,0.026776182599999997,0.026776182599999997,0.027435492900000004,0.026776182599999997
70500020106,0.017932203,0.020059983,0.018188367,0.018188367,0.018188367,0.018188367,0.0187429718,0.018188367
70500020107,0.0203085272,0.021593751,0.020126313925,0.020126313925,0.020126313925,0.020126313925,0.020277800175,0.020126313925
70500020108,0.0107119931,0.0136802854,0.010835008075,0.010835008075,0.010835008075,0.010835008075,0.01152859155,0.010835008075
70500020201,0.0331048874,0.038441517,0.0332926576,0.0332926576,0.0332926576,0.0332926576,0.03479366815,0.0332926576
70500020202,0.0244237468,0.0287163188,0.024823145100000003,0.024823145100000003,0.024823145100000003,0.024823145100000003,0.0258936935,0.024823145100000003
70500020203,0.0154267622,0.0194724576,0.015557133349999999,0.015557133349999999,0.015557133349999999,0.015557133349999999,0.0165119688,0.015557133349999999
70500020204,0.0105882695,0.0132166946,0.01060957205,0.01060957205,0.01060957205,0.01060957205,0.011246890625,0.01060957205
70500020301,0.0125173063,0.014475734200000001,0.0124636492,0.0124636492,0.0124636492,0.0124636492,0.012915383624999999,0.0124636492
70500020302,0.0159975048,0.0181781226,0.01604581115,0.01604581115,0.01604581115,0.01604581115,0.0165181963,0.01604581115
70500020303,0.012642348000000001,0.012984751499999999,0.0120247739,0.0120247739,0.0120247739,0.0120247739,0.012071713750000001,0.0120247739
70500020304,0.013946032799999999,0.01667207,0.0139319682,0.0139319682,0.0139319682,0.0139319682,0.01456833435,0.0139319682
70500020305,0.017657703599999998,0.0215538522,0.0178536553,0.0178536553,0.0178536553,0.0178536553,0.01876174735,0.0178536553
70500020306,0.0201722708,0.0238351106,0.02026919105,0.02026919105,0.02026919105,0.02026919105,0.02112686405,0.02026919105
70500020307,0.0232568946,0.028418731800000003,0.02336856545,0.02336856545,0.02336856545,0.02336856545,0.0245935077,0.02336856545
70500020401,0.0184406038,0.021106752200000002,0.0183461744,0.0183461744,0.0183461744,0.0183461744,0.0190165889,0.0183461744
70500020402,0.0117057094,0.013612705999999999,0.011745014175,0.011745014175,0.011745014175,0.011745014175,0.0121878612,0.011745014175
70500020501,0.012080467000000001,0.011914211,0.011514946025,0.011514946025,0.011514946025,0.011514946025,0.011442283325,0.011514946025
70500020502,0.011091053,0.0123627662,0.010945176175,0.010945176175,0.010945176175,0.010945176175,0.011235194975,0.010945176175
70500020503,0.0198496306,0.0223164002,0.019763428,0.019763428,0.019763428,0.019763428,0.02036254155,0.019763428
70500020504,0.0161073282,0.0176878052,0.01607534475,0.01607534475,0.01607534475,0.01607534475,0.01642509855,0.01607534475
70500020505,0.0108729032,0.0124197028,0.010974213,0.010974213,0.010974213,0.010974213,0.011290550175,0.010974213
70500020601,0.011132905,0.0120682812,0.01102935245,0.01102935245,0.01102935245,0.01102935245,0.011249135125,0.01102935245
70500020602,0.00864109194,0.009874569599999999,0.008612565725,0.008612565725,0.008612565725,0.008612565725,0.00889121959,0.008612565725
70500020603,0.0106711362,0.0124200618,0.010729899525,0.010729899525,0.010729899525,0.010729899525,0.011115447375,0.010729899525
70500020604,0.00880426034,0.010026321299999998,0.00878681408,0.00878681408,0.00878681408,0.00878681408,0.00904765577,0.00878681408
70500020605,0.010804971600000001,0.0126390181,0.0108901841,0.0108901841,0.0108901841,0.0108901841,0.0112715353,0.0108901841
70500020606,0.010778378,0.011477725999999999,0.010699123000000001,0.010699123000000001,0.010699123000000001,0.010699123000000001,0.0108203477,0.010699123000000001
70500020607,0.008501859859999999,0.0096113533,0.00853251974,0.00853251974,0.00853251974,0.00853251974,0.008770746875,0.00853251974
70500020701,0.008659821500000001,0.0096092109,0.00864023165,0.00864023165,0.00864023165,0.00864023165,0.0088660137,0.00864023165
70500020702,0.0153245034,0.0160550541,0.015011422024999999,0.015011422024999999,0.015011422024999999,0.015011422024999999,0.015247199075,0.015011422024999999
70500020703,0.033259443,0.0434267138,0.03404972955,0.03404972955,0.03404972955,0.03404972955,0.035981033600000004,0.03404972955
70500020704,0.0106488296,0.0124187196,0.01082081825,0.01082081825,0.01082081825,0.01082081825,0.0111214332,0.01082081825
70500030101,0.0078771567,0.0091160752,0.00792740063,0.00792740063,0.00792740063,0.00792740063,0.008188474005,0.00792740063
70500030102,0.0098843667,0.0120769869,0.00988591726,0.00988591726,0.00988591726,0.00988591726,0.010360838535,0.00988591726
70500030103,0.0113580588,0.0133337244,0.011411353325,0.011411353325,0.011411353325,0.011411353325,0.0117794049,0.011411353325
70500030104,0.0105564143,0.0127317454,0.01061931325,0.01061931325,0.01061931325,0.01061931325,0.011003374724999999,0.01061931325
70500030105,0.0130954008,0.0158706924,0.013131794999999998,0.013131794999999998,0.013131794999999998,0.013131794999999998,0.013629244549999999,0.013131794999999998
70500030106,0.0158274642,0.0187484724,0.01594313305,0.01594313305,0.01594313305,0.01594313305,0.016487085225,0.01594313305
70500030107,0.021123097,0.0266102456,0.021230882149999998,0.021230882149999998,0.021230882149999998,0.021230882149999998,0.02223239725,0.021230882149999998
70500030108,0.012815821299999999,0.0154447464,0.01294555185,0.01294555185,0.01294555185,0.01294555185,0.013429689775,0.01294555185
70500030109,0.0150213814,0.0177476756,0.015038566100000001,0.015038566100000001,0.015038566100000001,0.015038566100000001,0.01548545495,0.015038566100000001
70500030201,0.00912627576,0.0110328342,0.00908124009,0.00908124009,0.00908124009,0.00908124009,0.009522982,0.00908124009
70500030202,0.01499695,0.016434710600000003,0.014561170949999999,0.014561170949999999,0.014561170949999999,0.014561170949999999,0.014883745274999999,0.014561170949999999
70500030203,0.0174192662,0.020264786,0.01738627475,0.01738627475,0.01738627475,0.01738627475,0.01804754665,0.01738627475
70500030204,0.0137536714,0.0157665146,0.013741160450000001,0.013741160450000001,0.013741160450000001,0.013741160450000001,0.01420889725,0.013741160450000001
70500030205,0.0106827666,0.0116725902,0.01050887495,0.01050887495,0.01050887495,0.01050887495,0.01072200345,0.01050887495
70500030206,0.0118477632,0.013527457400000002,0.011652044625,0.011652044625,0.011652044625,0.011652044625,0.012017167475,0.011652044625
70500030207,0.011061489999999998,0.013724626200000001,0.0111323129,0.0111323129,0.0111323129,0.0111323129,0.011706443149999999,0.0111323129
70500030208,0.0133771671,0.0151501294,0.013336923725,0.013336923725,0.013336923725,0.013336923725,0.013717527674999999,0.013336923725
70500030209,0.0123322976,0.013745239900000001,0.012103969525,0.012103969525,0.012103969525,0.012103969525,0.012315156625,0.012103969525
70500030210,0.0098862858,0.010830240199999999,0.009625888275,0.009625888275,0.009625888275,0.009625888275,0.009760457575000001,0.009625888275
70500030301,0.0112931284,0.0126049589,0.0111554264,0.0111554264,0.0111554264,0.0111554264,0.011393541,0.0111554264
70500030302,0.0093381034,0.0112804347,0.0094301935,0.0094301935,0.0094301935,0.0094301935,0.009811584750000001,0.0094301935
70500030303,0.0101160014,0.011768112399999999,0.010162589199999999,0.010162589199999999,0.010162589199999999,0.010162589199999999,0.01047951525,0.010162589199999999
70500030304,0.007490867400000001,0.0090065785,0.00755580854,0.00755580854,0.00755580854,0.00755580854,0.007879575805,0.00755580854
70500040101,0.0095119731,0.010933525199999999,0.00964147915,0.00964147915,0.00964147915,0.00964147915,0.0098837533,0.00964147915
70500040102,0.010903939800000002,0.0125756508,0.0110413656,0.0110413656,0.0110413656,0.0110413656,0.011343689425000001,0.0110413656
70500040103,0.0107741282,0.012439863,0.0109497869,0.0109497869,0.0109497869,0.0109497869,0.011238069350000001,0.0109497869
70500040104,0.012349605199999999,0.014400575500000002,0.012616365200000002,0.012616365200000002,0.012616365200000002,0.012616365200000002,0.0129657177,0.012616365200000002
70500040105,0.011434747,0.013383553500000001,0.011694354625,0.011694354625,0.011694354625,0.011694354625,0.012033556725,0.011694354625
70500040106,0.0105314504,0.012119793299999999,0.01077732795,0.01077732795,0.01077732795,0.01077732795,0.011026113149999999,0.01077732795
70500040107,0.0097012773,0.0111930102,0.00998911155,0.00998911155,0.00998911155,0.00998911155,0.010235257625,0.00998911155
70500040108,0.00864579348,0.009844334199999999,0.008864889065000001,0.008864889065000001,0.008864889065000001,0.008864889065000001,0.009041831545,0.008864889065000001
70500040109,0.0115544814,0.0132253346,0.011731023525,0.011731023525,0.011731023525,0.011731023525,0.0120046161,0.011731023525
70500040110,0.008356099,0.009305145400000001,0.008514674215,0.008514674215,0.008514674215,0.008514674215,0.008671145665000001,0.008514674215
70500040201,0.0124111596,0.0145096904,0.012579574225000001,0.012579574225000001,0.012579574225000001,0.012579574225000001,0.012938074625,0.012579574225000001
70500040202,0.0096223867,0.0109848881,0.009711030175,0.009711030175,0.009711030175,0.009711030175,0.00994113715,0.009711030175
70500040203,0.0153701788,0.0173609494,0.015479710925000001,0.015479710925000001,0.015479710925000001,0.015479710925000001,0.015838691575,0.015479710925000001
70500040204,0.013139236600000001,0.0147920132,0.013223174175,0.013223174175,0.013223174175,0.013223174175,0.013495597875000001,0.013223174175
70500040301,0.0146566269,0.0160783521,0.014578175525,0.014578175525,0.014578175525,0.014578175525,0.014861434625,0.014578175525
70500040302,0.0131798544,0.0145626107,0.013116521975,0.013116521975,0.013116521975,0.013116521975,0.01344766795,0.013116521975
70500040303,0.016104487,0.018034361500000002,0.016188075125,0.016188075125,0.016188075125,0.016188075125,0.0165702946,0.016188075125
70500040304,0.026709843599999998,0.030500004600000002,0.026823069999999997,0.026823069999999997,0.026823069999999997,0.026823069999999997,0.027713491750000003,0.026823069999999997
70500040305,0.031093978,0.0372677816,0.03223487945,0.03223487945,0.03223487945,0.03223487945,0.033617815849999996,0.03223487945
70500040401,0.0105459334,0.0114971117,0.010675958454999999,0.010675958454999999,0.010675958454999999,0.010675958454999999,0.010815318905,0.010675958454999999
70500040402,0.025175970400000004,0.028545081,0.0257572966,0.0257572966,0.0257572966,0.0257572966,0.02634812045,0.0257572966
70500040403,0.00779252872,0.00850619528,0.007854307559999999,0.007854307559999999,0.007854307559999999,0.007854307559999999,0.007973934505,0.007854307559999999
70500040404,0.0105517904,0.0120287044,0.01068503533,0.01068503533,0.01068503533,0.01068503533,0.01098346088,0.01068503533
70500040405,0.012571086,0.013775769399999999,0.012741976950000001,0.012741976950000001,0.012741976950000001,0.012741976950000001,0.012930222699999999,0.012741976950000001
70500040406,0.0327034842,0.0379100092,0.03408069355,0.03408069355,0.03408069355,0.03408069355,0.03529824325,0.03408069355
70500040407,0.0215406188,0.0282279784,0.02386228665,0.02386228665,0.02386228665,0.02386228665,0.025303734799999998,0.02386228665
70500040408,0.0188020452,0.0208413848,0.01931061025,0.01931061025,0.01931061025,0.01931061025,0.0196932465,0.01931061025
70500050101,0.0222186674,0.025438119,0.0229007944,0.0229007944,0.0229007944,0.0229007944,0.0233984739,0.0229007944
70500050102,0.0159996006,0.0175905598,0.0162342721,0.0162342721,0.0162342721,0.0162342721,0.0165556796,0.0162342721
70500050103,0.0191414752,0.0180146534,0.018077253325,0.018077253325,0.018077253325,0.018077253325,0.017811395525000003,0.018077253325
70500050104,0.0221639562,0.0230235304,0.02198905725,0.02198905725,0.02198905725,0.02198905725,0.02215128445,0.02198905725
70500050105,0.07411662699999999,0.08264664,0.071512097,0.071512097,0.071512097,0.071512097,0.0733222151,0.071512097
70500050106,0.016497240700000002,0.017569425,0.016421317925,0.016421317925,0.016421317925,0.016421317925,0.016646792675,0.016421317925
70500050107,0.0693992152,0.07512317360000001,0.06747888090000001,0.06747888090000001,0.06747888090000001,0.06747888090000001,0.06891825825,0.06747888090000001
70500050108,0.047462530200000005,0.047160155999999995,0.050269298350000005,0.050269298350000005,0.050269298350000005,0.050269298350000005,0.050422790399999994,0.050269298350000005
70500050201,0.00768317602,0.0086455878,0.007835002585,0.007835002585,0.007835002585,0.007835002585,0.007966716629999999,0.007835002585
70500050202,0.00766434424,0.0086082274,0.007830166965,0.007830166965,0.007830166965,0.007830166965,0.00796711739,0.007830166965
70500050203,0.007236881539999999,0.00806202392,0.007379607905,0.007379607905,0.007379607905,0.007379607905,0.00750291597,0.007379607905
70500050204,0.0104700961,0.011362609999999999,0.010659417195,0.010659417195,0.010659417195,0.010659417195,0.01075584917,0.010659417195
70500050205,0.0206498602,0.0229682124,0.0211261896,0.0211261896,0.0211261896,0.0211261896,0.02146567265,0.0211261896
70500050206,0.0336745218,0.038598392999999995,0.0346627677,0.0346627677,0.0346627677,0.0346627677,0.03538340545,0.0346627677
70500050207,0.029720640200000002,0.037761035,0.031173346,0.031173346,0.031173346,0.031173346,0.03266169705,0.031173346
70500050301,0.016855274,0.0179540992,0.016960109549999998,0.016960109549999998,0.016960109549999998,0.016960109549999998,0.01722270525,0.016960109549999998
70500050302,0.0175461056,0.019161988999999997,0.0178137081,0.0178137081,0.0178137081,0.0178137081,0.01810417765,0.0178137081
70500050303,0.0423479836,0.0446232504,0.043027230799999996,0.043027230799999996,0.043027230799999996,0.043027230799999996,0.04386965415,0.043027230799999996
70500050304,0.069153924,0.0571943236,0.0635047002,0.0635047002,0.0635047002,0.0635047002,0.06104232315,0.0635047002
70500050305,0.046857171600000004,0.0471335552,0.0468527292,0.0468527292,0.0468527292,0.0468527292,0.04681840775,0.0468527292
70500050306,0.0398678446,0.036330987999999995,0.038403687650000004,0.038403687650000004,0.038403687650000004,0.038403687650000004,0.037528674,0.038403687650000004
70500050307,0.047054934799999996,0.049576896800000006,0.04558380335,0.04558380335,0.04558380335,0.04558380335,0.046343607,0.04558380335
70500050308,0.1346969912,0.222513758,0.15379879405000002,0.15379879405000002,0.15379879405000002,0.15379879405000002,0.17616141975,0.15379879405000002
70500050401,0.0991064408,0.09872771979999999,0.0905210041,0.0905210041,0.0905210041,0.0905210041,0.0897079031,0.0905210041
70500050402,0.17861180599999998,0.20674623799999997,0.16736377154999998,0.16736377154999998,0.16736377154999998,0.16736377154999998,0.17319533025,0.16736377154999998
70500050403,0.14396377,0.21495010799999997,0.1568351542,0.1568351542,0.1568351542,0.1568351542,0.1743945059,0.1568351542
70500050404,0.118024354,0.150879794,0.12231447825,0.12231447825,0.12231447825,0.12231447825,0.13027620005,0.12231447825
70500050501,0.098864152,0.21785889799999997,0.12391256365,0.12391256365,0.12391256365,0.12391256365,0.15290846519999998,0.12391256365
70500050502,0.09627827,0.122988061,0.10733947725,0.10733947725,0.10733947725,0.10733947725,0.11293651475,0.10733947725
70500050601,0.099405104,0.1385788712,0.11142934774999999,0.11142934774999999,0.11142934774999999,0.11142934774999999,0.12017907620000001,0.11142934774999999
70500050602,0.13651265480000002,0.1433831868,0.1405176926,0.1405176926,0.1405176926,0.1405176926,0.1420739291,0.1405176926
70500050701,0.21061636,0.328227958,0.2391609765,0.2391609765,0.2391609765,0.2391609765,0.267633317,0.2391609765
70500050702,0.0424073182,0.055812344599999994,0.045567007300000004,0.045567007300000004,0.045567007300000004,0.045567007300000004,0.04900796575,0.045567007300000004
70500050703,0.1096250012,0.10651768880000001,0.1058912115,0.1058912115,0.1058912115,0.1058912115,0.10554368944999999,0.1058912115
70500050704,0.06353259879999999,0.0766810904,0.062570777,0.062570777,0.062570777,0.062570777,0.06593297175,0.062570777
70500050705,0.071572734,0.0719026294,0.0721151757,0.0721151757,0.0721151757,0.0721151757,0.07232650565,0.0721151757
70500050801,0.051009658400000005,0.055871829000000005,0.0490625537,0.0490625537,0.0490625537,0.0490625537,0.04957430655,0.0490625537
70500050802,0.16899615480000002,0.16720273000000002,0.1502645734,0.1502645734,0.1502645734,0.1502645734,0.1489906134,0.1502645734
70500050901,0.0565599968,0.081375256,0.06206054315,0.06206054315,0.06206054315,0.06206054315,0.0679507176,0.06206054315
70500050902,0.085560342,0.0832800924,0.0854540035,0.0854540035,0.0854540035,0.0854540035,0.0845596998,0.0854540035
70500050903,0.182218757,0.13785761000000002,0.16903796524999998,0.16903796524999998,0.16903796524999998,0.16903796524999998,0.15993600925,0.16903796524999998
70500050904,0.059480736199999995,0.0737428816,0.06181797265,0.06181797265,0.06181797265,0.06181797265,0.06466725405,0.06181797265
70500050905,0.0982067426,0.1055232972,0.09862197865,0.09862197865,0.09862197865,0.09862197865,0.09906054805,0.09862197865
70500050906,0.0758327798,0.085953294,0.07358833455,0.07358833455,0.07358833455,0.07358833455,0.07576892265,0.07358833455
70500051001,0.0961005368,0.140767223,0.11613287914999999,0.11613287914999999,0.11613287914999999,0.11613287914999999,0.1264563936,0.11613287914999999
70500051002,0.0990219108,0.12589364079999998,0.10193165405,0.10193165405,0.10193165405,0.10193165405,0.10781946935,0.10193165405
70500051003,0.13362090799999998,0.165804364,0.1421725857,0.1421725857,0.1421725857,0.1421725857,0.15109493825,0.1421725857
70500051004,0.0742351488,0.13394310520000002,0.08814144445,0.08814144445,0.08814144445,0.08814144445,0.10147326244999999,0.08814144445
70500051005,0.1532984188,0.153829208,0.13427280205,0.13427280205,0.13427280205,0.13427280205,0.13428126155,0.13427280205
70500051006,0.09024694899999999,0.12223867199999998,0.09752567355,0.09752567355,0.09752567355,0.09752567355,0.1047852753,0.09752567355
70500051007,0.0893142024,0.15070926499999998,0.09492640305,0.09492640305,0.09492640305,0.09492640305,0.10810570235000001,0.09492640305
70500051008,0.06723215140000001,0.0697523118,0.06358582269999999,0.06358582269999999,0.06358582269999999,0.06358582269999999,0.06353839365,0.06358582269999999
70500051101,0.118344784,0.0998748128,0.10484359224999999,0.10484359224999999,0.10484359224999999,0.10484359224999999,0.10060037120000001,0.10484359224999999
70500051102,0.06501262020000001,0.09139305880000001,0.07092893595000001,0.07092893595000001,0.07092893595000001,0.07092893595000001,0.07667323200000001,0.07092893595000001
70500051201,0.0635461112,0.0728037988,0.0662882753,0.0662882753,0.0662882753,0.0662882753,0.068309594,0.0662882753
70500051202,0.052417009800000004,0.0468287738,0.0466875288,0.0466875288,0.0466875288,0.0466875288,0.0452387888,0.0466875288
70500051203,0.0338508684,0.0414187154,0.03420586565,0.03420586565,0.03420586565,0.03420586565,0.03550886725,0.03420586565
70500051204,0.0385273896,0.0612182022,0.043363045249999996,0.043363045249999996,0.043363045249999996,0.043363045249999996,0.04845166145,0.043363045249999996
70500051205,0.013778427000000001,0.0177207164,0.01452200415,0.01452200415,0.01452200415,0.01452200415,0.0153314237,0.01452200415
70500060101,0.0334070598,0.0375944522,0.0350112271,0.0350112271,0.0350112271,0.0350112271,0.0357411039,0.0350112271
70500060102,0.11123482600000001,0.17888198800000002,0.12146308139999999,0.12146308139999999,0.12146308139999999,0.12146308139999999,0.13905732610000002,0.12146308139999999
70500060103,0.0428608562,0.0802737354,0.05144874105,0.05144874105,0.05144874105,0.05144874105,0.0606970577,0.05144874105
70500060104,0.0539168384,0.0563291298,0.05759260125,0.05759260125,0.05759260125,0.05759260125,0.0585572546,0.05759260125
70500060105,0.0725259988,0.0719473478,0.06745967735,0.06745967735,0.06745967735,0.06745967735,0.0677940296,0.06745967735
70500060106,0.0083431512,0.0095292572,0.008408390265,0.008408390265,0.008408390265,0.008408390265,0.008692023375,0.008408390265
70500060107,0.006522003060000001,0.0087884432,0.006830174185,0.006830174185,0.006830174185,0.006830174185,0.007382770384999999,0.006830174185
70500060201,0.0996814616,0.0907717208,0.09432309455,0.09432309455,0.09432309455,0.09432309455,0.09221448355,0.09432309455
70500060202,0.21175519120000003,0.28288114000000003,0.2061625495,0.2061625495,0.2061625495,0.2061625495,0.225046027,0.2061625495
70500060203,0.0355530532,0.0349494404,0.03525522215,0.03525522215,0.03525522215,0.03525522215,0.0349441416,0.03525522215
70500060204,0.0135467163,0.0150796248,0.013759751349999998,0.013759751349999998,0.013759751349999998,0.013759751349999998,0.014128559225,0.013759751349999998
70500060205,0.0415513344,0.043155519200000006,0.0434615338,0.0434615338,0.0434615338,0.0434615338,0.043793846250000004,0.0434615338
70500060206,0.0101760528,0.011584040600000001,0.010335086685,0.010335086685,0.010335086685,0.010335086685,0.010697080385,0.010335086685
70500060207,0.0106789099,0.0122096818,0.0108578505,0.0108578505,0.0108578505,0.0108578505,0.0112283113,0.0108578505
70500060208,0.00850903396,0.0096028946,0.008382510675,0.008382510675,0.008382510675,0.008382510675,0.008642679785,0.008382510675
70500060301,0.0168591294,0.0194781222,0.01735685365,0.01735685365,0.01735685365,0.01735685365,0.018003808700000002,0.01735685365
70500060302,0.0144543106,0.018713519,0.015314859450000001,0.015314859450000001,0.015314859450000001,0.015314859450000001,0.016399974350000002,0.015314859450000001
70500060303,0.040200313599999996,0.0442820948,0.040399057849999996,0.040399057849999996,0.040399057849999996,0.040399057849999996,0.041320293349999995,0.040399057849999996
70500060304,0.012149705,0.015717127,0.012083521750000001,0.012083521750000001,0.012083521750000001,0.012083521750000001,0.012957334400000001,0.012083521750000001
70500060401,0.105564634,0.23073118799999998,0.11562906079999999,0.11562906079999999,0.11562906079999999,0.11562906079999999,0.1476982145,0.11562906079999999
70500060402,0.177489132,0.207635669,0.16891663895,0.16891663895,0.16891663895,0.16891663895,0.1775849552,0.16891663895
70500060501,0.1650582192,0.28336746,0.1972027658,0.1972027658,0.1972027658,0.1972027658,0.2283881213,0.1972027658
70500060502,0.0322318414,0.0478143622,0.035776448599999996,0.035776448599999996,0.035776448599999996,0.035776448599999996,0.039714247599999995,0.035776448599999996
70500060503,0.17423071399999998,0.232914758,0.1696357085,0.1696357085,0.1696357085,0.1696357085,0.187487461,0.1696357085
70500060504,0.171716484,0.19153882000000003,0.1776797685,0.1776797685,0.1776797685,0.1776797685,0.184508604,0.1776797685
70500060505,0.02660027,0.0289598358,0.027033631800000003,0.027033631800000003,0.027033631800000003,0.027033631800000003,0.02757762265,0.027033631800000003
70500060506,0.0317742668,0.034278893,0.03342219955,0.03342219955,0.03342219955,0.03342219955,0.0340130749,0.03342219955
70500060507,0.030202313199999997,0.032124968999999996,0.0313338004,0.0313338004,0.0313338004,0.0313338004,0.031859498949999995,0.0313338004
70500060508,0.0490375538,0.050043744,0.048707998200000005,0.048707998200000005,0.048707998200000005,0.048707998200000005,0.04895039265,0.048707998200000005
70500060509,0.0958039976,0.11395273800000001,0.09505317625000001,0.09505317625000001,0.09505317625000001,0.09505317625000001,0.09939877025,0.09505317625000001
70500070101,0.0221283294,0.0256355648,0.0222250082,0.0222250082,0.0222250082,0.0222250082,0.023137155200000002,0.0222250082
70500070102,0.026717019200000004,0.0289132078,0.02654936365,0.02654936365,0.02654936365,0.02654936365,0.027051366249999997,0.02654936365
70500070103,0.019092674,0.0203725244,0.019139029874999998,0.019139029874999998,0.019139029874999998,0.019139029874999998,0.019418986825,0.019139029874999998
70500070104,0.0182630062,0.019758820599999997,0.01830348165,0.01830348165,0.01830348165,0.01830348165,0.0186323491,0.01830348165
70500070105,0.0256147264,0.0278744186,0.0257718459,0.0257718459,0.0257718459,0.0257718459,0.026207089750000002,0.0257718459
70500070201,0.0324100422,0.0293983616,0.029837856350000004,0.029837856350000004,0.029837856350000004,0.029837856350000004,0.02869796,0.029837856350000004
70500070202,0.0977302588,0.11942902879999999,0.11098940495000001,0.11098940495000001,0.11098940495000001,0.11098940495000001,0.11496678345,0.11098940495000001
70500070203,0.1368054888,0.1357705122,0.1243400155,0.1243400155,0.1243400155,0.1243400155,0.1233004105,0.1243400155
70500070204,0.11970008000000001,0.168044218,0.14914592555,0.14914592555,0.14914592555,0.14914592555,0.15934023079999998,0.14914592555
70500070205,0.1034608092,0.206384336,0.1267312115,0.1267312115,0.1267312115,0.1267312115,0.150339447,0.1267312115
70500070206,0.11309070299999999,0.12197965800000002,0.10820665625,0.10820665625,0.10820665625,0.10820665625,0.10693337944999999,0.10820665625
70500070301,0.0215200654,0.0235193152,0.02112182305,0.02112182305,0.02112182305,0.02112182305,0.0215457316,0.02112182305
70500070302,0.036160267,0.0492561494,0.0366290934,0.0366290934,0.0366290934,0.0366290934,0.03923462385,0.0366290934
70500070303,0.06241163400000001,0.0603323174,0.056070256750000005,0.056070256750000005,0.056070256750000005,0.056070256750000005,0.05494460435,0.056070256750000005
70500070304,0.12538444399999998,0.117456594,0.11882735925000001,0.11882735925000001,0.11882735925000001,0.11882735925000001,0.11340187724999999,0.11882735925000001
70500070305,0.0717330316,0.09366369199999999,0.06621353185,0.06621353185,0.06621353185,0.06621353185,0.0705475875,0.06621353185
70500070306,0.0195963428,0.023504134399999998,0.01956484005,0.01956484005,0.01956484005,0.01956484005,0.02015559585,0.01956484005
70500070307,0.072432549,0.0786150092,0.0697569307,0.0697569307,0.0697569307,0.0697569307,0.0700417184,0.0697569307
70500070308,0.0800528402,0.07708568600000001,0.0713478515,0.0713478515,0.0713478515,0.0713478515,0.07010736125,0.0713478515
70500070309,0.179407,0.319669568,0.17985525424999999,0.17985525424999999,0.17985525424999999,0.17985525424999999,0.21108209625000002,0.17985525424999999
70500070310,0.148019564,0.205003156,0.15357718069999998,0.15357718069999998,0.15357718069999998,0.15357718069999998,0.1662904567,0.15357718069999998
70500070401,0.034211160000000004,0.042097568,0.035988157050000004,0.035988157050000004,0.035988157050000004,0.035988157050000004,0.0375170112,0.035988157050000004
70500070402,0.022185734000000002,0.030513681800000005,0.02254631235,0.02254631235,0.02254631235,0.02254631235,0.02430678115,0.02254631235
70500070403,0.036248740200000004,0.047150489399999995,0.03814307385,0.03814307385,0.03814307385,0.03814307385,0.0397423841,0.03814307385
70500070404,0.0294018252,0.0397974842,0.030389438600000002,0.030389438600000002,0.030389438600000002,0.030389438600000002,0.032296141550000004,0.030389438600000002
70500070405,0.089894326,0.11614644199999999,0.09157272945,0.09157272945,0.09157272945,0.09157272945,0.09629610564999999,0.09157272945
70500070501,0.0707262884,0.1067363318,0.07528761305000001,0.07528761305000001,0.07528761305000001,0.07528761305000001,0.08420466374999999,0.07528761305000001
70500070502,0.09292950400000001,0.102650504,0.08202881399999999,0.08202881399999999,0.08202881399999999,0.08202881399999999,0.084375488,0.08202881399999999
70500070503,0.11323343599999999,0.152066648,0.10262182625,0.10262182625,0.10262182625,0.10262182625,0.11164856975,0.10262182625
70500070504,0.187246025,0.161491622,0.170725078,0.170725078,0.170725078,0.170725078,0.163462618,0.170725078
70500070505,0.1105178634,0.11873018719999999,0.0986034118,0.0986034118,0.0986034118,0.0986034118,0.0999389748,0.0986034118
70500070506,0.0939852026,0.0798187422,0.0901784838,0.0901784838,0.0901784838,0.0901784838,0.0869009912,0.0901784838
70500070601,0.257723462,0.28664928,0.219359014,0.219359014,0.219359014,0.219359014,0.22654645699999998,0.219359014
70500070602,0.0654808786,0.1026602512,0.07526265315,0.07526265315,0.07526265315,0.07526265315,0.08339615055,0.07526265315
70500070603,0.0813574922,0.089734511,0.09094956275,0.09094956275,0.09094956275,0.09094956275,0.0924616558,0.09094956275
70500070604,0.07021567,0.0578102702,0.06777825095,0.06777825095,0.06777825095,0.06777825095,0.06444373519999999,0.06777825095
70500070605,0.12647323400000002,0.153640854,0.11810412320000001,0.11810412320000001,0.11810412320000001,0.11810412320000001,0.12342657269999999,0.11810412320000001
70500070606,0.108224813,0.097190572,0.09774588555,0.09774588555,0.09774588555,0.09774588555,0.09503620375,0.09774588555
70500070607,0.0493378928,0.049222162199999996,0.051822848649999996,0.051822848649999996,0.051822848649999996,0.051822848649999996,0.0517031888,0.051822848649999996
70500070608,0.061574473,0.043143038200000004,0.05247520015,0.05247520015,0.05247520015,0.05247520015,0.0476298893,0.05247520015
70500070609,0.0290190376,0.0304646998,0.0292643872,0.0292643872,0.0292643872,0.0292643872,0.02952514235,0.0292643872
70500070610,0.06498737660000001,0.059372027800000005,0.06273103059999999,0.06273103059999999,0.06273103059999999,0.06273103059999999,0.06070423899999999,0.06273103059999999
70500070701,0.11346824600000001,0.14548226,0.11504394215,0.11504394215,0.11504394215,0.11504394215,0.12218875765,0.11504394215
70500070702,0.0887509736,0.14811842199999997,0.0856259766,0.0856259766,0.0856259766,0.0856259766,0.0989306204,0.0856259766
70500070703,0.10013650599999999,0.110368361,0.10317409115000001,0.10317409115000001,0.10317409115000001,0.10317409115000001,0.10557523840000001,0.10317409115000001
70500070704,0.10756277,0.11676709399999999,0.1050469028,0.1050469028,0.1050469028,0.1050469028,0.10593164904999999,0.1050469028
70500070705,0.0486777032,0.0671525736,0.04395181895,0.04395181895,0.04395181895,0.04395181895,0.048252540649999995,0.04395181895
70500070706,0.14536559799999998,0.15250575,0.12792454920000002,0.12792454920000002,0.12792454920000002,0.12792454920000002,0.1291514637,0.12792454920000002
70500070707,0.165975254,0.154708406,0.13877340045,0.13877340045,0.13877340045,0.13877340045,0.13579147895000002,0.13877340045
70500070708,0.10056275020000001,0.140162574,0.11396785835,0.11396785835,0.11396785835,0.11396785835,0.1241801423,0.11396785835
70500070709,0.06163886,0.0802367092,0.0642982701,0.0642982701,0.0642982701,0.0642982701,0.0685031613,0.0642982701
70500070710,0.1064201888,0.0992679112,0.09496721875,0.09496721875,0.09496721875,0.09496721875,0.09245855615,0.09496721875
70500071001,0.175155646,0.209089754,0.181893505,0.181893505,0.181893505,0.181893505,0.18883042625000002,0.181893505
70500071002,0.090697424,0.116348282,0.10179613894999999,0.10179613894999999,0.10179613894999999,0.10179613894999999,0.1067077896,0.10179613894999999
70500071003,0.09568656019999999,0.121416355,0.09687295069999999,0.09687295069999999,0.09687295069999999,0.09687295069999999,0.1009959753,0.09687295069999999
70500071004,0.0842094968,0.11330401679999999,0.08901350235000001,0.08901350235000001,0.08901350235000001,0.08901350235000001,0.09484287820000001,0.08901350235000001
70500071005,0.27001621600000003,0.295836306,0.253040564,0.253040564,0.253040564,0.253040564,0.257805533,0.253040564
70500071006,0.10996022800000001,0.14811681999999998,0.10498649385,0.10498649385,0.10498649385,0.10498649385,0.1126553559,0.10498649385
70600010101,0.0464578546,0.088124809,0.05220674755,0.05220674755,0.05220674755,0.05220674755,0.06256556155,0.05220674755
70600010102,0.042817087600000005,0.058912721999999994,0.0463232124,0.0463232124,0.0463232124,0.0463232124,0.05002513495000001,0.0463232124
70600010103,0.038698480800000004,0.0525877892,0.04335780835,0.04335780835,0.04335780835,0.04335780835,0.04662042385,0.04335780835
70600010104,0.0235786758,0.0418988196,0.0254551735,0.0254551735,0.0254551735,0.0254551735,0.03002363865,0.0254551735
70600010201,0.1158129766,0.162422466,0.16399474395,0.16399474395,0.16399474395,0.16399474395,0.17550303335,0.16399474395
70600010202,0.19246924199999998,0.2600507932,0.22732210999999997,0.22732210999999997,0.22732210999999997,0.22732210999999997,0.24118574599999998,0.22732210999999997
70600010203,0.0244592244,0.0346613232,0.0273953154,0.0273953154,0.0273953154,0.0273953154,0.0298607777,0.0273953154
70600010301,0.190639962,0.31272775999999997,0.20755225075,0.20755225075,0.20755225075,0.20755225075,0.2389712185,0.20755225075
70600010302,0.1477772028,0.23158461,0.1560635627,0.1560635627,0.1560635627,0.1560635627,0.17704686220000002,0.1560635627
70600010303,0.0597503134,0.19211827880000001,0.0767099576,0.0767099576,0.0767099576,0.0767099576,0.10995801745,0.0767099576
70600010304,0.095144566,0.12238228200000001,0.10169674470000001,0.10169674470000001,0.10169674470000001,0.10169674470000001,0.10876542920000001,0.10169674470000001
70600010305,0.026279241600000003,0.0358556,0.02900191155,0.02900191155,0.02900191155,0.02900191155,0.031337051049999995,0.02900191155
70600010306,0.0333054038,0.0451465218,0.0370000162,0.0370000162,0.0370000162,0.0370000162,0.0399651465,0.0370000162
70600010307,0.0151083408,0.0199901094,0.016625165075,0.016625165075,0.016625165075,0.016625165075,0.017814268325,0.016625165075
70600010401,0.156132828,0.26473117,0.17512478115000002,0.17512478115000002,0.17512478115000002,0.17512478115000002,0.20132167129999998,0.17512478115000002
70600010402,0.033770894,0.044298244599999995,0.0351780666,0.0351780666,0.0351780666,0.0351780666,0.0377496031,0.0351780666
70600010501,0.0417986592,0.05415779540000001,0.048082062450000004,0.048082062450000004,0.048082062450000004,0.048082062450000004,0.051145279099999996,0.048082062450000004
70600010502,0.029473913400000003,0.038127246,0.031563526450000004,0.031563526450000004,0.031563526450000004,0.031563526450000004,0.0336861076,0.031563526450000004
70600010503,0.025952386799999998,0.035754754,0.02840846675,0.02840846675,0.02840846675,0.02840846675,0.030759680100000002,0.02840846675
70600010504,0.0234744318,0.033125783,0.026063621,0.026063621,0.026063621,0.026063621,0.02848457185,0.026063621
70600010505,0.006659504299999999,0.0117525312,0.007952560745,0.007952560745,0.007952560745,0.007952560745,0.00920643382,0.007952560745
70600010601,0.0527249364,0.2350319066,0.07937350785,0.07937350785,0.07937350785,0.07937350785,0.12570186305,0.07937350785
70600010602,0.0170687622,0.0286556522,0.0198235893,0.0198235893,0.0198235893,0.0198235893,0.022592067974999998,0.0198235893
70600010701,0.0342574384,0.0646919444,0.0485384196,0.0485384196,0.0485384196,0.0485384196,0.055922456499999995,0.0485384196
70600010702,0.0071225685999999995,0.0138741858,0.009295471975,0.009295471975,0.009295471975,0.009295471975,0.010946016405,0.009295471975
70600010703,0.024679365,0.035074973999999995,0.027768389449999997,0.027768389449999997,0.027768389449999997,0.027768389449999997,0.030298928250000003,0.027768389449999997
70600010704,0.025446157000000004,0.0408372652,0.02745642115,0.02745642115,0.02745642115,0.02745642115,0.031472167849999996,0.02745642115
70600010705,0.0294655348,0.0516083618,0.033914678850000005,0.033914678850000005,0.033914678850000005,0.033914678850000005,0.03920121595,0.033914678850000005
70600010706,0.0258634758,0.0642036064,0.03250954385,0.03250954385,0.03250954385,0.03250954385,0.04161167375,0.03250954385
70600010707,0.032018113599999995,0.053787918000000004,0.035834101800000004,0.035834101800000004,0.035834101800000004,0.035834101800000004,0.04093546135,0.035834101800000004
70600010801,0.081619288,0.18885787599999998,0.09946535009999999,0.09946535009999999,0.09946535009999999,0.09946535009999999,0.1259190276,0.09946535009999999
70600010802,0.02004949,0.0337868184,0.02489929175,0.02489929175,0.02489929175,0.02489929175,0.02821280445,0.02489929175
70600010901,0.173882734,0.49722352799999997,0.22999824100000002,0.22999824100000002,0.22999824100000002,0.22999824100000002,0.306834397,0.22999824100000002
70600010902,0.1162154672,0.39861085199999996,0.169874983,0.169874983,0.169874983,0.169874983,0.24035976374999998,0.169874983
70600010903,0.13050257999999998,0.43101513,0.17525285975,0.17525285975,0.17525285975,0.17525285975,0.25007537150000003,0.17525285975
70600010904,0.140552075,0.437381376,0.184168656,0.184168656,0.184168656,0.184168656,0.25897714975,0.184168656
70600010905,0.099946166,0.28055866,0.127829895,0.127829895,0.127829895,0.127829895,0.17317853649999998,0.127829895
70600010906,0.0357652798,0.0706024904,0.041021621450000004,0.041021621450000004,0.041021621450000004,0.041021621450000004,0.049528564149999996,0.041021621450000004
70600011001,0.013960291599999999,0.020395907400000003,0.014719062750000001,0.014719062750000001,0.014719062750000001,0.014719062750000001,0.01622957845,0.014719062750000001
70600011002,0.137055664,0.289313114,0.1516100688,0.1516100688,0.1516100688,0.1516100688,0.1915496,0.1516100688
70600011003,0.013424098,0.0208358086,0.01505728375,0.01505728375,0.01505728375,0.01505728375,0.016911292050000002,0.01505728375
70600020101,0.5521741739999999,0.693748138,0.5880613835,0.5880613835,0.5880613835,0.5880613835,0.6260014629999999,0.5880613835
70600020102,0.5604146,0.687399134,0.5993732245000001,0.5993732245000001,0.5993732245000001,0.5993732245000001,0.6251934685,0.5993732245000001
70600020103,0.43602203599999995,0.615983134,0.472923311,0.472923311,0.472923311,0.472923311,0.5301091435,0.472923311
70600020104,0.386405224,0.580778444,0.44208085299999994,0.44208085299999994,0.44208085299999994,0.44208085299999994,0.47527836600000006,0.44208085299999994
70600020105,0.49934211,0.635744714,0.5212898025,0.5212898025,0.5212898025,0.5212898025,0.5638160385,0.5212898025
70600020106,0.311339846,0.521560562,0.36757809249999995,0.36757809249999995,0.36757809249999995,0.36757809249999995,0.4179391455,0.36757809249999995
70600020107,0.26240649400000005,0.519895226,0.3256008975,0.3256008975,0.3256008975,0.3256008975,0.3860356155,0.3256008975
70600020201,0.551745188,0.65187049,0.5459223480000001,0.5459223480000001,0.5459223480000001,0.5459223480000001,0.5749174625,0.5459223480000001
70600020202,0.396491656,0.642743568,0.44897773,0.44897773,0.44897773,0.44897773,0.513523833,0.44897773
70600020203,0.249837182,0.50578614,0.313891615,0.313891615,0.313891615,0.313891615,0.364090224,0.313891615
70600020204,0.33417695,0.531366052,0.3923351995,0.3923351995,0.3923351995,0.3923351995,0.43265178549999994,0.3923351995
70600020205,0.255561164,0.547658124,0.333333707,0.333333707,0.333333707,0.333333707,0.398363157,0.333333707
70600020206,0.12864617279999999,0.220399964,0.14305583275,0.14305583275,0.14305583275,0.14305583275,0.165193137,0.14305583275
70600020207,0.168800838,0.436005414,0.232969537,0.232969537,0.232969537,0.232969537,0.294617391,0.232969537
70600020208,0.11541768540000001,0.32173532800000004,0.16179564745000002,0.16179564745000002,0.16179564745000002,0.16179564745000002,0.21059929735,0.16179564745000002
70600020301,0.181417538,0.43582551399999997,0.23243860614999998,0.23243860614999998,0.23243860614999998,0.23243860614999998,0.29328143349999997,0.23243860614999998
70600020302,0.15153785700000003,0.343656954,0.18673414305,0.18673414305,0.18673414305,0.18673414305,0.23261822955000003,0.18673414305
70600020401,0.232785068,0.526661456,0.2750462335,0.2750462335,0.2750462335,0.2750462335,0.34283618849999997,0.2750462335
70600020402,0.20945345199999998,0.443402458,0.25011761250000003,0.25011761250000003,0.25011761250000003,0.25011761250000003,0.302910572,0.25011761250000003
70600020403,0.163600564,0.42219156199999996,0.22028567420000003,0.22028567420000003,0.22028567420000003,0.22028567420000003,0.278761825,0.22028567420000003
70600020404,0.11213925679999999,0.22419503880000002,0.143040603,0.143040603,0.143040603,0.143040603,0.17123964549999998,0.143040603
70600020405,0.198006504,0.35022159999999997,0.22709274829999998,0.22709274829999998,0.22709274829999998,0.22709274829999998,0.2590438565,0.22709274829999998
70600020406,0.155781242,0.422193152,0.204493218,0.204493218,0.204493218,0.204493218,0.264887887,0.204493218
70600020407,0.0760032256,0.279906573,0.1217098064,0.1217098064,0.1217098064,0.1217098064,0.17087101815,0.1217098064
70600020408,0.058215324,0.097070623,0.060124235699999994,0.060124235699999994,0.060124235699999994,0.060124235699999994,0.06859459955,0.060124235699999994
70600020501,0.11670400880000001,0.37922290799999997,0.1669573814,0.1669573814,0.1669573814,0.1669573814,0.2293531744,0.1669573814
70600020502,0.1159828724,0.3009508308,0.14069238290000002,0.14069238290000002,0.14069238290000002,0.14069238290000002,0.18584671915,0.14069238290000002
70600020503,0.090224024,0.21063527999999998,0.10241355869999999,0.10241355869999999,0.10241355869999999,0.10241355869999999,0.1301263039,0.10241355869999999
70600020601,0.031293403,0.0872785188,0.051490211949999996,0.051490211949999996,0.051490211949999996,0.051490211949999996,0.06427415005,0.051490211949999996
70600020602,0.0351592956,0.07883435759999999,0.04177400495,0.04177400495,0.04177400495,0.04177400495,0.05143184185000001,0.04177400495
70600020603,0.0284648006,0.057657342199999996,0.0390914491,0.0390914491,0.0390914491,0.0390914491,0.04614559855,0.0390914491
70600020604,0.031033784600000003,0.07737530479999999,0.0389711395,0.0389711395,0.0389711395,0.0389711395,0.05006682380000001,0.0389711395
70600020605,0.030258917200000002,0.05127513539999999,0.03798031865,0.03798031865,0.03798031865,0.03798031865,0.0430924365,0.03798031865
70600020606,0.0264658826,0.0351597174,0.029165887349999996,0.029165887349999996,0.029165887349999996,0.029165887349999996,0.03130189385,0.029165887349999996
70600030101,0.20468229400000001,0.268662466,0.19154462649999998,0.19154462649999998,0.19154462649999998,0.19154462649999998,0.2141540075,0.19154462649999998
70600030102,0.1391741432,0.178569543,0.17979293145,0.17979293145,0.17979293145,0.17979293145,0.1904727684,0.17979293145
70600030103,0.0999316978,0.1509379888,0.0989972748,0.0989972748,0.0989972748,0.0989972748,0.11235524649999999,0.0989972748
70600030104,0.173028409,0.36118322599999997,0.21194693025000003,0.21194693025000003,0.21194693025000003,0.21194693025000003,0.26184394275,0.21194693025000003
70600030201,0.204255672,0.476470546,0.2804119175,0.2804119175,0.2804119175,0.2804119175,0.3515535175,0.2804119175
70600030202,0.1546887148,0.29847718999999995,0.1695440942,0.1695440942,0.1695440942,0.1695440942,0.2063315222,0.1695440942
70600030203,0.08793344519999999,0.2079983,0.12114422385000001,0.12114422385000001,0.12114422385000001,0.12114422385000001,0.15179721880000002,0.12114422385000001
70600030301,0.18651697,0.43893575799999995,0.2355606005,0.2355606005,0.2355606005,0.2355606005,0.3002969185,0.2355606005
70600030302,0.139973692,0.330067304,0.16879637549999998,0.16879637549999998,0.16879637549999998,0.16879637549999998,0.21693254350000002,0.16879637549999998
70600030303,0.0375459386,0.1157767136,0.0454712096,0.0454712096,0.0454712096,0.0454712096,0.0647495509,0.0454712096
70600030401,0.2442699508,0.445558006,0.28421095995,0.28421095995,0.28421095995,0.28421095995,0.33899282295,0.28421095995
70600030402,0.190319586,0.403195622,0.2585778265,0.2585778265,0.2585778265,0.2585778265,0.31525779200000004,0.2585778265
70600030403,0.14026615979999998,0.241736176,0.1714798785,0.1714798785,0.1714798785,0.1714798785,0.1957716937,0.1714798785
70600030404,0.14782761,0.234906188,0.1637708639,0.1637708639,0.1637708639,0.1637708639,0.1856750914,0.1637708639
70600030405,0.203022062,0.33097246199999997,0.21056706900000002,0.21056706900000002,0.21056706900000002,0.21056706900000002,0.2435633105,0.21056706900000002
70600030406,0.0600075668,0.0980253426,0.06752449775,0.06752449775,0.06752449775,0.06752449775,0.0763933552,0.06752449775
70600030501,0.140708879,0.485538028,0.23036937105000002,0.23036937105000002,0.23036937105000002,0.23036937105000002,0.32181109225000004,0.23036937105000002
70600030502,0.16908795399999998,0.323259034,0.1910581642,0.1910581642,0.1910581642,0.1910581642,0.23315302770000002,0.1910581642
70600030503,0.1189593208,0.20001924,0.1264559376,0.1264559376,0.1264559376,0.1264559376,0.1490794344,0.1264559376
70600030504,0.0675188226,0.20298035180000001,0.10191692649999999,0.10191692649999999,0.10191692649999999,0.10191692649999999,0.13659377820000002,0.10191692649999999
70600030505,0.0476553112,0.1890831968,0.084992683,0.084992683,0.084992683,0.084992683,0.1202951248,0.084992683
70600030506,0.0470718866,0.10884959300000001,0.04912379930000001,0.04912379930000001,0.04912379930000001,0.04912379930000001,0.0639361779,0.04912379930000001
70600030601,0.2240288348,0.440976474,0.25385599775,0.25385599775,0.25385599775,0.25385599775,0.310059283,0.25385599775
70600030602,0.204298202,0.45863725200000005,0.25286520500000004,0.25286520500000004,0.25286520500000004,0.25286520500000004,0.316902959,0.25286520500000004
70600030603,0.159729374,0.307874356,0.20678445400000003,0.20678445400000003,0.20678445400000003,0.20678445400000003,0.244115519,0.20678445400000003
70600030604,0.0443342446,0.083443064,0.0544869037,0.0544869037,0.0544869037,0.0544869037,0.06385127155,0.0544869037
70600030701,0.0443656748,0.08525275800000001,0.0490342141,0.0490342141,0.0490342141,0.0490342141,0.0591366842,0.0490342141
70600030702,0.0318601586,0.0669150298,0.03900390995,0.03900390995,0.03900390995,0.03900390995,0.047977423,0.03900390995
70600030703,0.094382829,0.19870295200000002,0.10884315905,0.10884315905,0.10884315905,0.10884315905,0.1356169128,0.10884315905
70600030704,0.011724149,0.0190955628,0.013475851124999999,0.013475851124999999,0.013475851124999999,0.013475851124999999,0.015239445175,0.013475851124999999
70600030705,0.0196354954,0.041938810199999996,0.02388056825,0.02388056825,0.02388056825,0.02388056825,0.02907830535,0.02388056825
70600030706,0.0235771262,0.0354623394,0.025582590500000002,0.025582590500000002,0.025582590500000002,0.025582590500000002,0.028613942250000003,0.025582590500000002
70600030707,0.0318973178,0.087022961,0.0446386841,0.0446386841,0.0446386841,0.0446386841,0.0582511505,0.0446386841
70600030708,0.0361719288,0.0665917492,0.04213605475,0.04213605475,0.04213605475,0.04213605475,0.0490739104,0.04213605475
70600040101,0.461780806,0.64993469,0.502661259,0.502661259,0.502661259,0.502661259,0.5559316735000001,0.502661259
70600040102,0.482771158,0.617109026,0.490864867,0.490864867,0.490864867,0.490864867,0.525063341,0.490864867
70600040103,0.48182466,0.646836628,0.494233327,0.494233327,0.494233327,0.494233327,0.544577902,0.494233327
70600040104,0.419538488,0.637360658,0.4493952825,0.4493952825,0.4493952825,0.4493952825,0.5078310239999999,0.4493952825
70600040105,0.3448255,0.539410988,0.368864874,0.368864874,0.368864874,0.368864874,0.41974554499999994,0.368864874
70600040201,0.43801834999999995,0.637953288,0.46796648449999995,0.46796648449999995,0.46796648449999995,0.46796648449999995,0.522194285,0.46796648449999995
70600040202,0.37197618400000004,0.659720788,0.4186319715,0.4186319715,0.4186319715,0.4186319715,0.48846500300000006,0.4186319715
70600040203,0.39806858,0.537294174,0.40000706700000005,0.40000706700000005,0.40000706700000005,0.40000706700000005,0.43300699800000003,0.40000706700000005
70600040204,0.339766652,0.46865261599999997,0.3561336525,0.3561336525,0.3561336525,0.3561336525,0.390364385,0.3561336525
70600040301,0.5386129740000001,0.7179888400000001,0.5737480335,0.5737480335,0.5737480335,0.5737480335,0.6277084755,0.5737480335
70600040302,0.5257884660000001,0.717692348,0.5811953940000001,0.5811953940000001,0.5811953940000001,0.5811953940000001,0.634044339,0.5811953940000001
70600040303,0.328983966,0.530316802,0.3904859805,0.3904859805,0.3904859805,0.3904859805,0.440295234,0.3904859805
70600040304,0.330103416,0.6515849300000001,0.39042980899999996,0.39042980899999996,0.39042980899999996,0.39042980899999996,0.467208222,0.39042980899999996
70600040305,0.1917221728,0.543861132,0.27174014645,0.27174014645,0.27174014645,0.27174014645,0.35182133444999997,0.27174014645
70600040306,0.18305828200000002,0.589034226,0.2923930965,0.2923930965,0.2923930965,0.2923930965,0.3834096895,0.2923930965
70600040307,0.23986284800000002,0.558767756,0.31976240699999997,0.31976240699999997,0.31976240699999997,0.31976240699999997,0.39675855649999997,0.31976240699999997
70600040308,0.14810906740000002,0.442342868,0.21840498765,0.21840498765,0.21840498765,0.21840498765,0.28677672665,0.21840498765
70600040309,0.200541102,0.43349274399999993,0.252981377,0.252981377,0.252981377,0.252981377,0.310194766,0.252981377
70600040401,0.324027746,0.7174423080000001,0.40037980749999996,0.40037980749999996,0.40037980749999996,0.40037980749999996,0.5057326934999999,0.40037980749999996
70600040402,0.36366485800000004,0.6610948280000001,0.41711058650000005,0.41711058650000005,0.41711058650000005,0.41711058650000005,0.497513589,0.41711058650000005
70600040403,0.265882414,0.546658324,0.3215791055,0.3215791055,0.3215791055,0.3215791055,0.396076859,0.3215791055
70600040404,0.20861343799999998,0.451405714,0.2393736085,0.2393736085,0.2393736085,0.2393736085,0.3022552195,0.2393736085
70600040405,0.1870684652,0.406544798,0.2195302153,0.2195302153,0.2195302153,0.2195302153,0.2744233433,0.2195302153
70600040501,0.48668180000000005,0.62611289,0.5223812889999999,0.5223812889999999,0.5223812889999999,0.5223812889999999,0.566900429,0.5223812889999999
70600040502,0.511674854,0.674337274,0.5586662565,0.5586662565,0.5586662565,0.5586662565,0.6069792635,0.5586662565
70600040503,0.606484548,0.681899464,0.628073264,0.628073264,0.628073264,0.628073264,0.6600829985,0.628073264
70600040504,0.407523272,0.585625512,0.44055833599999994,0.44055833599999994,0.44055833599999994,0.44055833599999994,0.4894053785,0.44055833599999994
70600040505,0.23523926199999998,0.352824744,0.264376018,0.264376018,0.264376018,0.264376018,0.296448492,0.264376018
70600040506,0.264098538,0.330429886,0.2842059785,0.2842059785,0.2842059785,0.2842059785,0.3028364065,0.2842059785
70600040601,0.347147214,0.46367159,0.40505056650000004,0.40505056650000004,0.40505056650000004,0.40505056650000004,0.44152901450000004,0.40505056650000004
70600040602,0.31318584,0.4763905279999999,0.35617140799999997,0.35617140799999997,0.35617140799999997,0.35617140799999997,0.40012142549999996,0.35617140799999997
70600040603,0.1112049024,0.386499224,0.162035735,0.162035735,0.162035735,0.162035735,0.22907263709999998,0.162035735
70600040604,0.13073549,0.2019395,0.14924679075,0.14924679075,0.14924679075,0.14924679075,0.16688603275,0.14924679075
70600040605,0.0783989512,0.267312175,0.16608449165,0.16608449165,0.16608449165,0.16608449165,0.21115973829999998,0.16608449165
70600040606,0.0922331668,0.1910127208,0.12534127765,0.12534127765,0.12534127765,0.12534127765,0.1482974468,0.12534127765
70600040607,0.13493327319999998,0.2318664272,0.15463054785,0.15463054785,0.15463054785,0.15463054785,0.1781068733,0.15463054785
70600040608,0.06879873360000001,0.18319497,0.08675287470000001,0.08675287470000001,0.08675287470000001,0.08675287470000001,0.11278335390000001,0.08675287470000001
70600040701,0.275679462,0.461076718,0.3234798225,0.3234798225,0.3234798225,0.3234798225,0.366958542,0.3234798225
70600040702,0.242551784,0.45442776399999996,0.29252153000000003,0.29252153000000003,0.29252153000000003,0.29252153000000003,0.344168122,0.29252153000000003
70600040703,0.309455188,0.452961968,0.3245982175,0.3245982175,0.3245982175,0.3245982175,0.364410276,0.3245982175
70600040704,0.32333702999999997,0.513945682,0.3588151925,0.3588151925,0.3588151925,0.3588151925,0.4072846965,0.3588151925
70600040705,0.1373791898,0.383002946,0.19979575195000002,0.19979575195000002,0.19979575195000002,0.19979575195000002,0.26027587245,0.19979575195000002
70600040706,0.412547304,0.605327488,0.43683802600000005,0.43683802600000005,0.43683802600000005,0.43683802600000005,0.490822748,0.43683802600000005
70600040707,0.127113638,0.20877517,0.18172268654999998,0.18172268654999998,0.18172268654999998,0.18172268654999998,0.20356214700000003,0.18172268654999998
70600040708,0.15131973599999998,0.282767624,0.17283759575,0.17283759575,0.17283759575,0.17283759575,0.20549826924999998,0.17283759575
70600040709,0.13771983599999998,0.38076297000000003,0.195519157,0.195519157,0.195519157,0.195519157,0.2549582695,0.195519157
70600040710,0.073977623,0.1953859232,0.09632827499999999,0.09632827499999999,0.09632827499999999,0.09632827499999999,0.12423809020000001,0.09632827499999999
70600040801,0.25164581799999997,0.369208714,0.296868678,0.296868678,0.296868678,0.296868678,0.3302212855,0.296868678
70600040802,0.1113974226,0.21387488999999998,0.1328552413,0.1328552413,0.1328552413,0.1328552413,0.15774843985,0.1328552413
70600040901,0.11488430499999999,0.264262116,0.12960101529999998,0.12960101529999998,0.12960101529999998,0.12960101529999998,0.16654716705,0.12960101529999998
70600040902,0.1625212792,0.296127148,0.15726863715,0.15726863715,0.15726863715,0.15726863715,0.18853218835000002,0.15726863715
70600040903,0.08453364,0.1699503712,0.1039527768,0.1039527768,0.1039527768,0.1039527768,0.12519383255,0.1039527768
70600040904,0.0489589006,0.0929790736,0.056962132,0.056962132,0.056962132,0.056962132,0.06715630415,0.056962132
70600050101,0.10024035319999999,0.323770164,0.15679360865,0.15679360865,0.15679360865,0.15679360865,0.21184872829999998,0.15679360865
70600050102,0.08109761680000001,0.259566262,0.1229663911,0.1229663911,0.1229663911,0.1229663911,0.16751359370000002,0.1229663911
70600050201,0.1229592166,0.232325376,0.1802193239,0.1802193239,0.1802193239,0.1802193239,0.20605973589999999,0.1802193239
70600050202,0.0251501746,0.045812265399999996,0.03022618615,0.03022618615,0.03022618615,0.03022618615,0.03490737905,0.03022618615
70600050203,0.1436803224,0.283251542,0.20390225599999998,0.20390225599999998,0.20390225599999998,0.20390225599999998,0.23763732425,0.20390225599999998
70600050204,0.0712058594,0.132042016,0.08926932795,0.08926932795,0.08926932795,0.08926932795,0.10533796425,0.08926932795
70600050205,0.0229987394,0.0528779148,0.0371076338,0.0371076338,0.0371076338,0.0371076338,0.0443868527,0.0371076338
70600050301,0.296663488,0.45208827199999996,0.3224528345,0.3224528345,0.3224528345,0.3224528345,0.36650363750000003,0.3224528345
70600050302,0.310039402,0.50155487,0.348724747,0.348724747,0.348724747,0.348724747,0.40062574399999995,0.348724747
70600050303,0.205159042,0.37921809,0.23174882549999998,0.23174882549999998,0.23174882549999998,0.23174882549999998,0.27605305150000004,0.23174882549999998
70600050304,0.18214431,0.36740345999999996,0.2384173475,0.2384173475,0.2384173475,0.2384173475,0.287848622,0.2384173475
70600050305,0.155882354,0.35434783400000003,0.189122436,0.189122436,0.189122436,0.189122436,0.23831791225,0.189122436
70600050306,0.146588938,0.267589152,0.17717866275,0.17717866275,0.17717866275,0.17717866275,0.20711148385000003,0.17717866275
70600050307,0.038757015,0.0882850186,0.04436598355,0.04436598355,0.04436598355,0.04436598355,0.05536780285,0.04436598355
70600050401,0.032817383,0.0571436834,0.040695880549999994,0.040695880549999994,0.040695880549999994,0.040695880549999994,0.04662659425,0.040695880549999994
70600050402,0.0273403634,0.042871739799999996,0.03294571925,0.03294571925,0.03294571925,0.03294571925,0.03664413425,0.03294571925
70600050403,0.0831317446,0.130622338,0.10558614964999999,0.10558614964999999,0.10558614964999999,0.10558614964999999,0.11791756634999999,0.10558614964999999
70600050404,0.017926568,0.058986920600000006,0.0260662544,0.0260662544,0.0260662544,0.0260662544,0.0361723607,0.0260662544
70600050405,0.044614668600000004,0.27796414599999997,0.10782959665,0.10782959665,0.10782959665,0.10782959665,0.16805385239999998,0.10782959665
70600050406,0.0150970156,0.024774228199999998,0.01775960815,0.01775960815,0.01775960815,0.01775960815,0.0200637002,0.01775960815
70600050501,0.263116666,0.494778932,0.320439503,0.320439503,0.320439503,0.320439503,0.3801081395,0.320439503
70600050502,0.26266639999999997,0.48226879599999994,0.33136427949999997,0.33136427949999997,0.33136427949999997,0.33136427949999997,0.385510746,0.33136427949999997
70600050503,0.284256746,0.48839512,0.3188049905,0.3188049905,0.3188049905,0.3188049905,0.3672595285,0.3188049905
70600050504,0.129722676,0.265165732,0.175802825,0.175802825,0.175802825,0.175802825,0.20869728849999997,0.175802825
70600050601,0.1482338712,0.428387252,0.25101703529999997,0.25101703529999997,0.25101703529999997,0.25101703529999997,0.3206998843,0.25101703529999997
70600050602,0.062325483400000006,0.16754178120000002,0.0901091957,0.0901091957,0.0901091957,0.0901091957,0.11638196674999998,0.0901091957
70600050603,0.036020199,0.0639664928,0.0450471494,0.0450471494,0.0450471494,0.0450471494,0.05185944585,0.0450471494
70600050604,0.037023830599999995,0.042483946,0.0383787459,0.0383787459,0.0383787459,0.0383787459,0.03971370125,0.0383787459
70600050605,0.0730904782,0.159431556,0.12141928115,0.12141928115,0.12141928115,0.12141928115,0.14318357104999999,0.12141928115
70600050701,0.151600889,0.26070911199999997,0.21535647624999998,0.21535647624999998,0.21535647624999998,0.21535647624999998,0.24057131974999998,0.21535647624999998
70600050702,0.19464678200000002,0.323801126,0.26751428405,0.26751428405,0.26751428405,0.26751428405,0.2988805723,0.26751428405
70600050703,0.032964303,0.0444690494,0.03695539765,0.03695539765,0.03695539765,0.03695539765,0.040012445550000005,0.03695539765
70600050801,0.1669411648,0.26358917600000004,0.1928516977,0.1928516977,0.1928516977,0.1928516977,0.21988552220000002,0.1928516977
70600050802,0.186669518,0.26903137,0.2142103158,0.2142103158,0.2142103158,0.2142103158,0.2374755263,0.2142103158
70600050901,0.293373354,0.49419864799999996,0.3643013545,0.3643013545,0.3643013545,0.3643013545,0.4170061785,0.3643013545
70600050902,0.24735095199999999,0.38302129199999996,0.2859857525,0.2859857525,0.2859857525,0.2859857525,0.325926921,0.2859857525
70600051001,0.18771036300000002,0.40034461600000004,0.27084303775,0.27084303775,0.27084303775,0.27084303775,0.32434041925,0.27084303775
70600051002,0.049650187,0.14405240800000002,0.09155476145,0.09155476145,0.09155476145,0.09155476145,0.11436733955,0.09155476145
70600051003,0.0875959868,0.198000894,0.13216295220000002,0.13216295220000002,0.13216295220000002,0.13216295220000002,0.1607887672,0.13216295220000002
70600051004,0.0392265906,0.06661648839999999,0.0455405695,0.0455405695,0.0455405695,0.0455405695,0.052679224049999994,0.0455405695
70600051101,0.468232322,0.6748211,0.560971941,0.560971941,0.560971941,0.560971941,0.6161713335,0.560971941
70600051102,0.195138181,0.399873006,0.27801278025,0.27801278025,0.27801278025,0.27801278025,0.33043095125,0.27801278025
70600051201,0.01109042694,0.020822063800000002,0.014386178995000002,0.014386178995000002,0.014386178995000002,0.014386178995000002,0.016769618559999998,0.014386178995000002
70600051202,0.0273323054,0.0576203668,0.0333274578,0.0333274578,0.0333274578,0.0333274578,0.0406153284,0.0333274578
70600051203,0.0503454654,0.0961817856,0.07685133699999999,0.07685133699999999,0.07685133699999999,0.07685133699999999,0.08856455825000001,0.07685133699999999
70600060101,0.6092853079999999,0.741549586,0.6497226205,0.6497226205,0.6497226205,0.6497226205,0.6866214005,0.6497226205
70600060102,0.551821218,0.680347964,0.6032173315,0.6032173315,0.6032173315,0.6032173315,0.638642515,0.6032173315
70600060103,0.34819645400000004,0.5516365320000001,0.407359783,0.407359783,0.407359783,0.407359783,0.46127587400000003,0.407359783
70600060201,0.583728232,0.68764515,0.61764493,0.61764493,0.61764493,0.61764493,0.6526838429999999,0.61764493
70600060202,0.644090772,0.7181520779999999,0.664292924,0.664292924,0.664292924,0.664292924,0.6920164155,0.664292924
70600060203,0.267428684,0.488707734,0.35248057250000003,0.35248057250000003,0.35248057250000003,0.35248057250000003,0.409732056,0.35248057250000003
70600060204,0.48108722200000004,0.650845026,0.555625558,0.555625558,0.555625558,0.555625558,0.6055489665,0.555625558
70600060205,0.5026888620000001,0.670122418,0.564284934,0.564284934,0.564284934,0.564284934,0.6108542645,0.564284934
70600060206,0.268610178,0.521899478,0.358439174,0.358439174,0.358439174,0.358439174,0.4242631025,0.358439174
70600060207,0.5904248919999999,0.7267603659999999,0.6424038145,0.6424038145,0.6424038145,0.6424038145,0.682022692,0.6424038145
70600060208,0.599035064,0.7222112279999999,0.6374151465,0.6374151465,0.6374151465,0.6374151465,0.6714561960000001,0.6374151465
70600060209,0.480395912,0.63894863,0.5414470825,0.5414470825,0.5414470825,0.5414470825,0.5817683735,0.5414470825
70600060210,0.23406498999999997,0.4263969120000001,0.3035224735,0.3035224735,0.3035224735,0.3035224735,0.3503280435,0.3035224735
70600060301,0.41715585,0.65979499,0.48513327100000003,0.48513327100000003,0.48513327100000003,0.48513327100000003,0.5498477245,0.48513327100000003
70600060302,0.28175737,0.5792924939999999,0.37193466750000004,0.37193466750000004,0.37193466750000004,0.37193466750000004,0.45408759649999997,0.37193466750000004
70600060303,0.2187329054,0.41308577199999996,0.2767787436,0.2767787436,0.2767787436,0.2767787436,0.32964461535,0.2767787436
70600060401,0.467908338,0.680123952,0.5495220544999999,0.5495220544999999,0.5495220544999999,0.5495220544999999,0.6050449155,0.5495220544999999
70600060402,0.52099692,0.717809064,0.589646208,0.589646208,0.589646208,0.589646208,0.6441764605,0.589646208
70600060403,0.40553165599999996,0.603982958,0.47155709449999994,0.47155709449999994,0.47155709449999994,0.47155709449999994,0.524905147,0.47155709449999994
70600060404,0.5142420480000001,0.7182766899999999,0.569545496,0.569545496,0.569545496,0.569545496,0.620434335,0.569545496
70600060405,0.430540998,0.6386402419999999,0.5086280135,0.5086280135,0.5086280135,0.5086280135,0.561497872,0.5086280135
70600060406,0.25980629,0.481292376,0.348553209,0.348553209,0.348553209,0.348553209,0.4069897735,0.348553209
70600060407,0.330061736,0.525348176,0.402762373,0.402762373,0.402762373,0.402762373,0.45221930400000004,0.402762373
70600060408,0.14954414,0.260669618,0.2001912772,0.2001912772,0.2001912772,0.2001912772,0.229659024,0.2001912772
70600060409,0.302363322,0.5831685679999999,0.373775346,0.373775346,0.373775346,0.373775346,0.447498668,0.373775346
70600060410,0.042997718799999994,0.107098166,0.0667560991,0.0667560991,0.0667560991,0.0667560991,0.08341539314999999,0.0667560991
70600060501,0.47896928,0.707146092,0.549543243,0.549543243,0.549543243,0.549543243,0.606532708,0.549543243
70600060502,0.354059298,0.626731228,0.4307311815,0.4307311815,0.4307311815,0.4307311815,0.4994005175,0.4307311815
70600060503,0.318635614,0.542896634,0.375848221,0.375848221,0.375848221,0.375848221,0.4352307175,0.375848221
70600060601,0.40453659000000003,0.690840454,0.513940328,0.513940328,0.513940328,0.513940328,0.5886944350000001,0.513940328
70600060602,0.638414076,0.698356588,0.665262688,0.665262688,0.665262688,0.665262688,0.695521126,0.665262688
70600060603,0.529170214,0.748456168,0.5907686845,0.5907686845,0.5907686845,0.5907686845,0.6477987599999999,0.5907686845
70600060604,0.32010536,0.5036069139999999,0.382969991,0.382969991,0.382969991,0.382969991,0.430057302,0.382969991
70600060605,0.26628554000000004,0.50482504,0.3301256065,0.3301256065,0.3301256065,0.3301256065,0.39109788700000003,0.3301256065
70600060606,0.40423998799999994,0.6378930159999999,0.46893638800000004,0.46893638800000004,0.46893638800000004,0.46893638800000004,0.528367496,0.46893638800000004
70600060701,0.353272622,0.70751516,0.43720237900000003,0.43720237900000003,0.43720237900000003,0.43720237900000003,0.527321051,0.43720237900000003
70600060702,0.340975266,0.6624030160000001,0.434728192,0.434728192,0.434728192,0.434728192,0.5170855825,0.434728192
70600060703,0.293912088,0.572386368,0.3768160805,0.3768160805,0.3768160805,0.3768160805,0.44913031100000006,0.3768160805
70600060704,0.19967029,0.461025938,0.28612222049999997,0.28612222049999997,0.28612222049999997,0.28612222049999997,0.35425022149999996,0.28612222049999997
70600060705,0.136945433,0.41521076400000007,0.19993313985,0.19993313985,0.19993313985,0.19993313985,0.27174105835,0.19993313985
70600060706,0.0799467422,0.356314978,0.1194947282,0.1194947282,0.1194947282,0.1194947282,0.1910526527,0.1194947282
70600060801,0.141548768,0.303598236,0.19412052885,0.19412052885,0.19412052885,0.19412052885,0.23711052434999996,0.19412052885
70600060802,0.207751805,0.429938748,0.27060998194999997,0.27060998194999997,0.27060998194999997,0.27060998194999997,0.33076062674999995,0.27060998194999997
70600060803,0.13483747799999998,0.2409219902,0.16529268895,0.16529268895,0.16529268895,0.16529268895,0.19345892125,0.16529268895
70600060804,0.16683452640000002,0.417913918,0.2563641556,0.2563641556,0.2563641556,0.2563641556,0.3232698091,0.2563641556
70600060901,0.518381984,0.701696392,0.5817364190000001,0.5817364190000001,0.5817364190000001,0.5817364190000001,0.632228357,0.5817364190000001
70600060902,0.20296373299999998,0.403074084,0.27743952575,0.27743952575,0.27743952575,0.27743952575,0.33129232275000003,0.27743952575
70600060903,0.196687638,0.515814422,0.3045793495,0.3045793495,0.3045793495,0.3045793495,0.3859858735,0.3045793495
70600060904,0.34179147,0.56522495,0.42114614249999993,0.42114614249999993,0.42114614249999993,0.42114614249999993,0.484477046,0.42114614249999993
70600061001,0.097603814,0.28536525,0.13095299065000002,0.13095299065000002,0.13095299065000002,0.13095299065000002,0.18169956675,0.13095299065000002
70600061002,0.4175719,0.655974208,0.5159011865,0.5159011865,0.5159011865,0.5159011865,0.5837186795,0.5159011865
70600061003,0.289890796,0.585586618,0.39202613199999997,0.39202613199999997,0.39202613199999997,0.39202613199999997,0.47098832250000006,0.39202613199999997
70600061004,0.131516523,0.387279048,0.18798805645,0.18798805645,0.18798805645,0.18798805645,0.25572397625,0.18798805645
70600061005,0.06397267079999999,0.28526054,0.11311526499999999,0.11311526499999999,0.11311526499999999,0.11311526499999999,0.17129784450000002,0.11311526499999999
70600061006,0.1292850572,0.299102354,0.15374095795,0.15374095795,0.15374095795,0.15374095795,0.1987323832,0.15374095795
70600061007,0.0911781642,0.20245554600000001,0.1262621418,0.1262621418,0.1262621418,0.1262621418,0.1552736056,0.1262621418
70700010101,0.026552287400000003,0.027804382,0.025878244550000002,0.025878244550000002,0.025878244550000002,0.025878244550000002,0.026296101500000002,0.025878244550000002
70700010102,0.0105336424,0.0114424414,0.0102485608,0.0102485608,0.0102485608,0.0102485608,0.01047799165,0.0102485608
70700010103,0.014506068,0.015051977099999999,0.013867708849999999,0.013867708849999999,0.013867708849999999,0.013867708849999999,0.01402476065,0.013867708849999999
70700010104,0.013010418200000002,0.012802265600000001,0.01225757455,0.01225757455,0.01225757455,0.01225757455,0.01222888505,0.01225757455
70700010201,0.0099224813,0.010957452400000001,0.009804331075,0.009804331075,0.009804331075,0.009804331075,0.0100569526,0.009804331075
70700010202,0.0143991794,0.0166866448,0.014244950025,0.014244950025,0.014244950025,0.014244950025,0.014804379775000001,0.014244950025
70700010203,0.0206862082,0.023438220399999998,0.020331267349999998,0.020331267349999998,0.020331267349999998,0.020331267349999998,0.0209993069,0.020331267349999998
70700010204,0.013110163,0.014141664100000001,0.0128363169,0.0128363169,0.0128363169,0.0128363169,0.013083232349999998,0.0128363169
70700010205,0.029266583800000003,0.032942300199999996,0.0287815832,0.0287815832,0.0287815832,0.0287815832,0.029650332,0.0287815832
70700010206,0.0341758038,0.039944327,0.03330025315,0.03330025315,0.03330025315,0.03330025315,0.0346629112,0.03330025315
70700010301,0.020677829000000002,0.0220017936,0.0203790544,0.0203790544,0.0203790544,0.0203790544,0.0208906758,0.0203790544
70700010302,0.0202121618,0.020971900199999997,0.01952502225,0.01952502225,0.01952502225,0.01952502225,0.01986038215,0.01952502225
70700010303,0.0158209814,0.0156539552,0.015309396925,0.015309396925,0.015309396925,0.015309396925,0.015356174524999999,0.015309396925
70700010304,0.012705796699999999,0.013230245600000001,0.01235460795,0.01235460795,0.01235460795,0.01235460795,0.012568582575,0.01235460795
70700010305,0.0228313484,0.0242358092,0.0223253131,0.0223253131,0.0223253131,0.0223253131,0.0228026756,0.0223253131
70700010306,0.0182394858,0.0206586612,0.0177694586,0.0177694586,0.0177694586,0.0177694586,0.0184427751,0.0177694586
70700010307,0.0170435092,0.0185992916,0.0167256555,0.0167256555,0.0167256555,0.0167256555,0.01715374,0.0167256555
70700010308,0.0187233644,0.0200024746,0.01823171685,0.01823171685,0.01823171685,0.01823171685,0.018561161200000002,0.01823171685
70700010401,0.0188518256,0.021782897000000002,0.01845122345,0.01845122345,0.01845122345,0.01845122345,0.01915206455,0.01845122345
70700010402,0.017901161,0.0204367538,0.0175132505,0.0175132505,0.0175132505,0.0175132505,0.018160254600000002,0.0175132505
70700010403,0.0222963702,0.025031324799999997,0.0220415264,0.0220415264,0.0220415264,0.0220415264,0.02280208315,0.0220415264
70700010404,0.021078641000000002,0.0242018144,0.0206205365,0.0206205365,0.0206205365,0.0206205365,0.021441222500000003,0.0206205365
70700010501,0.016081418,0.0178923594,0.01602019075,0.01602019075,0.01602019075,0.01602019075,0.01654557915,0.01602019075
70700010502,0.0219738378,0.0246638718,0.02219959925,0.02219959925,0.02219959925,0.02219959925,0.0229758548,0.02219959925
70700010503,0.0164969804,0.019153605400000003,0.0166684894,0.0166684894,0.0166684894,0.0166684894,0.0173800275,0.0166684894
70700010601,0.017096356400000002,0.0193213092,0.01719220045,0.01719220045,0.01719220045,0.01719220045,0.01773837095,0.01719220045
70700010602,0.0168118718,0.019624006,0.016766974575,0.016766974575,0.016766974575,0.016766974575,0.017437974075,0.016766974575
70700010603,0.0199959586,0.022420363399999997,0.020244943300000002,0.020244943300000002,0.020244943300000002,0.020244943300000002,0.020826309100000003,0.020244943300000002
70700010701,0.0108086902,0.0117929614,0.010724227074999999,0.010724227074999999,0.010724227074999999,0.010724227074999999,0.010935503575,0.010724227074999999
70700010702,0.015437214500000001,0.0167825514,0.015506076325000001,0.015506076325000001,0.015506076325000001,0.015506076325000001,0.01575269455,0.015506076325000001
70700010703,0.0138638384,0.014553218400000002,0.013309823549999999,0.013309823549999999,0.013309823549999999,0.013309823549999999,0.01345300265,0.013309823549999999
70700010704,0.016410223,0.0186073002,0.01625170655,0.01625170655,0.01625170655,0.01625170655,0.016745483050000003,0.01625170655
70700010705,0.027094843200000003,0.0300626968,0.026985829300000003,0.026985829300000003,0.026985829300000003,0.026985829300000003,0.02755311515,0.026985829300000003
70700010706,0.0111615754,0.0120154256,0.0108284983,0.0108284983,0.0108284983,0.0108284983,0.01099838635,0.0108284983
70700010707,0.011207413199999999,0.012220335,0.011060971925,0.011060971925,0.011060971925,0.011060971925,0.011246909025,0.011060971925
70700010708,0.0168267844,0.0204191814,0.017411542,0.017411542,0.017411542,0.017411542,0.01811322035,0.017411542
70700010801,0.0296468666,0.0339650172,0.03001512355,0.03001512355,0.03001512355,0.03001512355,0.0313241919,0.03001512355
70700010802,0.044266227000000005,0.051063853000000006,0.04514299985,0.04514299985,0.04514299985,0.04514299985,0.0468211587,0.04514299985
70700010803,0.0236508634,0.0271948918,0.0239968852,0.0239968852,0.0239968852,0.0239968852,0.025034687049999997,0.0239968852
70700010804,0.0163787912,0.017722851,0.0159361678,0.0159361678,0.0159361678,0.0159361678,0.01622891015,0.0159361678
70700010805,0.019515707,0.0213741444,0.0192422291,0.0192422291,0.0192422291,0.0192422291,0.0196472282,0.0192422291
70700010806,0.017502540599999998,0.019140219,0.017145941249999998,0.017145941249999998,0.017145941249999998,0.017145941249999998,0.01754874335,0.017145941249999998
70700010901,0.0095472682,0.010943014800000001,0.009580286965,0.009580286965,0.009580286965,0.009580286965,0.00987920689,0.009580286965
70700010902,0.0115364566,0.0137892857,0.011335045450000001,0.011335045450000001,0.011335045450000001,0.011335045450000001,0.011831204275,0.011335045450000001
70700010903,0.019519810399999997,0.021917151200000002,0.019119076800000002,0.019119076800000002,0.019119076800000002,0.019119076800000002,0.0195526088,0.019119076800000002
70700010904,0.0125744398,0.013905305599999997,0.012604258774999998,0.012604258774999998,0.012604258774999998,0.012604258774999998,0.012879864325,0.012604258774999998
70700010905,0.011914694,0.015547156000000001,0.0125736696,0.0125736696,0.0125736696,0.0125736696,0.013359042925,0.0125736696
70700010906,0.021223524599999998,0.0246275132,0.0218799207,0.0218799207,0.0218799207,0.0218799207,0.02263458555,0.0218799207
70700010907,0.0130886446,0.0156440246,0.013496269799999999,0.013496269799999999,0.013496269799999999,0.013496269799999999,0.014035775575000001,0.013496269799999999
70700011001,0.0176140611,0.020162219599999996,0.01795771125,0.01795771125,0.01795771125,0.01795771125,0.018529759675,0.01795771125
70700011002,0.0113769539,0.0133456882,0.011508436875,0.011508436875,0.011508436875,0.011508436875,0.0119106151,0.011508436875
70700011003,0.014449623,0.0164171102,0.01454581775,0.01454581775,0.01454581775,0.01454581775,0.014957092250000002,0.01454581775
70700011004,0.024702502199999997,0.0281875396,0.02497947665,0.02497947665,0.02497947665,0.02497947665,0.025698995349999997,0.02497947665
70700011101,0.0088652725,0.0100635182,0.00880334969,0.00880334969,0.00880334969,0.00880334969,0.009016906915000001,0.00880334969
70700011102,0.0110294024,0.012236658899999999,0.010988038925,0.010988038925,0.010988038925,0.010988038925,0.011181721675,0.010988038925
70700011103,0.010143146799999999,0.0115527788,0.010280283775,0.010280283775,0.010280283775,0.010280283775,0.010525188275,0.010280283775
70700011104,0.0090344171,0.009832210800000001,0.00905894583,0.00905894583,0.00905894583,0.00905894583,0.009135899655,0.00905894583
70700011105,0.0126155724,0.014008173300000001,0.01277607325,0.01277607325,0.01277607325,0.01277607325,0.012927585675,0.01277607325
70700011201,0.0103343068,0.0120065595,0.010650683550000001,0.010650683550000001,0.010650683550000001,0.010650683550000001,0.010942414000000001,0.010650683550000001
70700011202,0.0109995614,0.012804370300000001,0.01132036995,0.01132036995,0.01132036995,0.01132036995,0.011596671525000001,0.01132036995
70700011203,0.008219839279999998,0.0095075482,0.008385383345,0.008385383345,0.008385383345,0.008385383345,0.008602341375,0.008385383345
70700011204,0.00982946076,0.0111919304,0.010056229605,0.010056229605,0.010056229605,0.010056229605,0.010232880364999999,0.010056229605
70700011301,0.009795466999999999,0.0112615564,0.010064480300000001,0.010064480300000001,0.010064480300000001,0.010064480300000001,0.010347265349999999,0.010064480300000001
70700011302,0.030438579799999997,0.034860787,0.0313371457,0.0313371457,0.0313371457,0.0313371457,0.03227194155,0.0313371457
70700011303,0.0104198642,0.011769700499999999,0.010723507325000001,0.010723507325000001,0.010723507325000001,0.010723507325000001,0.010997150175000001,0.010723507325000001
70700011304,0.0129872658,0.014980421599999998,0.01341476875,0.01341476875,0.01341476875,0.01341476875,0.013836653300000001,0.01341476875
70700011305,0.0203685692,0.0220521414,0.02085001685,0.02085001685,0.02085001685,0.02085001685,0.02114047645,0.02085001685
70700011306,0.029649568199999997,0.033499068199999996,0.030190108599999998,0.030190108599999998,0.030190108599999998,0.030190108599999998,0.0308733217,0.030190108599999998
70700020101,0.00706830462,0.0081033269,0.007252136304999999,0.007252136304999999,0.007252136304999999,0.007252136304999999,0.007405188775,0.007252136304999999
70700020102,0.007782494300000001,0.00878271894,0.008091127234999999,0.008091127234999999,0.008091127234999999,0.008091127234999999,0.008249986865,0.008091127234999999
70700020201,0.00698030756,0.00776948254,0.007203049745,0.007203049745,0.007203049745,0.007203049745,0.0073179795,0.007203049745
70700020202,0.0117639542,0.013221695799999999,0.01210499235,0.01210499235,0.01210499235,0.01210499235,0.01236054445,0.01210499235
70700020203,0.0219891478,0.0246095332,0.02262166435,0.02262166435,0.02262166435,0.02262166435,0.023126906750000002,0.02262166435
70700020301,0.0098174194,0.0108141846,0.009905368125,0.009905368125,0.009905368125,0.009905368125,0.010094984025,0.009905368125
70700020302,0.009551522199999999,0.010538150999999999,0.009732764675,0.009732764675,0.009732764675,0.009732764675,0.0098931881,0.009732764675
70700020303,0.016910432,0.018670060199999998,0.017281079999999997,0.017281079999999997,0.017281079999999997,0.017281079999999997,0.0175968457,0.017281079999999997
70700020304,0.016774093400000002,0.0181499842,0.017089086950000002,0.017089086950000002,0.017089086950000002,0.017089086950000002,0.0173025439,0.017089086950000002
70700020305,0.0170096808,0.0185147452,0.01732734325,0.01732734325,0.01732734325,0.01732734325,0.01755986025,0.01732734325
70700020306,0.016727368,0.0182803194,0.017104629099999998,0.017104629099999998,0.017104629099999998,0.017104629099999998,0.01741920205,0.017104629099999998
70700020401,0.0111640245,0.0122472152,0.0113605663,0.0113605663,0.0113605663,0.0113605663,0.011532443525,0.0113605663
70700020402,0.0104665244,0.0116336206,0.0106799191,0.0106799191,0.0106799191,0.0106799191,0.01084995805,0.0106799191
70700020403,0.0411584562,0.0596784454,0.04918546645,0.04918546645,0.04918546645,0.04918546645,0.05336045685,0.04918546645
70700020404,0.0199387276,0.0215020584,0.020341782,0.020341782,0.020341782,0.020341782,0.02064138355,0.020341782
70700020501,0.0122478586,0.013481663799999998,0.012423499000000001,0.012423499000000001,0.012423499000000001,0.012423499000000001,0.0126416059,0.012423499000000001
70700020502,0.019163452600000002,0.021157735599999998,0.0194759018,0.0194759018,0.0194759018,0.0194759018,0.01986220045,0.0194759018
70700020503,0.0132237861,0.014412315,0.013426977025,0.013426977025,0.013426977025,0.013426977025,0.01366641855,0.013426977025
70700020504,0.0336626084,0.0365393476,0.03539388865,0.03539388865,0.03539388865,0.03539388865,0.0359962156,0.03539388865
70700020601,0.012632822799999999,0.0141271078,0.012972079325,0.012972079325,0.012972079325,0.012972079325,0.01327035475,0.012972079325
70700020602,0.032707716600000006,0.036347254,0.03352190665,0.03352190665,0.03352190665,0.03352190665,0.034298383599999996,0.03352190665
70700020701,0.0464499288,0.064649703,0.05265418125,0.05265418125,0.05265418125,0.05265418125,0.055992233599999996,0.05265418125
70700020702,0.0729189638,0.1198735938,0.0813613438,0.0813613438,0.0813613438,0.0813613438,0.0921482468,0.0813613438
70700020801,0.012257752399999999,0.014290160699999999,0.01265139655,0.01265139655,0.01265139655,0.01265139655,0.0129501845,0.01265139655
70700020802,0.007954010539999999,0.009032047,0.008325234505,0.008325234505,0.008325234505,0.008325234505,0.00847550399,0.008325234505
70700020803,0.0230789126,0.0267628182,0.023880126100000003,0.023880126100000003,0.023880126100000003,0.023880126100000003,0.024457451050000002,0.023880126100000003
70700020804,0.014668220199999998,0.020283879799999998,0.01563101535,0.01563101535,0.01563101535,0.01563101535,0.0166841127,0.01563101535
70700020805,0.0215002116,0.0241544136,0.02215345885,0.02215345885,0.02215345885,0.02215345885,0.022622918750000002,0.02215345885
70700020806,0.021722097000000003,0.03593015,0.0237343112,0.0237343112,0.0237343112,0.0237343112,0.0268275526,0.0237343112
70700020901,0.050819101199999994,0.061254191400000005,0.053610381900000004,0.053610381900000004,0.053610381900000004,0.053610381900000004,0.055928604849999994,0.053610381900000004
70700020902,0.0418264388,0.060397888600000005,0.0466661941,0.0466661941,0.0466661941,0.0466661941,0.05098562395,0.0466661941
70700021001,0.0784415384,0.102560409,0.09243489325000001,0.09243489325000001,0.09243489325000001,0.09243489325000001,0.09815064775,0.09243489325000001
70700021002,0.061856489,0.094756093,0.0675758372,0.0675758372,0.0675758372,0.0675758372,0.0750670285,0.0675758372
70700021003,0.048279307,0.0527284542,0.04659838575,0.04659838575,0.04659838575,0.04659838575,0.047531355600000005,0.04659838575
70700021101,0.021505653,0.0250830554,0.021899512,0.021899512,0.021899512,0.021899512,0.022626070800000002,0.021899512
70700021102,0.151385132,0.20549932399999998,0.1476778226,0.1476778226,0.1476778226,0.1476778226,0.15920729309999998,0.1476778226
70700021103,0.136788048,0.196703092,0.1429151948,0.1429151948,0.1429151948,0.1429151948,0.15521171055,0.1429151948
70700021201,0.0122728756,0.0133787236,0.012251685425,0.012251685425,0.012251685425,0.012251685425,0.012440675975,0.012251685425
70700021202,0.0167360921,0.0185386336,0.0170177772,0.0170177772,0.0170177772,0.0170177772,0.017322951825,0.0170177772
70700021203,0.0429106984,0.0491919302,0.043440911449999994,0.043440911449999994,0.043440911449999994,0.043440911449999994,0.0446758703,0.043440911449999994
70700021204,0.015414625799999998,0.016750505,0.015447807150000001,0.015447807150000001,0.015447807150000001,0.015447807150000001,0.015661270550000002,0.015447807150000001
70700021205,0.041488081999999996,0.0510209148,0.0427281241,0.0427281241,0.0427281241,0.0427281241,0.04463468625,0.0427281241
70700021301,0.0198439756,0.0227404674,0.0204516275,0.0204516275,0.0204516275,0.0204516275,0.02102115985,0.0204516275
70700021302,0.0424878462,0.047966189199999995,0.041167942949999994,0.041167942949999994,0.041167942949999994,0.041167942949999994,0.0425392237,0.041167942949999994
70700021303,0.031688477400000005,0.038381699000000005,0.03254017565,0.03254017565,0.03254017565,0.03254017565,0.03417987585,0.03254017565
70700021304,0.028957938199999998,0.032892658000000005,0.029697523800000004,0.029697523800000004,0.029697523800000004,0.029697523800000004,0.030676944249999998,0.029697523800000004
70700021401,0.0576391828,0.0692544232,0.059422394450000006,0.059422394450000006,0.059422394450000006,0.059422394450000006,0.06204731995,0.059422394450000006
70700021402,0.044488611,0.0434116966,0.04097458985,0.04097458985,0.04097458985,0.04097458985,0.04040169565,0.04097458985
70700021403,0.090235058,0.11755659079999999,0.0944122038,0.0944122038,0.0944122038,0.0944122038,0.1006687664,0.0944122038
70700021501,0.06431196559999999,0.10380547600000001,0.08039202105,0.08039202105,0.08039202105,0.08039202105,0.08825103815,0.08039202105
70700021502,0.0803980168,0.12324810100000001,0.09110940790000001,0.09110940790000001,0.09110940790000001,0.09110940790000001,0.09897588515,0.09110940790000001
70700021503,0.10750525799999999,0.132641364,0.10943765995000002,0.10943765995000002,0.10943765995000002,0.10943765995000002,0.1146507194,0.10943765995000002
70700021504,0.104855896,0.12340234679999999,0.1032682336,0.1032682336,0.1032682336,0.1032682336,0.1071984516,0.1032682336
70700021505,0.0998208188,0.10226319219999999,0.1037389189,0.1037389189,0.1037389189,0.1037389189,0.10314475565,0.1037389189
70700021506,0.0813906732,0.147432964,0.08683404455,0.08683404455,0.08683404455,0.08683404455,0.10228181935,0.08683404455
70700021507,0.0555084644,0.081241811,0.06506256070000001,0.06506256070000001,0.06506256070000001,0.06506256070000001,0.0710270231,0.06506256070000001
70700021601,0.07208429479999999,0.0750134776,0.07305666485,0.07305666485,0.07305666485,0.07305666485,0.07395048905,0.07305666485
70700021602,0.0574833256,0.0709712628,0.06055970385,0.06055970385,0.06055970385,0.06055970385,0.06372269615000001,0.06055970385
70700021603,0.040909724,0.0642286166,0.04379193665,0.04379193665,0.04379193665,0.04379193665,0.04907098695,0.04379193665
70700021604,0.05721263359999999,0.079614518,0.06295161115,0.06295161115,0.06295161115,0.06295161115,0.0683692558,0.06295161115
70700021701,0.0768339662,0.082576951,0.0785214377,0.0785214377,0.0785214377,0.0785214377,0.07999993564999999,0.0785214377
70700021702,0.0325460054,0.036394237600000004,0.0332373576,0.0332373576,0.0332373576,0.0332373576,0.03419140875,0.0332373576
70700021703,0.0995615812,0.133766754,0.11460494350000001,0.11460494350000001,0.11460494350000001,0.11460494350000001,0.12452029005000001,0.11460494350000001
70700021704,0.0683074712,0.085847179,0.08172115875,0.08172115875,0.08172115875,0.08172115875,0.0861082155,0.08172115875
70700021705,0.039312631199999996,0.046447456399999996,0.040182918,0.040182918,0.040182918,0.040182918,0.0418739786,0.040182918
70700021706,0.039860271999999995,0.045896726799999996,0.0416951802,0.0416951802,0.0416951802,0.0416951802,0.043167475500000003,0.0416951802
70700021707,0.0166607158,0.0185966526,0.017119369949999998,0.017119369949999998,0.017119369949999998,0.017119369949999998,0.01756318195,0.017119369949999998
70700021801,0.0214046444,0.0249171256,0.02157831345,0.02157831345,0.02157831345,0.02157831345,0.02239196815,0.02157831345
70700021802,0.0136513723,0.015290503799999999,0.014078539800000001,0.014078539800000001,0.014078539800000001,0.014078539800000001,0.01446874045,0.014078539800000001
70700021803,0.024451389400000002,0.027088429400000003,0.0251221766,0.0251221766,0.0251221766,0.0251221766,0.02576507395,0.0251221766
70700021804,0.024196916000000002,0.0260880652,0.0244187221,0.0244187221,0.0244187221,0.0244187221,0.02480073,0.0244187221
70700021805,0.015444638,0.0158447457,0.015077590875,0.015077590875,0.015077590875,0.015077590875,0.01517740775,0.015077590875
70700021806,0.013564551,0.013918287800000002,0.013441654950000001,0.013441654950000001,0.013441654950000001,0.013441654950000001,0.013512522125,0.013441654950000001
70700021807,0.0278754736,0.031986939400000004,0.0288008781,0.0288008781,0.0288008781,0.0288008781,0.029740736099999998,0.0288008781
70700030101,0.026082857199999997,0.026428737,0.0265226129,0.0265226129,0.0265226129,0.0265226129,0.02632834945,0.0265226129
70700030102,0.025852093399999998,0.0395454502,0.03048439445,0.03048439445,0.03048439445,0.03048439445,0.034023904199999996,0.03048439445
70700030103,0.0237497624,0.0273618758,0.0242975878,0.0242975878,0.0242975878,0.0242975878,0.02518249905,0.0242975878
70700030104,0.090580293,0.092123698,0.0872975218,0.0872975218,0.0872975218,0.0872975218,0.0867513877,0.0872975218
70700030201,0.09386658319999999,0.14749254,0.1126242466,0.1126242466,0.1126242466,0.1126242466,0.12664706004999998,0.1126242466
70700030202,0.060444193,0.0732974622,0.0613100041,0.0613100041,0.0613100041,0.0613100041,0.0649544028,0.0613100041
70700030203,0.049033222599999995,0.055979799600000005,0.0487402038,0.0487402038,0.0487402038,0.0487402038,0.050691220599999996,0.0487402038
70700030204,0.031839981,0.0359536164,0.0321764025,0.0321764025,0.0321764025,0.0321764025,0.0333561361,0.0321764025
70700030301,0.0123174441,0.014049471599999998,0.012609708925,0.012609708925,0.012609708925,0.012609708925,0.012938434025,0.012609708925
70700030302,0.032703593200000006,0.0387723358,0.03533474405,0.03533474405,0.03533474405,0.03533474405,0.0366170561,0.03533474405
70700030303,0.191626248,0.23999990000000002,0.1919685815,0.1919685815,0.1919685815,0.1919685815,0.204326694,0.1919685815
70700030304,0.033159307799999996,0.0388857012,0.03364307895,0.03364307895,0.03364307895,0.03364307895,0.03488872715,0.03364307895
70700030305,0.046256739199999994,0.050772165999999994,0.0465066117,0.0465066117,0.0465066117,0.0465066117,0.047634478949999996,0.0465066117
70700030306,0.0340510488,0.04490822,0.03474233285,0.03474233285,0.03474233285,0.03474233285,0.03743506335,0.03474233285
70700030401,0.116895831,0.16003578000000002,0.1307066794,0.1307066794,0.1307066794,0.1307066794,0.14071713489999998,0.1307066794
70700030402,0.082257804,0.1208658632,0.08913622375,0.08913622375,0.08913622375,0.08913622375,0.0986026975,0.08913622375
70700030403,0.0673618436,0.065898354,0.06439380609999999,0.06439380609999999,0.06439380609999999,0.06439380609999999,0.063968232,0.06439380609999999
70700030501,0.191972114,0.247053418,0.1893918135,0.1893918135,0.1893918135,0.1893918135,0.2016906585,0.1893918135
70700030502,0.05349583100000001,0.07666518,0.0571302325,0.0571302325,0.0571302325,0.0571302325,0.062465937900000004,0.0571302325
70700030503,0.07795688,0.107878468,0.08097753199999999,0.08097753199999999,0.08097753199999999,0.08097753199999999,0.08754607375,0.08097753199999999
70700030504,0.0468435294,0.0493099658,0.044797784949999996,0.044797784949999996,0.044797784949999996,0.044797784949999996,0.045300519299999994,0.044797784949999996
70700030601,0.0512679222,0.06968140240000001,0.053060734,0.053060734,0.053060734,0.053060734,0.056941391400000006,0.053060734
70700030602,0.0733534306,0.10369339100000001,0.08596875655,0.08596875655,0.08596875655,0.08596875655,0.0927227161,0.08596875655
70700030603,0.0984831664,0.10140432399999999,0.09035038395,0.09035038395,0.09035038395,0.09035038395,0.09077288925,0.09035038395
70700030701,0.032531211399999996,0.0379653072,0.0330371098,0.0330371098,0.0330371098,0.0330371098,0.0343462834,0.0330371098
70700030702,0.050049596200000004,0.0611164694,0.0502589096,0.0502589096,0.0502589096,0.0502589096,0.0530067595,0.0502589096
70700030703,0.044486928800000006,0.0482392866,0.04225750835,0.04225750835,0.04225750835,0.04225750835,0.04307351895,0.04225750835
70700030704,0.03221257600000001,0.0378791476,0.0330408371,0.0330408371,0.0330408371,0.0330408371,0.034418335700000004,0.0330408371
70700030705,0.10559655999999999,0.12987257800000002,0.11948796980000001,0.11948796980000001,0.11948796980000001,0.11948796980000001,0.12542948169999998,0.11948796980000001
70700030801,0.084501944,0.083785034,0.08265385115,0.08265385115,0.08265385115,0.08265385115,0.0814070989,0.08265385115
70700030802,0.0194229812,0.0180890476,0.018887457500000003,0.018887457500000003,0.018887457500000003,0.018887457500000003,0.01854797325,0.018887457500000003
70700030803,0.05085385099999999,0.0812676566,0.0505656395,0.0505656395,0.0505656395,0.0505656395,0.05809225575,0.0505656395
70700030804,0.0443968082,0.088783735,0.05786715335,0.05786715335,0.05786715335,0.05786715335,0.0688140815,0.05786715335
70700030901,0.0489577392,0.0641356654,0.0467567834,0.0467567834,0.0467567834,0.0467567834,0.0504668589,0.0467567834
70700030902,0.025133395600000004,0.0291870172,0.02512976825,0.02512976825,0.02512976825,0.02512976825,0.02600169175,0.02512976825
70700030903,0.026148752200000003,0.0303005852,0.02602512765,0.02602512765,0.02602512765,0.02602512765,0.0270049102,0.02602512765
70700030904,0.0625828804,0.0713971526,0.0654550978,0.0654550978,0.0654550978,0.0654550978,0.0677919186,0.0654550978
70700031001,0.0419093796,0.0479773498,0.042833954349999995,0.042833954349999995,0.042833954349999995,0.042833954349999995,0.044537840849999996,0.042833954349999995
70700031002,0.0563610332,0.0564240258,0.055051525899999995,0.055051525899999995,0.055051525899999995,0.055051525899999995,0.055314367600000004,0.055051525899999995
70700031003,0.038336447,0.043601895599999996,0.03893996985,0.03893996985,0.03893996985,0.03893996985,0.04027054915,0.03893996985
70700031004,0.0289064206,0.0312859096,0.02866619885,0.02866619885,0.02866619885,0.02866619885,0.029314668999999998,0.02866619885
70700031005,0.0123288597,0.0139406702,0.012746880524999999,0.012746880524999999,0.012746880524999999,0.012746880524999999,0.01317044375,0.012746880524999999
70700031101,0.059651621200000005,0.06871884460000001,0.061011330649999994,0.061011330649999994,0.061011330649999994,0.061011330649999994,0.06323783525,0.061011330649999994
70700031102,0.095414516,0.10925730200000001,0.09176159145,0.09176159145,0.09176159145,0.09176159145,0.09499190775000001,0.09176159145
70700031103,0.063486904,0.08163680879999999,0.06620483355,0.06620483355,0.06620483355,0.06620483355,0.07092518475000001,0.06620483355
70700031104,0.0243504858,0.027054762,0.02543714835,0.02543714835,0.02543714835,0.02543714835,0.02611739065,0.02543714835
70700031105,0.0501715984,0.0614678998,0.05192501115,0.05192501115,0.05192501115,0.05192501115,0.054739902699999995,0.05192501115
70700031106,0.0187227072,0.021875798800000002,0.0194124301,0.0194124301,0.0194124301,0.0194124301,0.02023445955,0.0194124301
70700031201,0.013623106200000002,0.0167003942,0.014280565424999999,0.014280565424999999,0.014280565424999999,0.014280565424999999,0.015055799675,0.014280565424999999
70700031202,0.0228629344,0.028146318599999998,0.02368093965,0.02368093965,0.02368093965,0.02368093965,0.02503915115,0.02368093965
70700031301,0.0114543048,0.0165163938,0.012575214174999998,0.012575214174999998,0.012575214174999998,0.012575214174999998,0.013849093875,0.012575214174999998
70700031401,0.0087936575,0.012166073000000001,0.009610222975,0.009610222975,0.009610222975,0.009610222975,0.010514786549999999,0.009610222975
70700031402,0.0079590176,0.0121353582,0.008649438280000001,0.008649438280000001,0.008649438280000001,0.008649438280000001,0.00971930608,0.008649438280000001
70700031501,0.089755256,0.112990806,0.10043169869999999,0.10043169869999999,0.10043169869999999,0.10043169869999999,0.1056506703,0.10043169869999999
70700031502,0.035796345,0.0475263398,0.0382814168,0.0382814168,0.0382814168,0.0382814168,0.041051643,0.0382814168
70700031503,0.048796026199999995,0.052589514000000004,0.04610101935,0.04610101935,0.04610101935,0.04610101935,0.04698598155,0.04610101935
70700031504,0.0329005114,0.0453843624,0.035463461,0.035463461,0.035463461,0.035463461,0.03845745585,0.035463461
70700031505,0.0232309384,0.041671204,0.02569366295,0.02569366295,0.02569366295,0.02569366295,0.0303533836,0.02569366295
70700031506,0.0156579342,0.0212560322,0.01699857625,0.01699857625,0.01699857625,0.01699857625,0.0184506246,0.01699857625
70700031507,0.0108338007,0.0161810576,0.011924179825,0.011924179825,0.011924179825,0.011924179825,0.013265345475,0.011924179825
70700031508,0.0125260974,0.0194480766,0.0136127913,0.0136127913,0.0136127913,0.0136127913,0.015349623400000002,0.0136127913
70700031601,0.029152588400000002,0.040176486,0.03135922965,0.03135922965,0.03135922965,0.03135922965,0.03401231185,0.03135922965
70700031602,0.0134746468,0.0201026016,0.0147210172,0.0147210172,0.0147210172,0.0147210172,0.01632653615,0.0147210172
70700031603,0.0408894884,0.0499438908,0.04299184715,0.04299184715,0.04299184715,0.04299184715,0.04493428035,0.04299184715
70700031604,0.0370386034,0.0513843264,0.0412785881,0.0412785881,0.0412785881,0.0412785881,0.044495214,0.0412785881
70700031605,0.0216958944,0.028164389800000002,0.0227872572,0.0227872572,0.0227872572,0.0227872572,0.0243330309,0.0227872572
70700031701,0.087945426,0.126122555,0.0892102968,0.0892102968,0.0892102968,0.0892102968,0.09853663445000001,0.0892102968
70700031702,0.040464052,0.0598520258,0.04300618435,0.04300618435,0.04300618435,0.04300618435,0.0476446906,0.04300618435
70700031703,0.0366335868,0.052298297800000004,0.03813732845,0.03813732845,0.03813732845,0.03813732845,0.0418393097,0.03813732845
70700031704,0.022336436600000002,0.028975261600000003,0.0238688326,0.0238688326,0.0238688326,0.0238688326,0.0254979442,0.0238688326
70700031801,0.0786528972,0.09802614080000001,0.08308834444999999,0.08308834444999999,0.08308834444999999,0.08308834444999999,0.0880817719,0.08308834444999999
70700031802,0.038708770999999996,0.0461532502,0.0408805425,0.0408805425,0.0408805425,0.0408805425,0.04287258295,0.0408805425
70700031803,0.047331084399999994,0.061665381000000005,0.0485940154,0.0485940154,0.0485940154,0.0485940154,0.052230944300000005,0.0485940154
70700031804,0.009448521120000001,0.0126432201,0.010114253634999999,0.010114253634999999,0.010114253634999999,0.010114253634999999,0.010875586155,0.010114253634999999
70700031805,0.0243592104,0.029646321799999997,0.026357722,0.026357722,0.026357722,0.026357722,0.02772933515,0.026357722
70700031806,0.079808904,0.103924941,0.0794602408,0.0794602408,0.0794602408,0.0794602408,0.085328687,0.0794602408
70700031807,0.0215788026,0.0323197358,0.02399970055,0.02399970055,0.02399970055,0.02399970055,0.02663032595,0.02399970055
70700031808,0.1023512204,0.14172628,0.10469991729999999,0.10469991729999999,0.10469991729999999,0.10469991729999999,0.11453244604999999,0.10469991729999999
70700031809,0.0213311812,0.0275598122,0.022041079550000002,0.022041079550000002,0.022041079550000002,0.022041079550000002,0.0235531238,0.022041079550000002
70700031901,0.0563874094,0.0830540968,0.0629489509,0.0629489509,0.0629489509,0.0629489509,0.0697513064,0.0629489509
70700031902,0.0336820736,0.05013914939999999,0.036426816699999996,0.036426816699999996,0.036426816699999996,0.036426816699999996,0.04031165775,0.036426816699999996
70700031903,0.0464271984,0.0692782468,0.0534422222,0.0534422222,0.0534422222,0.0534422222,0.05907226615,0.0534422222
70700031904,0.0502392568,0.0742632684,0.048549725,0.048549725,0.048549725,0.048549725,0.05468225725,0.048549725
70700031905,0.0760204318,0.125722652,0.06942940745000001,0.06942940745000001,0.06942940745000001,0.06942940745000001,0.0811473026,0.06942940745000001
70700031906,0.047539034,0.0613799212,0.0503572106,0.0503572106,0.0503572106,0.0503572106,0.053811950350000005,0.0503572106
70700031907,0.0332078148,0.0482482922,0.03553485615,0.03553485615,0.03553485615,0.03553485615,0.0396210474,0.03553485615
70700031908,0.0248217418,0.036210365,0.027412046099999997,0.027412046099999997,0.027412046099999997,0.027412046099999997,0.030246664700000002,0.027412046099999997
70700040101,0.054661674400000006,0.0712232352,0.05840971715,0.05840971715,0.05840971715,0.05840971715,0.062007175250000005,0.05840971715
70700040102,0.053026223,0.0714903566,0.057451018799999996,0.057451018799999996,0.057451018799999996,0.057451018799999996,0.0612912052,0.057451018799999996
70700040103,0.0593803192,0.11946493519999998,0.06425437365,0.06425437365,0.06425437365,0.06425437365,0.07656477855,0.06425437365
70700040104,0.050859251400000006,0.0695736306,0.05476437515,0.05476437515,0.05476437515,0.05476437515,0.05827021535,0.05476437515
70700040105,0.047505302799999996,0.0663988526,0.05135937355,0.05135937355,0.05135937355,0.05135937355,0.0548250605,0.05135937355
70700040106,0.05351509,0.07360764880000001,0.0629342618,0.0629342618,0.0629342618,0.0629342618,0.06675412075,0.0629342618
70700040107,0.053686796999999994,0.10382656000000001,0.058463886050000004,0.058463886050000004,0.058463886050000004,0.058463886050000004,0.0684548826,0.058463886050000004
70700040108,0.048207304,0.0646148096,0.051499227800000005,0.051499227800000005,0.051499227800000005,0.051499227800000005,0.05486321005,0.051499227800000005
70700040201,0.0650356326,0.0881592284,0.0698177123,0.0698177123,0.0698177123,0.0698177123,0.07444779565000001,0.0698177123
70700040202,0.0585714394,0.078806708,0.06266758385,0.06266758385,0.06266758385,0.06266758385,0.0672222184,0.06266758385
70700040203,0.0633033516,0.132923732,0.06842513545,0.06842513545,0.06842513545,0.06842513545,0.08439500845,0.06842513545
70700040204,0.0585158968,0.0776436408,0.06257133745,0.06257133745,0.06257133745,0.06257133745,0.06703435985,0.06257133745
70700040205,0.0432079462,0.057563109,0.0459225335,0.0459225335,0.0459225335,0.0459225335,0.04919421325,0.0459225335
70700040206,0.0409910874,0.0534604878,0.04377513965,0.04377513965,0.04377513965,0.04377513965,0.0463980575,0.04377513965
70700040207,0.0382004824,0.0844821102,0.04982474369999999,0.04982474369999999,0.04982474369999999,0.04982474369999999,0.06170406775,0.04982474369999999
70700040301,0.1289976892,0.24775589120000002,0.14760944805,0.14760944805,0.14760944805,0.14760944805,0.17966625305,0.14760944805
70700040302,0.09726235920000001,0.14173304,0.09798401785000001,0.09798401785000001,0.09798401785000001,0.09798401785000001,0.10895153980000001,0.09798401785000001
70700040303,0.029930862599999997,0.03604232,0.03086132365,0.03086132365,0.03086132365,0.03086132365,0.03222161885,0.03086132365
70700040304,0.058760713799999996,0.079647124,0.061611576050000005,0.061611576050000005,0.061611576050000005,0.061611576050000005,0.06654624145,0.061611576050000005
70700040305,0.07912607,0.13724241,0.08460842025000001,0.08460842025000001,0.08460842025000001,0.08460842025000001,0.09716072675000001,0.08460842025000001
70700040401,0.0300055688,0.0390851438,0.0334304317,0.0334304317,0.0334304317,0.0334304317,0.035177496600000004,0.0334304317
70700040402,0.06568931759999999,0.0750101572,0.06576732235,0.06576732235,0.06576732235,0.06576732235,0.06740724665,0.06576732235
70700040403,0.0493776366,0.086279531,0.0544665998,0.0544665998,0.0544665998,0.0544665998,0.0629877014,0.0544665998
70700040404,0.0406635614,0.06603890999999999,0.04617396075,0.04617396075,0.04617396075,0.04617396075,0.0517918847,0.04617396075
70700040405,0.046520860600000005,0.06675455,0.05919228135,0.05919228135,0.05919228135,0.05919228135,0.06389549915,0.05919228135
70700040406,0.0213350114,0.030857125200000002,0.0237744825,0.0237744825,0.0237744825,0.0237744825,0.02608637855,0.0237744825
70700050101,0.0421261864,0.060452961400000005,0.0479205758,0.0479205758,0.0479205758,0.0479205758,0.05198286,0.0479205758
70700050102,0.042159703199999995,0.059625290399999996,0.0474996891,0.0474996891,0.0474996891,0.0474996891,0.051574155850000004,0.0474996891
70700050103,0.0420916766,0.063764442,0.04683382955,0.04683382955,0.04683382955,0.04683382955,0.05173605345,0.04683382955
70700050104,0.049208752,0.07255760280000001,0.05349753025,0.05349753025,0.05349753025,0.05349753025,0.05914205625,0.05349753025
70700050105,0.0221516578,0.0347615676,0.025489918900000002,0.025489918900000002,0.025489918900000002,0.025489918900000002,0.0285446455,0.025489918900000002
70700050201,0.0825682402,0.129583692,0.0951475179,0.0951475179,0.0951475179,0.0951475179,0.10652922410000001,0.0951475179
70700050202,0.069771948,0.08688670400000001,0.07584451985,0.07584451985,0.07584451985,0.07584451985,0.0802208588,0.07584451985
70700050203,0.0996984434,0.12317866200000001,0.09796654865,0.09796654865,0.09796654865,0.09796654865,0.10456334785000002,0.09796654865
70700050204,0.10670790779999999,0.161407196,0.12698063804999998,0.12698063804999998,0.12698063804999998,0.12698063804999998,0.14255487475,0.12698063804999998
70700050205,0.1199452132,0.150172758,0.11375423595,0.11375423595,0.11375423595,0.11375423595,0.12158944445,0.11375423595
70700050206,0.09235662419999999,0.157881264,0.10847975235,0.10847975235,0.10847975235,0.10847975235,0.12421594505,0.10847975235
70700050301,0.08278141580000001,0.19347569999999997,0.11042536825,0.11042536825,0.11042536825,0.11042536825,0.13767751845,0.11042536825
70700050302,0.05143408940000001,0.08191926819999999,0.0581078254,0.0581078254,0.0581078254,0.0581078254,0.06485058575,0.0581078254
70700050303,0.0317649998,0.0471183654,0.0364675144,0.0364675144,0.0364675144,0.0364675144,0.040073469550000004,0.0364675144
70700050401,0.0577745426,0.081856281,0.0692840285,0.0692840285,0.0692840285,0.0692840285,0.07506721865,0.0692840285
70700050402,0.072882086,0.07620221860000001,0.06958695895,0.06958695895,0.06958695895,0.06958695895,0.07076989959999999,0.06958695895
70700050403,0.070129675,0.0835588948,0.08113715215,0.08113715215,0.08113715215,0.08113715215,0.08457479025,0.08113715215
70700050404,0.0708556824,0.0931847172,0.07906463135,0.07906463135,0.07906463135,0.07906463135,0.08437288675,0.07906463135
70700050405,0.0386936134,0.0673086628,0.0433040666,0.0433040666,0.0433040666,0.0433040666,0.0503015129,0.0433040666
70700050501,0.051560187199999996,0.1113825442,0.08034162645000001,0.08034162645000001,0.08034162645000001,0.08034162645000001,0.0956534329,0.08034162645000001
70700050502,0.047954707,0.07553558819999999,0.05930820605,0.05930820605,0.05930820605,0.05930820605,0.0662800611,0.05930820605
70700050503,0.0667178706,0.10726369899999999,0.0941096625,0.0941096625,0.0941096625,0.0941096625,0.10500229535000001,0.0941096625
70700050504,0.0939121136,0.139338868,0.0957812507,0.0957812507,0.0957812507,0.0957812507,0.10933978230000001,0.0957812507
70700050601,0.030919727399999996,0.0392270954,0.0382609625,0.0382609625,0.0382609625,0.0382609625,0.04064106075,0.0382609625
70700050602,0.027172757000000002,0.025855708999999998,0.025610102449999998,0.025610102449999998,0.025610102449999998,0.025610102449999998,0.02541747935,0.025610102449999998
70700050603,0.022331752599999997,0.041341627400000004,0.028753284400000002,0.028753284400000002,0.028753284400000002,0.028753284400000002,0.03387149055,0.028753284400000002
70700050701,0.033422231999999996,0.0507331172,0.03634394505,0.03634394505,0.03634394505,0.03634394505,0.0410158221,0.03634394505
70700050702,0.0194141512,0.030134409600000002,0.02214181645,0.02214181645,0.02214181645,0.02214181645,0.02498115155,0.02214181645
70700050703,0.020014883,0.0312683512,0.0227682907,0.0227682907,0.0227682907,0.0227682907,0.025765291550000003,0.0227682907
70700050704,0.021243678,0.0424131922,0.026942263700000003,0.026942263700000003,0.026942263700000003,0.026942263700000003,0.03236977615,0.026942263700000003
70700050705,0.024548421,0.0358901776,0.02881208495,0.02881208495,0.02881208495,0.02881208495,0.0319332078,0.02881208495
70700050801,0.027151129200000002,0.0725830174,0.03235948355,0.03235948355,0.03235948355,0.03235948355,0.0443391904,0.03235948355
70700050802,0.04407138779999999,0.11622906899999999,0.0695619916,0.0695619916,0.0695619916,0.0695619916,0.08860901445,0.0695619916
70700050803,0.0319555272,0.05063394759999999,0.0365223539,0.0365223539,0.0365223539,0.0365223539,0.0416341729,0.0365223539
70700050804,0.0246071454,0.0548157194,0.02702189465,0.02702189465,0.02702189465,0.02702189465,0.0353691419,0.02702189465
70700050901,0.0311105582,0.042400709599999996,0.032711765749999996,0.032711765749999996,0.032711765749999996,0.032711765749999996,0.03540884045,0.032711765749999996
70700050902,0.023559201600000003,0.0292976488,0.02482312985,0.02482312985,0.02482312985,0.02482312985,0.02631832555,0.02482312985
70700050903,0.027902795200000004,0.0507563848,0.032826480000000005,0.032826480000000005,0.032826480000000005,0.032826480000000005,0.03891079105,0.032826480000000005
70700051001,0.040328134599999996,0.06814268100000001,0.0433960241,0.0433960241,0.0433960241,0.0433960241,0.05036959840000001,0.0433960241
70700051002,0.030255281000000002,0.0405874008,0.0326876362,0.0326876362,0.0326876362,0.0326876362,0.035142669599999996,0.0326876362
70700051003,0.0321983356,0.0426743888,0.03625488235,0.03625488235,0.03625488235,0.03625488235,0.03901564585,0.03625488235
70700051101,0.0360522,0.0485490684,0.03959208525,0.03959208525,0.03959208525,0.03959208525,0.04213426405,0.03959208525
70700051102,0.0437325252,0.0932203084,0.05561478985,0.05561478985,0.05561478985,0.05561478985,0.06651265465,0.05561478985
70700051103,0.026933230399999997,0.0375919132,0.0297632065,0.0297632065,0.0297632065,0.0297632065,0.03211300125,0.0297632065
70700051104,0.0356758972,0.06624451420000001,0.0445923623,0.0445923623,0.0445923623,0.0445923623,0.05158980535,0.0445923623
70700051105,0.033259597,0.0456773054,0.0362111461,0.0362111461,0.0362111461,0.0362111461,0.0390476918,0.0362111461
70700051106,0.0319603476,0.043448132,0.034744986900000004,0.034744986900000004,0.034744986900000004,0.034744986900000004,0.03766239305,0.034744986900000004
70700051107,0.0308016248,0.044126232599999995,0.0369975744,0.0369975744,0.0369975744,0.0369975744,0.0401594772,0.0369975744
70700051108,0.0224415932,0.040382441,0.0286328831,0.0286328831,0.0286328831,0.0286328831,0.0333486416,0.0286328831
70700051201,0.0160122116,0.0242511964,0.017747733625,0.017747733625,0.017747733625,0.017747733625,0.019905010600000002,0.017747733625
70700051202,0.026908044600000004,0.0256364574,0.0270033443,0.0270033443,0.0270033443,0.0270033443,0.0268498463,0.0270033443
70700051203,0.0186253744,0.0274170678,0.020674487499999998,0.020674487499999998,0.020674487499999998,0.020674487499999998,0.0231022008,0.020674487499999998
70700051204,0.0187637154,0.0368728112,0.02170396095,0.02170396095,0.02170396095,0.02170396095,0.0265385931,0.02170396095
70700051205,0.038742375600000004,0.0524468562,0.04219106465,0.04219106465,0.04219106465,0.04219106465,0.0460651955,0.04219106465
70700051206,0.026482602799999998,0.0463879166,0.03191344505,0.03191344505,0.03191344505,0.03191344505,0.0371018801,0.03191344505
70700051207,0.0061020968600000005,0.0110778918,0.00724169061,0.00724169061,0.00724169061,0.00724169061,0.00856814084,0.00724169061
70700051301,0.0353074502,0.06508121359999999,0.0465800355,0.0465800355,0.0465800355,0.0465800355,0.053976216349999995,0.0465800355
70700051302,0.028049735,0.0439757144,0.032903098650000004,0.032903098650000004,0.032903098650000004,0.032903098650000004,0.03688005825,0.032903098650000004
70700051303,0.0359531414,0.052469895,0.0381541335,0.0381541335,0.0381541335,0.0381541335,0.04248366345,0.0381541335
70700051401,0.0463379928,0.1132773466,0.055670116650000004,0.055670116650000004,0.055670116650000004,0.055670116650000004,0.07443591445,0.055670116650000004
70700051402,0.0589381834,0.274297782,0.1169005294,0.1169005294,0.1169005294,0.1169005294,0.17581527255,0.1169005294
70700051403,0.0267881382,0.0391750248,0.0298280872,0.0298280872,0.0298280872,0.0298280872,0.0333825242,0.0298280872
70700051404,0.0317774656,0.0483709604,0.04198259655,0.04198259655,0.04198259655,0.04198259655,0.046593614500000005,0.04198259655
70700051405,0.0208713452,0.0296201172,0.0230550701,0.0230550701,0.0230550701,0.0230550701,0.02559321555,0.0230550701
70700051406,0.05042873560000001,0.12374924000000001,0.0687850056,0.0687850056,0.0687850056,0.0687850056,0.08859304445,0.0687850056
70700051407,0.0236475228,0.0286761538,0.02496794345,0.02496794345,0.02496794345,0.02496794345,0.0266814485,0.02496794345
70700051501,0.0328608116,0.047560918800000004,0.03667512525,0.03667512525,0.03667512525,0.03667512525,0.0403034793,0.03667512525
70700051502,0.0226643644,0.031994315,0.024987347,0.024987347,0.024987347,0.024987347,0.02743902585,0.024987347
70700051503,0.025135076,0.0355608706,0.027633831850000002,0.027633831850000002,0.027633831850000002,0.027633831850000002,0.030322016400000002,0.027633831850000002
70700051504,0.0234713946,0.030519439199999998,0.024812235725,0.024812235725,0.024812235725,0.024812235725,0.026600305400000003,0.024812235725
70700051601,0.036871311000000004,0.057563807599999996,0.04143462035,0.04143462035,0.04143462035,0.04143462035,0.047327412299999996,0.04143462035
70700051602,0.019626183,0.028379602599999998,0.02204032865,0.02204032865,0.02204032865,0.02204032865,0.0244729468,0.02204032865
70700051603,0.0250460006,0.036114953,0.028037532599999998,0.028037532599999998,0.028037532599999998,0.028037532599999998,0.03120535605,0.028037532599999998
70700051701,0.0146605126,0.0315571246,0.01759220855,0.01759220855,0.01759220855,0.01759220855,0.0221292377,0.01759220855
70700051702,0.0162790038,0.024514672999999997,0.019180614,0.019180614,0.019180614,0.019180614,0.0214379663,0.019180614
70700051703,0.029701306,0.041012656999999994,0.0327088543,0.0327088543,0.0327088543,0.0327088543,0.0358840563,0.0327088543
70700051704,0.0252245192,0.035238976,0.0278264758,0.0278264758,0.0278264758,0.0278264758,0.0307890237,0.0278264758
70700051705,0.00728950624,0.0110123132,0.00824151382,0.00824151382,0.00824151382,0.00824151382,0.00931981848,0.00824151382
70700051706,0.025325112599999998,0.0360276592,0.02812595265,0.02812595265,0.02812595265,0.02812595265,0.03132732975,0.02812595265
70700051707,0.0194622262,0.026005714200000002,0.01897929915,0.01897929915,0.01897929915,0.01897929915,0.02103897195,0.01897929915
70700051801,0.0199894208,0.0305058132,0.02269493705,0.02269493705,0.02269493705,0.02269493705,0.025494835650000002,0.02269493705
70700051802,0.0095575221,0.013939336,0.01065687412,0.01065687412,0.01065687412,0.01065687412,0.01185874412,0.01065687412
70700051803,0.0203240604,0.029317085799999996,0.0225193178,0.0225193178,0.0225193178,0.0225193178,0.024846778450000002,0.0225193178
70700051804,0.0116614448,0.0171335733,0.01297339025,0.01297339025,0.01297339025,0.01297339025,0.01438380195,0.01297339025
70700060101,0.0584016882,0.077589659,0.0644549338,0.0644549338,0.0644549338,0.0644549338,0.0687396804,0.0644549338
70700060102,0.0567036196,0.0906867322,0.0625922199,0.0625922199,0.0625922199,0.0625922199,0.07063333245,0.0625922199
70700060103,0.048529598800000004,0.0669143552,0.0523544315,0.0523544315,0.0523544315,0.0523544315,0.0561525956,0.0523544315
70700060104,0.045336379999999996,0.06076509879999999,0.04887099695,0.04887099695,0.04887099695,0.04887099695,0.05205955775,0.04887099695
70700060201,0.0714760316,0.163503854,0.0843801158,0.0843801158,0.0843801158,0.0843801158,0.10590175054999999,0.0843801158
70700060202,0.058189861200000005,0.0867621164,0.0710044853,0.0710044853,0.0710044853,0.0710044853,0.07750116125,0.0710044853
70700060203,0.0593475738,0.16185655719999997,0.0704162783,0.0704162783,0.0704162783,0.0704162783,0.09452918260000001,0.0704162783
70700060204,0.0385286236,0.052686751399999995,0.04271057865,0.04271057865,0.04271057865,0.04271057865,0.0459488752,0.04271057865
70700060205,0.032782829,0.0445661676,0.03907607455,0.03907607455,0.03907607455,0.03907607455,0.0417512779,0.03907607455
70700060301,0.054749234,0.09681841799999999,0.06473287089999999,0.06473287089999999,0.06473287089999999,0.06473287089999999,0.0745589838,0.06473287089999999
70700060302,0.0338529734,0.0622923308,0.0386885446,0.0386885446,0.0386885446,0.0386885446,0.044806299650000006,0.0386885446
70700060303,0.029074838600000003,0.0387799946,0.03161450765,0.03161450765,0.03161450765,0.03161450765,0.03355577315,0.03161450765
70700060304,0.034572382400000004,0.0466376252,0.0377984144,0.0377984144,0.0377984144,0.0377984144,0.04034561125,0.0377984144
70700060305,0.037888475,0.0766694606,0.04131909135,0.04131909135,0.04131909135,0.04131909135,0.05031221340000001,0.04131909135
70700060306,0.0319888382,0.061976886999999994,0.0360977703,0.0360977703,0.0360977703,0.0360977703,0.04258622205,0.0360977703
70700060307,0.0177330684,0.023592411599999998,0.019168140025,0.019168140025,0.019168140025,0.019168140025,0.0203520063,0.019168140025
70700060308,0.0399828936,0.1037280226,0.04683395315,0.04683395315,0.04683395315,0.04683395315,0.061633326450000005,0.04683395315
70700060309,0.0325201812,0.0470856758,0.036713394999999996,0.036713394999999996,0.036713394999999996,0.036713394999999996,0.04010479635,0.036713394999999996
70700060310,0.02420169,0.0329744488,0.0267366318,0.0267366318,0.0267366318,0.0267366318,0.028709078199999998,0.0267366318
70700060401,0.0483531194,0.0919994706,0.059753246999999995,0.059753246999999995,0.059753246999999995,0.059753246999999995,0.0704984578,0.059753246999999995
70700060402,0.0328422404,0.045346558999999995,0.03665825955,0.03665825955,0.03665825955,0.03665825955,0.0397624475,0.03665825955
70700060403,0.056420682599999994,0.11827364999999998,0.06938028069999999,0.06938028069999999,0.06938028069999999,0.06938028069999999,0.08458743804999999,0.06938028069999999
70700060404,0.019663665599999998,0.0269870832,0.021820192750000002,0.021820192750000002,0.021820192750000002,0.021820192750000002,0.023766188350000002,0.021820192750000002
70700060501,0.035778496,0.08491204799999999,0.039711446299999995,0.039711446299999995,0.039711446299999995,0.039711446299999995,0.0526665292,0.039711446299999995
70700060502,0.024071177,0.0338227842,0.026710936950000003,0.026710936950000003,0.026710936950000003,0.026710936950000003,0.0293227077,0.026710936950000003
70700060503,0.037031957399999996,0.06557588119999999,0.041106364,0.041106364,0.041106364,0.041106364,0.0481833964,0.041106364
70700060504,0.0385884752,0.0567330906,0.0428644725,0.0428644725,0.0428644725,0.0428644725,0.0476833828,0.0428644725
70700060505,0.0197855422,0.0274315272,0.021876747,0.021876747,0.021876747,0.021876747,0.0240426994,0.021876747
70700060506,0.0308204992,0.0449822332,0.034515730950000004,0.034515730950000004,0.034515730950000004,0.034515730950000004,0.03834863335,0.034515730950000004
70700060507,0.00682189366,0.0102109966,0.007660996620000001,0.007660996620000001,0.007660996620000001,0.007660996620000001,0.00861800739,0.007660996620000001
70801010101,0.17781455,0.344426112,0.22490283049999998,0.22490283049999998,0.22490283049999998,0.22490283049999998,0.270333164,0.22490283049999998
70801010102,0.17431944900000002,0.354586678,0.21794257795,0.21794257795,0.21794257795,0.21794257795,0.26642091245,0.21794257795
70801010201,0.177163944,0.388306508,0.243863488,0.243863488,0.243863488,0.243863488,0.30024203850000003,0.243863488
70801010202,0.33801910199999996,0.60820021,0.4383448805,0.4383448805,0.4383448805,0.4383448805,0.5090429295,0.4383448805
70801010203,0.129233498,0.30148307,0.18450972194999998,0.18450972194999998,0.18450972194999998,0.18450972194999998,0.2308010378,0.18450972194999998
70801010204,0.0441170342,0.10171450600000001,0.05849122375,0.05849122375,0.05849122375,0.05849122375,0.0730501557,0.05849122375
70801010301,0.53094065,0.644695222,0.568461199,0.568461199,0.568461199,0.568461199,0.6114660169999999,0.568461199
70801010302,0.323642262,0.41834175600000006,0.31981885779999997,0.31981885779999997,0.31981885779999997,0.31981885779999997,0.345128801,0.31981885779999997
70801010401,0.1242467908,0.374879314,0.22008903965,0.22008903965,0.22008903965,0.22008903965,0.28493044689999997,0.22008903965
70801010402,0.0541006788,0.099414068,0.0689805999,0.0689805999,0.0689805999,0.0689805999,0.08111461125,0.0689805999
70801010403,0.45078939,0.6038815,0.508649953,0.508649953,0.508649953,0.508649953,0.551122775,0.508649953
70801010404,0.14323813400000002,0.22978033,0.18089925575,0.18089925575,0.18089925575,0.18089925575,0.20389769175,0.18089925575
70801010405,0.330119598,0.569188332,0.41881019449999995,0.41881019449999995,0.41881019449999995,0.41881019449999995,0.4824245155,0.41881019449999995
70801010406,0.14037666799999998,0.251443898,0.18959422625,0.18959422625,0.18959422625,0.18959422625,0.21668252025,0.18959422625
70801010501,0.318515822,0.4857301319999999,0.3638784035,0.3638784035,0.3638784035,0.3638784035,0.41456915800000005,0.3638784035
70801010502,0.1257461,0.182082676,0.15343267924999998,0.15343267924999998,0.15343267924999998,0.15343267924999998,0.17440075825,0.15343267924999998
70801010601,0.037940454,0.0651716776,0.0465382053,0.0465382053,0.0465382053,0.0465382053,0.0536787693,0.0465382053
70801010602,0.1368951174,0.21527706000000002,0.17649468635,0.17649468635,0.17649468635,0.17649468635,0.19939915385,0.17649468635
70801010603,0.0323425932,0.0442012012,0.03958742715,0.03958742715,0.03958742715,0.03958742715,0.0430491239,0.03958742715
70801010604,0.18455955240000002,0.29741301600000003,0.2594299226,0.2594299226,0.2594299226,0.2594299226,0.28901159060000003,0.2594299226
70801010605,0.0209382394,0.033463466600000005,0.0268384522,0.0268384522,0.0268384522,0.0268384522,0.0298524749,0.0268384522
70801010701,0.10351479400000001,0.274637554,0.193581197,0.193581197,0.193581197,0.193581197,0.2360819825,0.193581197
70801010702,0.0498001012,0.113359918,0.06997015869999999,0.06997015869999999,0.06997015869999999,0.06997015869999999,0.08674702585,0.06997015869999999
70801010703,0.418642804,0.548085272,0.47678421550000005,0.47678421550000005,0.47678421550000005,0.47678421550000005,0.5141406655,0.47678421550000005
70801010704,0.154510846,0.210126242,0.17631435495,0.17631435495,0.17631435495,0.17631435495,0.1948573062,0.17631435495
70801010705,0.0236720248,0.0297207812,0.0263045605,0.0263045605,0.0263045605,0.0263045605,0.027915035900000003,0.0263045605
70801020101,0.623170078,0.731361494,0.6185986655,0.6185986655,0.6185986655,0.6185986655,0.6496811675,0.6185986655
70801020102,0.426538222,0.62627143,0.4795587595,0.4795587595,0.4795587595,0.4795587595,0.536857664,0.4795587595
70801020103,0.522874236,0.710151004,0.5337074900000001,0.5337074900000001,0.5337074900000001,0.5337074900000001,0.587242005,0.5337074900000001
70801020201,0.585788416,0.691599764,0.5924981295,0.5924981295,0.5924981295,0.5924981295,0.631300061,0.5924981295
70801020202,0.398520542,0.5701204200000001,0.4310559565,0.4310559565,0.4310559565,0.4310559565,0.4802774275,0.4310559565
70801020203,0.45048301199999996,0.625676768,0.457729835,0.457729835,0.457729835,0.457729835,0.506347113,0.457729835
70801020204,0.24214234399999998,0.47425051199999996,0.2681719475,0.2681719475,0.2681719475,0.2681719475,0.32852984350000003,0.2681719475
70801020301,0.57798677,0.728649212,0.5817089785,0.5817089785,0.5817089785,0.5817089785,0.6254236855,0.5817089785
70801020302,0.462155426,0.648848572,0.4905950175,0.4905950175,0.4905950175,0.4905950175,0.5468376845,0.4905950175
70801020303,0.18983834,0.320063824,0.2076879345,0.2076879345,0.2076879345,0.2076879345,0.2439404305,0.2076879345
70801020401,0.6007072960000001,0.751369348,0.6251594585,0.6251594585,0.6251594585,0.6251594585,0.6728700165,0.6251594585
70801020402,0.586499452,0.702062222,0.6223285745,0.6223285745,0.6223285745,0.6223285745,0.6610574675,0.6223285745
70801020403,0.489942646,0.60494756,0.525087203,0.525087203,0.525087203,0.525087203,0.5582776275,0.525087203
70801020501,0.502411696,0.670397468,0.5536824065,0.5536824065,0.5536824065,0.5536824065,0.6028060165,0.5536824065
70801020502,0.477911672,0.603508296,0.526307843,0.526307843,0.526307843,0.526307843,0.5636345945000001,0.526307843
70801020503,0.364475508,0.529690102,0.4223555975,0.4223555975,0.4223555975,0.4223555975,0.471746922,0.4223555975
70801020504,0.605731188,0.756684174,0.63909998,0.63909998,0.63909998,0.63909998,0.6828516885,0.63909998
70801020505,0.481098216,0.6100732339999999,0.5232900524999999,0.5232900524999999,0.5232900524999999,0.5232900524999999,0.5623044389999999,0.5232900524999999
70801020601,0.196855108,0.34794958400000003,0.2168725715,0.2168725715,0.2168725715,0.2168725715,0.2580256785,0.2168725715
70801020602,0.131032638,0.193592608,0.151660909,0.151660909,0.151660909,0.151660909,0.16809802425,0.151660909
70801020603,0.133219456,0.197507631,0.1541555217,0.1541555217,0.1541555217,0.1541555217,0.1701266965,0.1541555217
70801020604,0.403460994,0.511486458,0.434825354,0.434825354,0.434825354,0.434825354,0.47305289000000006,0.434825354
70801020701,0.511966436,0.635984556,0.5632466349999999,0.5632466349999999,0.5632466349999999,0.5632466349999999,0.6002434720000001,0.5632466349999999
70801020702,0.337167226,0.38539613599999994,0.382516708,0.382516708,0.382516708,0.382516708,0.399482597,0.382516708
70801020703,0.6638998779999999,0.7505608340000001,0.689708234,0.689708234,0.689708234,0.689708234,0.722107055,0.689708234
70801020704,0.465161882,0.560053172,0.492874701,0.492874701,0.492874701,0.492874701,0.5228216065,0.492874701
70801020801,0.31223479000000004,0.44311653999999995,0.349928679,0.349928679,0.349928679,0.349928679,0.387933586,0.349928679
70801020802,0.65613066,0.73761433,0.6792830225,0.6792830225,0.6792830225,0.6792830225,0.7046800445,0.6792830225
70801020803,0.38351008200000003,0.495411528,0.41937882699999995,0.41937882699999995,0.41937882699999995,0.41937882699999995,0.45782975099999995,0.41937882699999995
70801020804,0.6434804080000001,0.7204142840000001,0.6633421174999999,0.6633421174999999,0.6633421174999999,0.6633421174999999,0.6919476155,0.6633421174999999
70801020805,0.593338444,0.642958348,0.622703337,0.622703337,0.622703337,0.622703337,0.646049722,0.622703337
70801020806,0.490415872,0.59025935,0.5266082799999999,0.5266082799999999,0.5266082799999999,0.5266082799999999,0.564897909,0.5266082799999999
70801020901,0.6908546440000001,0.729038552,0.701869845,0.701869845,0.701869845,0.701869845,0.7279351345,0.701869845
70801020902,0.642703734,0.692388228,0.6531886925,0.6531886925,0.6531886925,0.6531886925,0.683532925,0.6531886925
70801020903,0.63021186,0.70745123,0.6509757415,0.6509757415,0.6509757415,0.6509757415,0.678835418,0.6509757415
70801020904,0.532875984,0.65795457,0.585723817,0.585723817,0.585723817,0.585723817,0.6223057855,0.585723817
70801020905,0.395582962,0.604769382,0.4860678235,0.4860678235,0.4860678235,0.4860678235,0.5406711575,0.4860678235
70801020906,0.303945482,0.503378674,0.3874035485,0.3874035485,0.3874035485,0.3874035485,0.4419989815,0.3874035485
70801021001,0.18997450200000002,0.349206876,0.2672553345,0.2672553345,0.2672553345,0.2672553345,0.309248052,0.2672553345
70801021002,0.207886348,0.31484657,0.2603552045,0.2603552045,0.2603552045,0.2603552045,0.2902542265,0.2603552045
70801021003,0.0680389612,0.094063493,0.081566952,0.081566952,0.081566952,0.081566952,0.08916412925,0.081566952
70801030101,0.495119572,0.696337394,0.594319988,0.594319988,0.594319988,0.594319988,0.646992994,0.594319988
70801030102,0.543975008,0.650197716,0.608014641,0.608014641,0.608014641,0.608014641,0.644318999,0.608014641
70801030103,0.5486478,0.7165364999999999,0.639952555,0.639952555,0.639952555,0.639952555,0.6881698235,0.639952555
70801030104,0.444768666,0.6516927920000001,0.540071867,0.540071867,0.540071867,0.540071867,0.594697706,0.540071867
70801030201,0.179179709,0.325525266,0.21469841425,0.21469841425,0.21469841425,0.21469841425,0.25465244275,0.21469841425
70801030202,0.551905638,0.70288902,0.6164958604999999,0.6164958604999999,0.6164958604999999,0.6164958604999999,0.6642357805,0.6164958604999999
70801030203,0.13885715599999998,0.305286326,0.19389215875000002,0.19389215875000002,0.19389215875000002,0.19389215875000002,0.23967019375,0.19389215875000002
70801030301,0.5946878219999999,0.7224536739999999,0.644711675,0.644711675,0.644711675,0.644711675,0.69275789,0.644711675
70801030302,0.571803562,0.726376916,0.6202267395,0.6202267395,0.6202267395,0.6202267395,0.668429999,0.6202267395
70801030303,0.477120906,0.6499214999999999,0.5423406985,0.5423406985,0.5423406985,0.5423406985,0.5992103120000001,0.5423406985
70801030401,0.190243052,0.379495192,0.25616618999999996,0.25616618999999996,0.25616618999999996,0.25616618999999996,0.31178160899999996,0.25616618999999996
70801030402,0.338898158,0.613063408,0.430146911,0.430146911,0.430146911,0.430146911,0.5052538845,0.430146911
70801030403,0.155570884,0.335263088,0.21082078545,0.21082078545,0.21082078545,0.21082078545,0.2606273762,0.21082078545
70801030404,0.414877916,0.689020294,0.505338145,0.505338145,0.505338145,0.505338145,0.577899465,0.505338145
70801030405,0.306633316,0.63134234,0.40959073999999995,0.40959073999999995,0.40959073999999995,0.40959073999999995,0.497122849,0.40959073999999995
70801030406,0.434011956,0.6539491,0.5189896205,0.5189896205,0.5189896205,0.5189896205,0.5857955805,0.5189896205
70801030407,0.460778232,0.650843556,0.5286219465,0.5286219465,0.5286219465,0.5286219465,0.591702089,0.5286219465
70801030408,0.45432366999999996,0.62187548,0.514527403,0.514527403,0.514527403,0.514527403,0.5640212575,0.514527403
70801030409,0.0342587066,0.059684196200000005,0.04263973225,0.04263973225,0.04263973225,0.04263973225,0.0496216652,0.04263973225
70801030501,0.47599852800000003,0.726576794,0.5647346315,0.5647346315,0.5647346315,0.5647346315,0.6314637835,0.5647346315
70801030502,0.35555938400000003,0.64576786,0.470154052,0.470154052,0.470154052,0.470154052,0.5507762185,0.470154052
70801030601,0.47426070200000003,0.72094268,0.562700239,0.562700239,0.562700239,0.562700239,0.6348988065000001,0.562700239
70801030602,0.43081881400000005,0.67355963,0.5172998515,0.5172998515,0.5172998515,0.5172998515,0.5871882549999999,0.5172998515
70801030603,0.138353687,0.281210574,0.19130524675,0.19130524675,0.19130524675,0.19130524675,0.23247402875,0.19130524675
70801030604,0.462570252,0.7209438159999999,0.5457932635,0.5457932635,0.5457932635,0.5457932635,0.62110559,0.5457932635
70801030605,0.092170068,0.169753154,0.12658239715,0.12658239715,0.12658239715,0.12658239715,0.14824102475,0.12658239715
70801030606,0.39483145,0.555198688,0.4564305405,0.4564305405,0.4564305405,0.4564305405,0.5047400425,0.4564305405
70801030607,0.0338466622,0.050399759200000005,0.040132714,0.040132714,0.040132714,0.040132714,0.0447457842,0.040132714
70801040101,0.5742709159999999,0.7208553959999999,0.63848667,0.63848667,0.63848667,0.63848667,0.6783880805,0.63848667
70801040102,0.48146605400000003,0.6482102359999999,0.5617912174999999,0.5617912174999999,0.5617912174999999,0.5617912174999999,0.6118695995000001,0.5617912174999999
70801040201,0.664556518,0.79921522,0.7079972449999999,0.7079972449999999,0.7079972449999999,0.7079972449999999,0.7444490645,0.7079972449999999
70801040202,0.184225128,0.28195551599999996,0.23751999494999998,0.23751999494999998,0.23751999494999998,0.23751999494999998,0.2664980667,0.23751999494999998
70801040301,0.435520404,0.553779398,0.474327869,0.474327869,0.474327869,0.474327869,0.514199724,0.474327869
70801040302,0.287645006,0.33982729,0.32306039625,0.32306039625,0.32306039625,0.32306039625,0.345473751,0.32306039625
70801040401,0.5116985140000001,0.710822964,0.588136805,0.588136805,0.588136805,0.588136805,0.6441888355,0.588136805
70801040402,0.42418454399999994,0.50380087,0.47219073050000004,0.47219073050000004,0.47219073050000004,0.47219073050000004,0.497764435,0.47219073050000004
70801040403,0.202482808,0.25940583,0.2337873735,0.2337873735,0.2337873735,0.2337873735,0.2548765485,0.2337873735
70801040404,0.317045236,0.333863572,0.3370754723,0.3370754723,0.3370754723,0.3370754723,0.3475605995,0.3370754723
70801040405,0.29601344,0.324074582,0.31775118999999996,0.31775118999999996,0.31775118999999996,0.31775118999999996,0.3324074085,0.31775118999999996
70801040501,0.558500632,0.70467046,0.6251988104999999,0.6251988104999999,0.6251988104999999,0.6251988104999999,0.6677340615,0.6251988104999999
70801040502,0.364341502,0.421567202,0.395767509,0.395767509,0.395767509,0.395767509,0.4198449545,0.395767509
70801040503,0.13419519600000002,0.216017986,0.1715335373,0.1715335373,0.1715335373,0.1715335373,0.1983494415,0.1715335373
70801040504,0.30800597,0.323972236,0.323813073,0.323813073,0.323813073,0.323813073,0.3400577695,0.323813073
70801040505,0.314128586,0.33148100199999997,0.338211812,0.338211812,0.338211812,0.338211812,0.348390807,0.338211812
70801040601,0.174930242,0.24508734599999998,0.21551594375,0.21551594375,0.21551594375,0.21551594375,0.23409230875000003,0.21551594375
70801040602,0.11202543679999999,0.16003611,0.154334679,0.154334679,0.154334679,0.154334679,0.167452206,0.154334679
70801040603,0.0391940514,0.039495449,0.04082784505,0.04082784505,0.04082784505,0.04082784505,0.04084208815,0.04082784505
70801040701,0.460168146,0.594075774,0.513639633,0.513639633,0.513639633,0.513639633,0.5515157695,0.513639633
70801040702,0.466955004,0.486529326,0.5052642620000001,0.5052642620000001,0.5052642620000001,0.5052642620000001,0.515498455,0.5052642620000001
70801040801,0.407362206,0.518880996,0.4700553785,0.4700553785,0.4700553785,0.4700553785,0.49905005999999996,0.4700553785
70801040802,0.488242994,0.5615537639999999,0.5393927940000001,0.5393927940000001,0.5393927940000001,0.5393927940000001,0.5616688595,0.5393927940000001
70801040803,0.47794308799999996,0.493315108,0.52886932,0.52886932,0.52886932,0.52886932,0.537385561,0.52886932
70801040901,0.67576957,0.6887131419999999,0.706250627,0.706250627,0.706250627,0.706250627,0.7104961585,0.706250627
70801040902,0.663242236,0.667243678,0.699899271,0.699899271,0.699899271,0.699899271,0.7058589000000001,0.699899271
70801040903,0.327641064,0.369319078,0.3784373235,0.3784373235,0.3784373235,0.3784373235,0.38987263149999996,0.3784373235
70801041001,0.42270712600000004,0.575909966,0.493558246,0.493558246,0.493558246,0.493558246,0.5363696725,0.493558246
70801041002,0.318791636,0.41418453,0.3825279375,0.3825279375,0.3825279375,0.3825279375,0.41266207250000003,0.3825279375
70801041003,0.52006497,0.6162494639999999,0.5660907655,0.5660907655,0.5660907655,0.5660907655,0.5927300915,0.5660907655
70801041004,0.313916218,0.39108661600000005,0.3607858265,0.3607858265,0.3607858265,0.3607858265,0.384310671,0.3607858265
70801041005,0.487993182,0.5318594,0.528470573,0.528470573,0.528470573,0.528470573,0.5467849545,0.528470573
70801041006,0.0915184766,0.1251953812,0.11914657785,0.11914657785,0.11914657785,0.11914657785,0.12600360454999998,0.11914657785
70801041007,0.1242012348,0.13704470559999998,0.1480040837,0.1480040837,0.1480040837,0.1480040837,0.1508938712,0.1480040837
70801041101,0.23194342900000003,0.30106531,0.30013611975,0.30013611975,0.30013611975,0.30013611975,0.32103646925,0.30013611975
70801041102,0.0503525604,0.071785749,0.0677963372,0.0677963372,0.0677963372,0.0677963372,0.07345778095,0.0677963372
70801041103,0.046052695399999996,0.039716317200000004,0.04736208965,0.04736208965,0.04736208965,0.04736208965,0.0458199342,0.04736208965
70801041201,0.286068438,0.331868232,0.338717546,0.338717546,0.338717546,0.338717546,0.35312956149999997,0.338717546
70801041202,0.152048144,0.20964902400000002,0.222559998,0.222559998,0.222559998,0.222559998,0.23656445580000002,0.222559998
70801041203,0.094990137,0.14379059700000002,0.13564091135,0.13564091135,0.13564091135,0.13564091135,0.1490721907,0.13564091135
70801041204,0.0551634934,0.0798194164,0.07777960785,0.07777960785,0.07777960785,0.07777960785,0.08524690545,0.07777960785
70801041301,0.39791624400000003,0.423463088,0.43853027000000006,0.43853027000000006,0.43853027000000006,0.43853027000000006,0.4464847905,0.43853027000000006
70801041302,0.2813303,0.343586508,0.3296847895,0.3296847895,0.3296847895,0.3296847895,0.34462589650000003,0.3296847895
70801041401,0.5594897120000001,0.568218954,0.5979229,0.5979229,0.5979229,0.5979229,0.608114535,0.5979229
70801041402,0.185521098,0.24244481599999998,0.23094935379999998,0.23094935379999998,0.23094935379999998,0.23094935379999998,0.2431099293,0.23094935379999998
70801041501,0.24555169000000002,0.26092274,0.295901803,0.295901803,0.295901803,0.295901803,0.2986069195,0.295901803
70801041502,0.026897492000000002,0.035851428399999996,0.0333409288,0.0333409288,0.0333409288,0.0333409288,0.035829868949999996,0.0333409288
70801041503,0.11001781880000001,0.08974500999999999,0.13120601,0.13120601,0.13120601,0.13120601,0.1319936386,0.13120601
70801041504,0.0227789466,0.0204057669,0.0250700765,0.0250700765,0.0250700765,0.0250700765,0.0252644818,0.0250700765
70801041505,0.0314344366,0.029831979600000003,0.03432859645,0.03432859645,0.03432859645,0.03432859645,0.03408266365,0.03432859645
70801041601,0.155775142,0.219128248,0.21393507679999998,0.21393507679999998,0.21393507679999998,0.21393507679999998,0.2267423873,0.21393507679999998
70801041602,0.1282113888,0.17603639,0.1775256312,0.1775256312,0.1775256312,0.1775256312,0.1875721412,0.1775256312
70801041603,0.0310337964,0.0482579372,0.048581451250000005,0.048581451250000005,0.048581451250000005,0.048581451250000005,0.0523311847,0.048581451250000005
70801041604,0.04308651,0.07275842860000001,0.05922302925,0.05922302925,0.05922302925,0.05922302925,0.06539685795,0.05922302925
70801041605,0.028363635199999997,0.046167454600000005,0.0342555467,0.0342555467,0.0342555467,0.0342555467,0.0380029568,0.0342555467
70801041701,0.16815014,0.247958662,0.22039441,0.22039441,0.22039441,0.22039441,0.239322464,0.22039441
70801041702,0.21394112599999998,0.265259532,0.2450092175,0.2450092175,0.2450092175,0.2450092175,0.2606844405,0.2450092175
70801041703,0.05606292859999999,0.09566350300000001,0.0765734602,0.0765734602,0.0765734602,0.0765734602,0.08451477105,0.0765734602
70801041704,0.0416715748,0.0605313272,0.05230287655,0.05230287655,0.05230287655,0.05230287655,0.0564521491,0.05230287655
70801041705,0.0510250344,0.0726393876,0.057837356400000005,0.057837356400000005,0.057837356400000005,0.057837356400000005,0.062300529400000006,0.057837356400000005
70801041801,0.28374466200000004,0.392994838,0.3243782815,0.3243782815,0.3243782815,0.3243782815,0.353694122,0.3243782815
70801041802,0.0366320792,0.0597308838,0.05290920165,0.05290920165,0.05290920165,0.05290920165,0.057257229300000004,0.05290920165
70801041803,0.342876556,0.43498768200000004,0.385944551,0.385944551,0.385944551,0.385944551,0.413530568,0.385944551
70801041804,0.37095452,0.38983387199999997,0.3830769042,0.3830769042,0.3830769042,0.3830769042,0.3924773992,0.3830769042
70801041805,0.1022235512,0.12072868020000001,0.10884471664999999,0.10884471664999999,0.10884471664999999,0.10884471664999999,0.11325859255,0.10884471664999999
70801041806,0.23597079279999997,0.28226347599999996,0.2527640652,0.2527640652,0.2527640652,0.2527640652,0.2664736484,0.2527640652
70801050101,0.557927278,0.625345934,0.5909634739999999,0.5909634739999999,0.5909634739999999,0.5909634739999999,0.6015177389999999,0.5909634739999999
70801050102,0.36841944,0.482796422,0.4434413665,0.4434413665,0.4434413665,0.4434413665,0.45917576000000004,0.4434413665
70801050201,0.511191862,0.547710968,0.520136428,0.520136428,0.520136428,0.520136428,0.5370861685,0.520136428
70801050202,0.302236832,0.374008612,0.365285451,0.365285451,0.365285451,0.365285451,0.3779143055,0.365285451
70801050301,0.461648458,0.6853487,0.5496085039999999,0.5496085039999999,0.5496085039999999,0.5496085039999999,0.5927403714999999,0.5496085039999999
70801050302,0.48583539,0.623329584,0.543435879,0.543435879,0.543435879,0.543435879,0.573433266,0.543435879
70801050303,0.46835711599999996,0.5591455240000001,0.5157837525,0.5157837525,0.5157837525,0.5157837525,0.5459811245,0.5157837525
70801050304,0.42742747400000003,0.543509578,0.49743397050000004,0.49743397050000004,0.49743397050000004,0.49743397050000004,0.529897568,0.49743397050000004
70801050305,0.330683904,0.40665798200000003,0.379577869,0.379577869,0.379577869,0.379577869,0.40425300350000004,0.379577869
70801050306,0.37576598,0.450390178,0.43227565349999997,0.43227565349999997,0.43227565349999997,0.43227565349999997,0.45908477799999997,0.43227565349999997
70801050307,0.25477613000000005,0.321946114,0.2969899755,0.2969899755,0.2969899755,0.2969899755,0.31975686400000003,0.2969899755
70801050401,0.476144166,0.545914942,0.5289977315,0.5289977315,0.5289977315,0.5289977315,0.5483681244999999,0.5289977315
70801050402,0.29017823,0.40571444999999995,0.362995824,0.362995824,0.362995824,0.362995824,0.3872851185,0.362995824
70801050403,0.50460421,0.587904486,0.5725614225,0.5725614225,0.5725614225,0.5725614225,0.5980868445,0.5725614225
70801050404,0.439639444,0.559264106,0.5118122115,0.5118122115,0.5118122115,0.5118122115,0.536951234,0.5118122115
70801050405,0.49259633,0.576357666,0.5595817590000001,0.5595817590000001,0.5595817590000001,0.5595817590000001,0.5845933,0.5595817590000001
70801050406,0.1355169192,0.203914824,0.1859692435,0.1859692435,0.1859692435,0.1859692435,0.2071038073,0.1859692435
70801050501,0.545371152,0.5582403140000001,0.5693404885000001,0.5693404885000001,0.5693404885000001,0.5693404885000001,0.5884059445,0.5693404885000001
70801050502,0.45335313599999993,0.51157287,0.500141787,0.500141787,0.500141787,0.500141787,0.5336716825,0.500141787
70801050601,0.589388704,0.640062286,0.6434829275,0.6434829275,0.6434829275,0.6434829275,0.6675490385,0.6434829275
70801050602,0.5174935940000001,0.587763452,0.573541075,0.573541075,0.573541075,0.573541075,0.604538687,0.573541075
70801050603,0.526349172,0.588022462,0.5965684215,0.5965684215,0.5965684215,0.5965684215,0.625353793,0.5965684215
70801050604,0.361080864,0.389613396,0.406079674,0.406079674,0.406079674,0.406079674,0.430354262,0.406079674
70801050701,0.425676334,0.47098599199999996,0.481551626,0.481551626,0.481551626,0.481551626,0.5023007275,0.481551626
70801050702,0.29406478599999997,0.41960952,0.35861900950000003,0.35861900950000003,0.35861900950000003,0.35861900950000003,0.4009444395,0.35861900950000003
70801050801,0.444765954,0.503659258,0.49701191299999997,0.49701191299999997,0.49701191299999997,0.49701191299999997,0.526341033,0.49701191299999997
70801050802,0.478698698,0.521865362,0.5214734215,0.5214734215,0.5214734215,0.5214734215,0.5390162475,0.5214734215
70801050803,0.36312712199999997,0.38955172000000005,0.420217173,0.420217173,0.420217173,0.420217173,0.4382562485,0.420217173
70801050804,0.303838858,0.457889998,0.3950336955,0.3950336955,0.3950336955,0.3950336955,0.44365963950000004,0.3950336955
70801050805,0.300086252,0.425595094,0.3812078855,0.3812078855,0.3812078855,0.3812078855,0.422093132,0.3812078855
70801050901,0.34676789,0.40282938599999996,0.393364026,0.393364026,0.393364026,0.393364026,0.41391984649999997,0.393364026
70801050902,0.326487316,0.379793476,0.37367395999999997,0.37367395999999997,0.37367395999999997,0.37367395999999997,0.393454627,0.37367395999999997
70801050903,0.424078982,0.453984812,0.475896294,0.475896294,0.475896294,0.475896294,0.499209454,0.475896294
70801050904,0.345918638,0.43728326400000006,0.418786832,0.418786832,0.418786832,0.418786832,0.45220315400000005,0.418786832
70801050905,0.22416607800000002,0.267468386,0.27567559070000003,0.27567559070000003,0.27567559070000003,0.27567559070000003,0.2943898152,0.27567559070000003
70801050906,0.222423328,0.26088858,0.283306644,0.283306644,0.283306644,0.283306644,0.2980444585,0.283306644
70801050907,0.475154762,0.5304227619999999,0.5491637815,0.5491637815,0.5491637815,0.5491637815,0.5712373119999999,0.5491637815
70801050908,0.1337671416,0.20751567199999998,0.1893080356,0.1893080356,0.1893080356,0.1893080356,0.21153540515000002,0.1893080356
70801051001,0.3624655,0.524647138,0.457210923,0.457210923,0.457210923,0.457210923,0.50254172,0.457210923
70801051002,0.299527324,0.47404078399999994,0.4289774315,0.4289774315,0.4289774315,0.4289774315,0.48351265449999997,0.4289774315
70801051101,0.324825292,0.404720704,0.39626953350000005,0.39626953350000005,0.39626953350000005,0.39626953350000005,0.42183171,0.39626953350000005
70801051102,0.346253686,0.45981090399999996,0.4214713785,0.4214713785,0.4214713785,0.4214713785,0.4549502710000001,0.4214713785
70801051103,0.297194824,0.388555084,0.373870401,0.373870401,0.373870401,0.373870401,0.40558289,0.373870401
70801051104,0.303460398,0.390349064,0.3882706395,0.3882706395,0.3882706395,0.3882706395,0.41652217399999997,0.3882706395
70801051105,0.211441218,0.353370602,0.3531549062,0.3531549062,0.3531549062,0.3531549062,0.3937796837,0.3531549062
70801051106,0.177254866,0.314574496,0.29944224425,0.29944224425,0.29944224425,0.29944224425,0.341124336,0.29944224425
70801051201,0.337035522,0.5036571519999999,0.4635211265,0.4635211265,0.4635211265,0.4635211265,0.512654338,0.4635211265
70801051202,0.15549415719999998,0.283743884,0.2736571958,0.2736571958,0.2736571958,0.2736571958,0.3083419933,0.2736571958
70801051203,0.11593317780000001,0.21094302599999998,0.20963376020000002,0.20963376020000002,0.20963376020000002,0.20963376020000002,0.23685187045,0.20963376020000002
70801051204,0.0396427694,0.0706332242,0.06510748605,0.06510748605,0.06510748605,0.06510748605,0.07291334395,0.06510748605
70801051205,0.047227558,0.1544216024,0.10570028490000001,0.10570028490000001,0.10570028490000001,0.10570028490000001,0.1319866472,0.10570028490000001
70801051206,0.0146499286,0.036572569799999996,0.02562526492,0.02562526492,0.02562526492,0.02562526492,0.03087022995,0.02562526492
70801051207,0.0596814636,0.1884523448,0.12937901245,0.12937901245,0.12937901245,0.12937901245,0.16097915425,0.12937901245
70801051208,0.017198834599999997,0.0453613938,0.0344249091,0.0344249091,0.0344249091,0.0344249091,0.04125692995,0.0344249091
70801060101,0.5995985239999999,0.637838114,0.6475697955,0.6475697955,0.6475697955,0.6475697955,0.6640800655,0.6475697955
70801060102,0.6248258059999999,0.6613023140000001,0.6648402250000001,0.6648402250000001,0.6648402250000001,0.6648402250000001,0.6841754210000001,0.6648402250000001
70801060103,0.47216068600000005,0.5493262,0.541624017,0.541624017,0.541624017,0.541624017,0.5663625595,0.541624017
70801060104,0.404617086,0.5072720000000001,0.485313745,0.485313745,0.485313745,0.485313745,0.5169929885,0.485313745
70801060105,0.376815354,0.47393828400000004,0.4604666175,0.4604666175,0.4604666175,0.4604666175,0.49053616450000004,0.4604666175
70801060201,0.525658808,0.622341222,0.606637762,0.606637762,0.606637762,0.606637762,0.645434411,0.606637762
70801060202,0.366154622,0.5467105999999999,0.4783479375,0.4783479375,0.4783479375,0.4783479375,0.5350283410000001,0.4783479375
70801060203,0.24711429000000001,0.46765814800000005,0.367371524,0.367371524,0.367371524,0.367371524,0.428457808,0.367371524
70801060204,0.31509400200000004,0.481098842,0.436678077,0.436678077,0.436678077,0.436678077,0.4883421115,0.436678077
70801060205,0.3265933,0.493959086,0.44347324400000004,0.44347324400000004,0.44347324400000004,0.44347324400000004,0.49042501099999997,0.44347324400000004
70801060206,0.12711446799999998,0.295914428,0.2481798993,0.2481798993,0.2481798993,0.2481798993,0.2927714385,0.2481798993
70801060301,0.24030906999999999,0.439272332,0.37998948050000003,0.37998948050000003,0.37998948050000003,0.37998948050000003,0.433969041,0.37998948050000003
70801060302,0.18103985,0.312469682,0.28643454100000004,0.28643454100000004,0.28643454100000004,0.28643454100000004,0.325227674,0.28643454100000004
70801060401,0.257153062,0.46964049799999996,0.3784793757,0.3784793757,0.3784793757,0.3784793757,0.43618592520000005,0.3784793757
70801060402,0.14984252,0.305198544,0.243758305,0.243758305,0.243758305,0.243758305,0.2854038115,0.243758305
70801060403,0.0648367306,0.1554690632,0.14287100125000002,0.14287100125000002,0.14287100125000002,0.14287100125000002,0.1665176932,0.14287100125000002
70801060404,0.0693828624,0.18735755780000002,0.1359752382,0.1359752382,0.1359752382,0.1359752382,0.16598067960000001,0.1359752382
70801060501,0.091785166,0.28429434119999997,0.2003816278,0.2003816278,0.2003816278,0.2003816278,0.250154516,0.2003816278
70801060502,0.088452116,0.2740649,0.20258368175000002,0.20258368175000002,0.20258368175000002,0.20258368175000002,0.2503128195,0.20258368175000002
70801060503,0.10075331080000001,0.308314078,0.2166915337,0.2166915337,0.2166915337,0.2166915337,0.26981064720000003,0.2166915337
70801060601,0.0268381072,0.0682570672,0.0540133004,0.0540133004,0.0540133004,0.0540133004,0.064302582,0.0540133004
70801060602,0.0974952572,0.26183382600000005,0.189733858,0.189733858,0.189733858,0.189733858,0.23269217195,0.189733858
70801060603,0.0711333102,0.21867936000000002,0.144107977,0.144107977,0.144107977,0.144107977,0.18130898485,0.144107977
70801060604,0.0119563476,0.0376553953,0.023251324725,0.023251324725,0.023251324725,0.023251324725,0.029568430325,0.023251324725
70801070101,0.126280422,0.314377472,0.21732360155000002,0.21732360155000002,0.21732360155000002,0.21732360155000002,0.2671826963,0.21732360155000002
70801070102,0.1359920992,0.242217729,0.21443973415,0.21443973415,0.21443973415,0.21443973415,0.24130155809999998,0.21443973415
70801070103,0.0700833762,0.1438093834,0.12326303320000001,0.12326303320000001,0.12326303320000001,0.12326303320000001,0.140673723,0.12326303320000001
70801070201,0.22872378599999998,0.29077694200000004,0.28516182725,0.28516182725,0.28516182725,0.28516182725,0.30140697974999997,0.28516182725
70801070202,0.177035576,0.19852689799999998,0.23829205400000003,0.23829205400000003,0.23829205400000003,0.23829205400000003,0.2446267185,0.23829205400000003
70801070203,0.214508586,0.314067926,0.27063031400000004,0.27063031400000004,0.27063031400000004,0.27063031400000004,0.2974808435,0.27063031400000004
70801070204,0.07290367340000001,0.1393323086,0.112871678,0.112871678,0.112871678,0.112871678,0.12813433030000002,0.112871678
70801070205,0.098203164,0.2076744272,0.18078681435000002,0.18078681435000002,0.18078681435000002,0.18078681435000002,0.20664404530000002,0.18078681435000002
70801070206,0.037993338599999996,0.07421055600000001,0.058622463300000004,0.058622463300000004,0.058622463300000004,0.058622463300000004,0.06701013655,0.058622463300000004
70801070301,0.0646785788,0.280135678,0.1556048289,0.1556048289,0.1556048289,0.1556048289,0.20848634695,0.1556048289
70801070302,0.0861360528,0.2538702192,0.1590194426,0.1590194426,0.1590194426,0.1590194426,0.20016277914999997,0.1590194426
70801070303,0.0592330138,0.170708218,0.11331588315,0.11331588315,0.11331588315,0.11331588315,0.13903514405,0.11331588315
70801070304,0.07645257080000001,0.1604358748,0.1300550485,0.1300550485,0.1300550485,0.1300550485,0.148241379,0.1300550485
70801070305,0.014497834000000001,0.0439554916,0.031258310425000005,0.031258310425000005,0.031258310425000005,0.031258310425000005,0.038081534774999995,0.031258310425000005
70801070306,0.13993302000000002,0.24442198199999998,0.21354541925,0.21354541925,0.21354541925,0.21354541925,0.23860485575,0.21354541925
70801070307,0.037340333600000004,0.0695473924,0.06176494185,0.06176494185,0.06176494185,0.06176494185,0.06909562394999999,0.06176494185
70801070401,0.0348286008,0.10938516360000002,0.0716815153,0.0716815153,0.0716815153,0.0716815153,0.08814508485,0.0716815153
70801070402,0.0680454422,0.182348186,0.1391892522,0.1391892522,0.1391892522,0.1391892522,0.16430906034999998,0.1391892522
70801070403,0.073443887,0.112363608,0.11615689025,0.11615689025,0.11615689025,0.11615689025,0.12442296425000002,0.11615689025
70801070404,0.0296441592,0.0845720902,0.0680823795,0.0680823795,0.0680823795,0.0680823795,0.0799211246,0.0680823795
70801070501,0.072697759,0.194928872,0.13829733445,0.13829733445,0.13829733445,0.13829733445,0.16648063145,0.13829733445
70801070502,0.0955012772,0.229803045,0.1803748219,0.1803748219,0.1803748219,0.1803748219,0.2126031491,0.1803748219
70801070601,0.21462488400000002,0.33158098,0.297421088,0.297421088,0.297421088,0.297421088,0.3314383905,0.297421088
70801070602,0.155563966,0.273527812,0.25629525025,0.25629525025,0.25629525025,0.25629525025,0.2893268145,0.25629525025
70801070603,0.20847019919999998,0.341620166,0.3084103608,0.3084103608,0.3084103608,0.3084103608,0.3425750373,0.3084103608
70801070604,0.125724911,0.2314227452,0.206250997,0.206250997,0.206250997,0.206250997,0.232647972,0.206250997
70801070701,0.13331040060000002,0.20803404799999997,0.2047301715,0.2047301715,0.2047301715,0.2047301715,0.2225559564,0.2047301715
70801070702,0.0787174506,0.16854328719999997,0.12214029135,0.12214029135,0.12214029135,0.12214029135,0.14048127915,0.12214029135
70801070703,0.0432407266,0.0911160384,0.07945336745,0.07945336745,0.07945336745,0.07945336745,0.08827443535,0.07945336745
70801070704,0.048796503000000005,0.0863500938,0.06744481165,0.06744481165,0.06744481165,0.06744481165,0.07375124699999999,0.06744481165
70801070705,0.0312998052,0.0787039776,0.06268560755,0.06268560755,0.06268560755,0.06268560755,0.07186461195,0.06268560755
70801070706,0.035930732,0.0658411642,0.052803119200000005,0.052803119200000005,0.052803119200000005,0.052803119200000005,0.05816760065,0.052803119200000005
70801070707,0.0944032534,0.151296058,0.1373734872,0.1373734872,0.1373734872,0.1373734872,0.14917092025,0.1373734872
70801070708,0.025629681799999998,0.047442576199999996,0.04160858315,0.04160858315,0.04160858315,0.04160858315,0.04587148015,0.04160858315
70801070709,0.057293439999999994,0.09799325440000001,0.09251779865000001,0.09251779865000001,0.09251779865000001,0.09251779865000001,0.10055686415000001,0.09251779865000001
70801070710,0.0358899536,0.049267712799999995,0.0459520022,0.0459520022,0.0459520022,0.0459520022,0.0486343279,0.0459520022
70801070801,0.1220408118,0.156019496,0.17663174934999998,0.17663174934999998,0.17663174934999998,0.17663174934999998,0.1837845186,0.17663174934999998
70801070802,0.0301854002,0.056779748799999995,0.06216699335,0.06216699335,0.06216699335,0.06216699335,0.06799568485,0.06216699335
70801070803,0.038769874600000004,0.0988735152,0.0714903341,0.0714903341,0.0714903341,0.0714903341,0.0837220614,0.0714903341
70801070804,0.051883249599999993,0.09049781059999999,0.08313292685,0.08313292685,0.08313292685,0.08313292685,0.09134272115,0.08313292685
70801070805,0.015393430599999999,0.032029217799999996,0.026216375549999997,0.026216375549999997,0.026216375549999997,0.026216375549999997,0.029785949099999997,0.026216375549999997
70801070901,0.300757886,0.36865220600000004,0.3632934155,0.3632934155,0.3632934155,0.3632934155,0.3838161265,0.3632934155
70801070902,0.1806736732,0.23162357679999998,0.236867764,0.236867764,0.236867764,0.236867764,0.25059915455000004,0.236867764
70801070903,0.160345758,0.198717126,0.2068245266,0.2068245266,0.2068245266,0.2068245266,0.2182621258,0.2068245266
70801070904,0.07632249399999999,0.0906846352,0.10736769539999999,0.10736769539999999,0.10736769539999999,0.10736769539999999,0.11066304935,0.10736769539999999
70801070905,0.09026519559999999,0.1268050904,0.12477389235,0.12477389235,0.12477389235,0.12477389235,0.13273430930000002,0.12477389235
70801071001,0.0809795506,0.1086970492,0.1105690014,0.1105690014,0.1105690014,0.1105690014,0.11710281959999999,0.1105690014
70801071002,0.0330632092,0.0457792264,0.048509553899999995,0.048509553899999995,0.048509553899999995,0.048509553899999995,0.0510753723,0.048509553899999995
70801071003,0.0143349192,0.0120672316,0.0173452174,0.0173452174,0.0173452174,0.0173452174,0.016768549350000002,0.0173452174
70801071004,0.11728206699999999,0.1803049232,0.15313374824999998,0.15313374824999998,0.15313374824999998,0.15313374824999998,0.1696610609,0.15313374824999998
70801071005,0.080047924,0.1131118208,0.10292280090000001,0.10292280090000001,0.10292280090000001,0.10292280090000001,0.11400443195000001,0.10292280090000001
70801071006,0.031004341400000003,0.0433892724,0.0399405656,0.0399405656,0.0399405656,0.0399405656,0.04283299785,0.0399405656
70802010101,0.5699000479999999,0.636967168,0.534547475,0.534547475,0.534547475,0.534547475,0.561593991,0.534547475
70802010102,0.539870666,0.6024068340000001,0.514500626,0.514500626,0.514500626,0.514500626,0.541340776,0.514500626
70802010103,0.600093152,0.698553456,0.5898467249999999,0.5898467249999999,0.5898467249999999,0.5898467249999999,0.625912811,0.5898467249999999
70802010104,0.41683414599999996,0.517289562,0.41020322800000003,0.41020322800000003,0.41020322800000003,0.41020322800000003,0.442987267,0.41020322800000003
70802010201,0.568389668,0.7168605720000001,0.6058741525,0.6058741525,0.6058741525,0.6058741525,0.6343336185,0.6058741525
70802010202,0.594984674,0.749497552,0.6268191055,0.6268191055,0.6268191055,0.6268191055,0.6605919685,0.6268191055
70802010203,0.5196710099999999,0.680149336,0.563016339,0.563016339,0.563016339,0.563016339,0.599761105,0.563016339
70802010204,0.44361614400000005,0.564409814,0.4607370845,0.4607370845,0.4607370845,0.4607370845,0.489461686,0.4607370845
70802010205,0.46592620999999995,0.669435664,0.5101010125000001,0.5101010125000001,0.5101010125000001,0.5101010125000001,0.555866558,0.5101010125000001
70802010206,0.42693280600000005,0.57149596,0.45446800100000007,0.45446800100000007,0.45446800100000007,0.45446800100000007,0.4919339895,0.45446800100000007
70802010301,0.537883532,0.721332168,0.610881996,0.610881996,0.610881996,0.610881996,0.647027805,0.610881996
70802010302,0.45730704200000005,0.595925012,0.474750151,0.474750151,0.474750151,0.474750151,0.5096812854999999,0.474750151
70802010401,0.63851792,0.73497369,0.626602256,0.626602256,0.626602256,0.626602256,0.6579452910000001,0.626602256
70802010402,0.6278412959999999,0.6968131,0.6254841675,0.6254841675,0.6254841675,0.6254841675,0.650477709,0.6254841675
70802010403,0.48093056599999995,0.567580944,0.47940585599999996,0.47940585599999996,0.47940585599999996,0.47940585599999996,0.5068134504999999,0.47940585599999996
70802010501,0.546124588,0.621765074,0.5360713745,0.5360713745,0.5360713745,0.5360713745,0.5729030374999999,0.5360713745
70802010502,0.45654396799999997,0.580258038,0.47249846,0.47249846,0.47249846,0.47249846,0.50875088,0.47249846
70802010503,0.570099014,0.62627726,0.550972923,0.550972923,0.550972923,0.550972923,0.5816856625,0.550972923
70802010504,0.5280527239999999,0.627862292,0.544753734,0.544753734,0.544753734,0.544753734,0.5769545225,0.544753734
70802010505,0.37660759,0.432455808,0.37137220649999997,0.37137220649999997,0.37137220649999997,0.37137220649999997,0.3950469835,0.37137220649999997
70802010601,0.532039012,0.581417562,0.5346542664999999,0.5346542664999999,0.5346542664999999,0.5346542664999999,0.5593617154999999,0.5346542664999999
70802010602,0.493989146,0.6564057560000001,0.5339009055,0.5339009055,0.5339009055,0.5339009055,0.5888482825,0.5339009055
70802010603,0.5787444780000001,0.7077262080000001,0.5929592109999999,0.5929592109999999,0.5929592109999999,0.5929592109999999,0.639053055,0.5929592109999999
70802010604,0.45831402400000004,0.6627430139999999,0.49381647500000003,0.49381647500000003,0.49381647500000003,0.49381647500000003,0.5604964035,0.49381647500000003
70802010605,0.38847178800000004,0.572278406,0.42237624399999996,0.42237624399999996,0.42237624399999996,0.42237624399999996,0.47407750249999997,0.42237624399999996
70802010701,0.510461264,0.717734352,0.5737371920000001,0.5737371920000001,0.5737371920000001,0.5737371920000001,0.61756648,0.5737371920000001
70802010702,0.5536842099999999,0.675598292,0.5811814240000001,0.5811814240000001,0.5811814240000001,0.5811814240000001,0.6178345270000001,0.5811814240000001
70802010703,0.615572558,0.69172231,0.6210560835,0.6210560835,0.6210560835,0.6210560835,0.6528861669999999,0.6210560835
70802010801,0.611831982,0.71896812,0.6280195645,0.6280195645,0.6280195645,0.6280195645,0.668068877,0.6280195645
70802010802,0.5511151759999999,0.666299462,0.5602024274999999,0.5602024274999999,0.5602024274999999,0.5602024274999999,0.598589263,0.5602024274999999
70802010803,0.5355717,0.68223628,0.549445238,0.549445238,0.549445238,0.549445238,0.5936021405,0.549445238
70802010901,0.45903309800000003,0.6501110299999999,0.47869921299999996,0.47869921299999996,0.47869921299999996,0.47869921299999996,0.5289383295000001,0.47869921299999996
70802010902,0.40174975599999996,0.52691612,0.41195446450000006,0.41195446450000006,0.41195446450000006,0.41195446450000006,0.447930321,0.41195446450000006
70802010903,0.1475815592,0.335514122,0.1729675103,0.1729675103,0.1729675103,0.1729675103,0.2173575278,0.1729675103
70802011001,0.435454188,0.617638202,0.4717382375,0.4717382375,0.4717382375,0.4717382375,0.522146959,0.4717382375
70802011002,0.5456725259999999,0.677669592,0.5658525695,0.5658525695,0.5658525695,0.5658525695,0.6057186275,0.5658525695
70802011003,0.283714276,0.443062548,0.296292065,0.296292065,0.296292065,0.296292065,0.3398896685,0.296292065
70802011004,0.55586655,0.672183842,0.559431176,0.559431176,0.559431176,0.559431176,0.589423425,0.559431176
70802011005,0.36738974999999996,0.6714882959999999,0.416068444,0.416068444,0.416068444,0.416068444,0.48853371799999995,0.416068444
70802011101,0.5923278,0.73987981,0.6222349735,0.6222349735,0.6222349735,0.6222349735,0.6688989519999999,0.6222349735
70802011102,0.483987162,0.6157921199999999,0.5180762555,0.5180762555,0.5180762555,0.5180762555,0.5626939595,0.5180762555
70802011103,0.32757766200000005,0.515094802,0.38308372749999997,0.38308372749999997,0.38308372749999997,0.38308372749999997,0.4344262315,0.38308372749999997
70802011201,0.597037638,0.758259742,0.63072077,0.63072077,0.63072077,0.63072077,0.679974165,0.63072077
70802011202,0.61595146,0.742279342,0.6348315259999999,0.6348315259999999,0.6348315259999999,0.6348315259999999,0.67831586,0.6348315259999999
70802011203,0.236392924,0.359662336,0.2553595125,0.2553595125,0.2553595125,0.2553595125,0.288434297,0.2553595125
70802011204,0.23371704,0.402829586,0.2604583405,0.2604583405,0.2604583405,0.2604583405,0.304559469,0.2604583405
70802011205,0.107113977,0.202801564,0.1300858388,0.1300858388,0.1300858388,0.1300858388,0.1538426313,0.1300858388
70802020101,0.45087871599999996,0.548136696,0.44865301750000003,0.44865301750000003,0.44865301750000003,0.44865301750000003,0.47820049200000003,0.44865301750000003
70802020102,0.437042128,0.511824226,0.42792100499999997,0.42792100499999997,0.42792100499999997,0.42792100499999997,0.452692572,0.42792100499999997
70802020103,0.615062794,0.6724148019999999,0.6019981504999999,0.6019981504999999,0.6019981504999999,0.6019981504999999,0.628317936,0.6019981504999999
70802020104,0.193680888,0.298785454,0.19836306850000002,0.19836306850000002,0.19836306850000002,0.19836306850000002,0.22572265749999998,0.19836306850000002
70802020105,0.419832088,0.491898462,0.39942602800000004,0.39942602800000004,0.39942602800000004,0.39942602800000004,0.4237008155,0.39942602800000004
70802020106,0.280599604,0.36911171,0.27126093625,0.27126093625,0.27126093625,0.27126093625,0.30018817425,0.27126093625
70802020107,0.266606258,0.339783918,0.2489764895,0.2489764895,0.2489764895,0.2489764895,0.26990577450000003,0.2489764895
70802020201,0.56499192,0.636524534,0.5287174915,0.5287174915,0.5287174915,0.5287174915,0.55444509,0.5287174915
70802020202,0.342094438,0.48411168,0.3324066597,0.3324066597,0.3324066597,0.3324066597,0.3711999257,0.3324066597
70802020203,0.36219316399999996,0.427470304,0.33853902925,0.33853902925,0.33853902925,0.33853902925,0.36284995374999995,0.33853902925
70802020301,0.579162132,0.692578828,0.5694690425,0.5694690425,0.5694690425,0.5694690425,0.6026902525000001,0.5694690425
70802020302,0.56221737,0.65635341,0.5580831215,0.5580831215,0.5580831215,0.5580831215,0.5889112015,0.5580831215
70802020303,0.517954096,0.6305099999999999,0.5234246419999999,0.5234246419999999,0.5234246419999999,0.5234246419999999,0.5542211189999999,0.5234246419999999
70802020304,0.343971146,0.46361389199999997,0.3563187815,0.3563187815,0.3563187815,0.3563187815,0.388323128,0.3563187815
70802020401,0.5821898560000001,0.66673074,0.5774936390000001,0.5774936390000001,0.5774936390000001,0.5774936390000001,0.6046333770000001,0.5774936390000001
70802020402,0.457625614,0.576089656,0.4896443785,0.4896443785,0.4896443785,0.4896443785,0.5291221515,0.4896443785
70802020403,0.4792104200000001,0.620010496,0.501922591,0.501922591,0.501922591,0.501922591,0.5384545745,0.501922591
70802020501,0.592759614,0.6661982099999999,0.5872402955,0.5872402955,0.5872402955,0.5872402955,0.616432688,0.5872402955
70802020502,0.528705454,0.692260776,0.5449002585,0.5449002585,0.5449002585,0.5449002585,0.5930358609999999,0.5449002585
70802020503,0.467755398,0.65614579,0.498704968,0.498704968,0.498704968,0.498704968,0.552068855,0.498704968
70802020504,0.40062517799999997,0.582058702,0.46019591049999997,0.46019591049999997,0.46019591049999997,0.46019591049999997,0.5080961495,0.46019591049999997
70802020601,0.49433667200000003,0.626956866,0.49535205399999993,0.49535205399999993,0.49535205399999993,0.49535205399999993,0.5291468255,0.49535205399999993
70802020602,0.48497747,0.6048312840000001,0.4887836005,0.4887836005,0.4887836005,0.4887836005,0.5232435975,0.4887836005
70802020603,0.5010463159999999,0.6375352719999999,0.5267998275,0.5267998275,0.5267998275,0.5267998275,0.5654596105,0.5267998275
70802020604,0.34494367800000003,0.538092298,0.361031514,0.361031514,0.361031514,0.361031514,0.4122437425,0.361031514
70802020605,0.4112898380000001,0.564561316,0.4385960825,0.4385960825,0.4385960825,0.4385960825,0.480023741,0.4385960825
70802020701,0.525419388,0.545687382,0.563821077,0.563821077,0.563821077,0.563821077,0.5864064415,0.563821077
70802020702,0.535370742,0.731343964,0.571027763,0.571027763,0.571027763,0.571027763,0.6246808115,0.571027763
70802020703,0.442106434,0.656486624,0.4833321965,0.4833321965,0.4833321965,0.4833321965,0.547241777,0.4833321965
70802020704,0.17863460120000002,0.32461460200000003,0.21742749849999998,0.21742749849999998,0.21742749849999998,0.21742749849999998,0.2527062415,0.21742749849999998
70802020705,0.15993482320000002,0.24023781299999997,0.18972743905,0.18972743905,0.18972743905,0.18972743905,0.21048723435,0.18972743905
70802030101,0.39148779,0.47081772,0.381423976,0.381423976,0.381423976,0.381423976,0.405848806,0.381423976
70802030102,0.527606488,0.639368716,0.522982973,0.522982973,0.522982973,0.522982973,0.5565319625,0.522982973
70802030103,0.47035633400000004,0.586970208,0.486625894,0.486625894,0.486625894,0.486625894,0.503799376,0.486625894
70802030104,0.37261257000000003,0.5425813340000001,0.38352333400000005,0.38352333400000005,0.38352333400000005,0.38352333400000005,0.42220578150000004,0.38352333400000005
70802030105,0.435653528,0.570381424,0.471890914,0.471890914,0.471890914,0.471890914,0.501233225,0.471890914
70802030106,0.306599132,0.45296746800000004,0.3297173275,0.3297173275,0.3297173275,0.3297173275,0.36373431749999996,0.3297173275
70802030107,0.265346584,0.438607704,0.2718643862,0.2718643862,0.2718643862,0.2718643862,0.3128150092,0.2718643862
70802030108,0.41360769399999997,0.554012854,0.41873290250000006,0.41873290250000006,0.41873290250000006,0.41873290250000006,0.454700019,0.41873290250000006
70802030109,0.30942044,0.40118809200000005,0.298177203,0.298177203,0.298177203,0.298177203,0.320502469,0.298177203
70802030201,0.23382779,0.28615463,0.22836769215000002,0.22836769215000002,0.22836769215000002,0.22836769215000002,0.24109721815000001,0.22836769215000002
70802030202,0.518362954,0.604429248,0.5179693925,0.5179693925,0.5179693925,0.5179693925,0.5419175475,0.5179693925
70802030203,0.4451933739999999,0.522204692,0.439434789,0.439434789,0.439434789,0.439434789,0.4614437455,0.439434789
70802030301,0.5559502000000001,0.6249717260000001,0.527525488,0.527525488,0.527525488,0.527525488,0.5541474915,0.527525488
70802030302,0.46585706800000004,0.542946516,0.436467235,0.436467235,0.436467235,0.436467235,0.46036939100000007,0.436467235
70802030303,0.440599678,0.5715470060000001,0.43689891549999993,0.43689891549999993,0.43689891549999993,0.43689891549999993,0.47295965500000003,0.43689891549999993
70802030304,0.46883238,0.585920056,0.466431889,0.466431889,0.466431889,0.466431889,0.49857513449999996,0.466431889
70802030305,0.4082934,0.48979300600000003,0.40584314500000007,0.40584314500000007,0.40584314500000007,0.40584314500000007,0.4327500125,0.40584314500000007
70802030306,0.24143575999999997,0.32868855999999996,0.23910711225,0.23910711225,0.23910711225,0.23910711225,0.26105622725,0.23910711225
70802030401,0.333678902,0.47943400599999997,0.348774506,0.348774506,0.348774506,0.348774506,0.3874460505,0.348774506
70802030402,0.376213252,0.510523096,0.366247135,0.366247135,0.366247135,0.366247135,0.40208340649999996,0.366247135
70802040101,0.48766823800000003,0.59293306,0.505505972,0.505505972,0.505505972,0.505505972,0.531205723,0.505505972
70802040102,0.47107705400000005,0.541868596,0.477868632,0.477868632,0.477868632,0.477868632,0.5032817715,0.477868632
70802040201,0.48406598800000006,0.5936752719999999,0.5028852765,0.5028852765,0.5028852765,0.5028852765,0.533914607,0.5028852765
70802040202,0.48972528400000004,0.5500874120000001,0.4872972955,0.4872972955,0.4872972955,0.4872972955,0.5079842485,0.4872972955
70802040203,0.52756861,0.616397558,0.5307989675,0.5307989675,0.5307989675,0.5307989675,0.5572005715,0.5307989675
70802040204,0.439681126,0.5007436679999999,0.43410646,0.43410646,0.43410646,0.43410646,0.45266114799999996,0.43410646
70802040301,0.604292328,0.638628486,0.5957549975,0.5957549975,0.5957549975,0.5957549975,0.6249551010000001,0.5957549975
70802040302,0.6211787799999999,0.657850814,0.611743579,0.611743579,0.611743579,0.611743579,0.6410841485,0.611743579
70802040303,0.527074638,0.62236691,0.5423737705,0.5423737705,0.5423737705,0.5423737705,0.577398293,0.5423737705
70802040304,0.6131393,0.636708492,0.629113409,0.629113409,0.629113409,0.629113409,0.640776891,0.629113409
70802040305,0.584340012,0.6341352259999999,0.607428261,0.607428261,0.607428261,0.607428261,0.6297052315,0.607428261
70802040306,0.49412453999999995,0.532312618,0.5138028735,0.5138028735,0.5138028735,0.5138028735,0.5284007715000001,0.5138028735
70802040401,0.596521072,0.638753848,0.607866613,0.607866613,0.607866613,0.607866613,0.627506114,0.607866613
70802040402,0.36422479,0.40586247799999997,0.3877753615,0.3877753615,0.3877753615,0.3877753615,0.406132076,0.3877753615
70802040501,0.528204404,0.648663554,0.5705228495,0.5705228495,0.5705228495,0.5705228495,0.6071832815,0.5705228495
70802040502,0.56483584,0.644685246,0.5749454605000001,0.5749454605000001,0.5749454605000001,0.5749454605000001,0.6071063925,0.5749454605000001
70802040503,0.46883651200000004,0.5217549079999999,0.49455209050000004,0.49455209050000004,0.49455209050000004,0.49455209050000004,0.5182539635000001,0.49455209050000004
70802040504,0.48988461799999994,0.516605092,0.5121517655,0.5121517655,0.5121517655,0.5121517655,0.5232173405,0.5121517655
70802040601,0.5588211980000001,0.62395558,0.5761128125,0.5761128125,0.5761128125,0.5761128125,0.6052479865,0.5761128125
70802040602,0.5355854499999999,0.559215608,0.539866466,0.539866466,0.539866466,0.539866466,0.5585797355,0.539866466
70802040603,0.495873122,0.6211000600000001,0.5399016295,0.5399016295,0.5399016295,0.5399016295,0.5800060389999999,0.5399016295
70802040604,0.545795106,0.579867012,0.5745363539999999,0.5745363539999999,0.5745363539999999,0.5745363539999999,0.5864065464999999,0.5745363539999999
70802040605,0.06364932840000001,0.08985836059999999,0.08054833424999999,0.08054833424999999,0.08054833424999999,0.08054833424999999,0.08677698985,0.08054833424999999
70802040606,0.525569742,0.532195454,0.543495027,0.543495027,0.543495027,0.543495027,0.554837221,0.543495027
70802040607,0.158783986,0.195356146,0.18999929570000001,0.18999929570000001,0.18999929570000001,0.18999929570000001,0.2003397687,0.18999929570000001
70802050101,0.619474454,0.698693446,0.6677844765000001,0.6677844765000001,0.6677844765000001,0.6677844765000001,0.6954391145,0.6677844765000001
70802050102,0.59480348,0.72563599,0.653913575,0.653913575,0.653913575,0.653913575,0.6966199965000001,0.653913575
70802050103,0.561517732,0.656231198,0.6162506275,0.6162506275,0.6162506275,0.6162506275,0.6488351415,0.6162506275
70802050201,0.499866956,0.594947478,0.5380217509999999,0.5380217509999999,0.5380217509999999,0.5380217509999999,0.5713864415,0.5380217509999999
70802050202,0.5019348339999999,0.568910992,0.538266434,0.538266434,0.538266434,0.538266434,0.5601467634999999,0.538266434
70802050203,0.411695284,0.527625048,0.47834155650000004,0.47834155650000004,0.47834155650000004,0.47834155650000004,0.5138932715,0.47834155650000004
70802050204,0.46037353000000003,0.47843673,0.517818803,0.517818803,0.517818803,0.517818803,0.5283849035,0.517818803
70802050301,0.5570689879999999,0.545472014,0.588912986,0.588912986,0.588912986,0.588912986,0.5953536955,0.588912986
70802050302,0.455909104,0.50937064,0.5211641105,0.5211641105,0.5211641105,0.5211641105,0.538158836,0.5211641105
70802050303,0.349408938,0.38697036799999995,0.401439252,0.401439252,0.401439252,0.401439252,0.419531079,0.401439252
70802050304,0.30043202,0.38460310600000003,0.357871718,0.357871718,0.357871718,0.357871718,0.391427763,0.357871718
70802050401,0.6577843339999999,0.726694728,0.679133456,0.679133456,0.679133456,0.679133456,0.720268241,0.679133456
70802050402,0.659194588,0.718531072,0.6868090535,0.6868090535,0.6868090535,0.6868090535,0.7180169275,0.6868090535
70802050403,0.650884124,0.702014272,0.6799259264999999,0.6799259264999999,0.6799259264999999,0.6799259264999999,0.7192384635,0.6799259264999999
70802050501,0.599518692,0.6594922599999999,0.6337634285,0.6337634285,0.6337634285,0.6337634285,0.674094066,0.6337634285
70802050502,0.6151265699999999,0.660427178,0.6397948419999999,0.6397948419999999,0.6397948419999999,0.6397948419999999,0.679934528,0.6397948419999999
70802050503,0.579325312,0.665913846,0.6122363215,0.6122363215,0.6122363215,0.6122363215,0.657447536,0.6122363215
70802050504,0.6133153520000001,0.674378048,0.637305212,0.637305212,0.637305212,0.637305212,0.6835780065,0.637305212
70802050505,0.5226772000000001,0.5881159,0.5466111255,0.5466111255,0.5466111255,0.5466111255,0.5988036095,0.5466111255
70802050601,0.434114514,0.548424428,0.49173255749999994,0.49173255749999994,0.49173255749999994,0.49173255749999994,0.5326362755,0.49173255749999994
70802050602,0.24889342399999997,0.366033366,0.312304303,0.312304303,0.312304303,0.312304303,0.354378741,0.312304303
70802050701,0.45399248400000003,0.569515864,0.51025403,0.51025403,0.51025403,0.51025403,0.5467512915,0.51025403
70802050702,0.417420164,0.5901050179999999,0.4713751295,0.4713751295,0.4713751295,0.4713751295,0.5197715695,0.4713751295
70802050703,0.099420098,0.19444519799999999,0.12404285824999998,0.12404285824999998,0.12404285824999998,0.12404285824999998,0.14803586870000002,0.12404285824999998
70802050801,0.613334154,0.63759641,0.6395769425,0.6395769425,0.6395769425,0.6395769425,0.6711245525,0.6395769425
70802050802,0.546605874,0.642098046,0.6025808460000001,0.6025808460000001,0.6025808460000001,0.6025808460000001,0.6519008435,0.6025808460000001
70802050803,0.5929755059999999,0.6515165599999999,0.6273911704999999,0.6273911704999999,0.6273911704999999,0.6273911704999999,0.670730614,0.6273911704999999
70802050804,0.321986128,0.6007622899999999,0.43646147150000003,0.43646147150000003,0.43646147150000003,0.43646147150000003,0.5103592465,0.43646147150000003
70802050805,0.4015089740000001,0.698176872,0.5108469395,0.5108469395,0.5108469395,0.5108469395,0.598370914,0.5108469395
70802050806,0.596605974,0.720953704,0.6349549505,0.6349549505,0.6349549505,0.6349549505,0.6826427975,0.6349549505
70802050807,0.42113030399999996,0.6368099,0.507397697,0.507397697,0.507397697,0.507397697,0.567247302,0.507397697
70802050808,0.31542265399999997,0.542892386,0.422741312,0.422741312,0.422741312,0.422741312,0.4875378445,0.422741312
70802050809,0.285930228,0.45585246999999995,0.34847992899999997,0.34847992899999997,0.34847992899999997,0.34847992899999997,0.4026129345,0.34847992899999997
70802050901,0.56507931,0.6857565,0.6098036425,0.6098036425,0.6098036425,0.6098036425,0.645393607,0.6098036425
70802050902,0.518946126,0.5795880999999999,0.545693797,0.545693797,0.545693797,0.545693797,0.5691485294999999,0.545693797
70802050903,0.557229468,0.63025626,0.5885344595,0.5885344595,0.5885344595,0.5885344595,0.622612798,0.5885344595
70802050904,0.605685688,0.71072704,0.645529869,0.645529869,0.645529869,0.645529869,0.6943996855,0.645529869
70802050905,0.523086232,0.5896917220000001,0.5696314325,0.5696314325,0.5696314325,0.5696314325,0.607648845,0.5696314325
70802050906,0.184691288,0.30603165800000004,0.2156972555,0.2156972555,0.2156972555,0.2156972555,0.2515390595,0.2156972555
70802050907,0.20772745,0.28216724800000004,0.24366316600000001,0.24366316600000001,0.24366316600000001,0.24366316600000001,0.26735291,0.24366316600000001
70802051001,0.5879223760000001,0.70564288,0.626900746,0.626900746,0.626900746,0.626900746,0.675414693,0.626900746
70802051002,0.59003145,0.635268508,0.604029853,0.604029853,0.604029853,0.604029853,0.624572656,0.604029853
70802051003,0.585670784,0.657281968,0.614467622,0.614467622,0.614467622,0.614467622,0.6494236305000001,0.614467622
70802051004,0.532885708,0.625543946,0.564066138,0.564066138,0.564066138,0.564066138,0.6008400789999999,0.564066138
70802051005,0.290051712,0.341498362,0.327894999,0.327894999,0.327894999,0.327894999,0.35369807249999996,0.327894999
70802051101,0.640160682,0.7242963720000001,0.664694355,0.664694355,0.664694355,0.664694355,0.710715078,0.664694355
70802051102,0.542203008,0.677556716,0.590830309,0.590830309,0.590830309,0.590830309,0.630506432,0.590830309
70802051103,0.554792338,0.6468372600000001,0.5925961455000001,0.5925961455000001,0.5925961455000001,0.5925961455000001,0.6259136215,0.5925961455000001
70802051104,0.65588254,0.768635526,0.6866911995,0.6866911995,0.6866911995,0.6866911995,0.720665406,0.6866911995
70802051105,0.0486288428,0.06768787400000001,0.06008521769999999,0.06008521769999999,0.06008521769999999,0.06008521769999999,0.06470187320000001,0.06008521769999999
70802051201,0.616455988,0.7253647040000001,0.6531200865,0.6531200865,0.6531200865,0.6531200865,0.712909896,0.6531200865
70802051202,0.6757564699999999,0.737544,0.6888388805,0.6888388805,0.6888388805,0.6888388805,0.724520135,0.6888388805
70802051203,0.660422252,0.742872328,0.6802683835,0.6802683835,0.6802683835,0.6802683835,0.7106716845000001,0.6802683835
70802051204,0.36849903,0.515038436,0.43647910549999996,0.43647910549999996,0.43647910549999996,0.43647910549999996,0.478310649,0.43647910549999996
70802051301,0.46878151199999996,0.6161149800000001,0.538732788,0.538732788,0.538732788,0.538732788,0.588294112,0.538732788
70802051302,0.29312764,0.464024824,0.38099067950000004,0.38099067950000004,0.38099067950000004,0.38099067950000004,0.430383367,0.38099067950000004
70802051401,0.61646755,0.737095072,0.6469962335,0.6469962335,0.6469962335,0.6469962335,0.685536911,0.6469962335
70802051402,0.640868022,0.737592578,0.664175777,0.664175777,0.664175777,0.664175777,0.6987177019999999,0.664175777
70802051403,0.711490908,0.790217376,0.7274244034999999,0.7274244034999999,0.7274244034999999,0.7274244034999999,0.7535507055,0.7274244034999999
70802051404,0.6272123860000001,0.703861536,0.6403490964999999,0.6403490964999999,0.6403490964999999,0.6403490964999999,0.676599413,0.6403490964999999
70802051405,0.325122472,0.47819933800000003,0.38224004850000004,0.38224004850000004,0.38224004850000004,0.38224004850000004,0.429702831,0.38224004850000004
70802051501,0.46558516,0.624329876,0.5333866415,0.5333866415,0.5333866415,0.5333866415,0.588507578,0.5333866415
70802051502,0.47138337,0.569719064,0.5176979095,0.5176979095,0.5176979095,0.5176979095,0.54721195,0.5176979095
70802051503,0.0619838184,0.10783688920000001,0.08396125235,0.08396125235,0.08396125235,0.08396125235,0.0947865055,0.08396125235
70802051504,0.035206382800000005,0.051429705400000005,0.04594880725,0.04594880725,0.04594880725,0.04594880725,0.0500024649,0.04594880725
70802051505,0.675810546,0.771370482,0.7057384175,0.7057384175,0.7057384175,0.7057384175,0.7417312755000001,0.7057384175
70802051506,0.4962863759999999,0.594767614,0.5342818245000001,0.5342818245000001,0.5342818245000001,0.5342818245000001,0.5746579205,0.5342818245000001
70802051507,0.10361073680000002,0.21989714400000002,0.15769360225,0.15769360225,0.15769360225,0.15769360225,0.18876473924999998,0.15769360225
70802060101,0.444880802,0.599916732,0.5251113645000001,0.5251113645000001,0.5251113645000001,0.5251113645000001,0.568317184,0.5251113645000001
70802060102,0.585836094,0.718950908,0.6379296520000001,0.6379296520000001,0.6379296520000001,0.6379296520000001,0.674874534,0.6379296520000001
70802060103,0.1352366774,0.17377814,0.16528572705,0.16528572705,0.16528572705,0.16528572705,0.1770394136,0.16528572705
70802060201,0.571448072,0.70567542,0.6265846039999999,0.6265846039999999,0.6265846039999999,0.6265846039999999,0.6677576745,0.6265846039999999
70802060202,0.48739217999999995,0.6610781379999999,0.545083075,0.545083075,0.545083075,0.545083075,0.595850044,0.545083075
70802060203,0.319608016,0.454030754,0.3762342945,0.3762342945,0.3762342945,0.3762342945,0.4148078105,0.3762342945
70802060301,0.602957798,0.664038844,0.652765779,0.652765779,0.652765779,0.652765779,0.6822536155,0.652765779
70802060302,0.340322484,0.5102154320000001,0.444086748,0.444086748,0.444086748,0.444086748,0.5019179965,0.444086748
70802060401,0.06784377039999999,0.0994688,0.0894372124,0.0894372124,0.0894372124,0.0894372124,0.09918222025,0.0894372124
70802060402,0.280783038,0.432044518,0.362182139,0.362182139,0.362182139,0.362182139,0.40622946750000005,0.362182139
70802060403,0.181886262,0.21727106,0.2081740357,0.2081740357,0.2081740357,0.2081740357,0.2194837242,0.2081740357
70802060404,0.316472276,0.48068981400000005,0.3877027017,0.3877027017,0.3877027017,0.3877027017,0.439984061,0.3877027017
70802060405,0.1251117008,0.193793028,0.1692286479,0.1692286479,0.1692286479,0.1692286479,0.1897444567,0.1692286479
70802060406,0.443177456,0.5513101579999999,0.5053557635,0.5053557635,0.5053557635,0.5053557635,0.5549959335,0.5053557635
70802060407,0.0629654858,0.09867214740000001,0.0881855007,0.0881855007,0.0881855007,0.0881855007,0.09957429300000001,0.0881855007
70802060501,0.508173326,0.63606858,0.5535071585,0.5535071585,0.5535071585,0.5535071585,0.607140951,0.5535071585
70802060502,0.47601789399999994,0.661981732,0.5507442305,0.5507442305,0.5507442305,0.5507442305,0.6094027545,0.5507442305
70802060503,0.2312402848,0.404717942,0.3067459107,0.3067459107,0.3067459107,0.3067459107,0.3562930937,0.3067459107
70802060601,0.6036625019999999,0.7662468779999999,0.656399144,0.656399144,0.656399144,0.656399144,0.7124514590000001,0.656399144
70802060602,0.566557004,0.70595738,0.6307277095,0.6307277095,0.6307277095,0.6307277095,0.6845698485,0.6307277095
70802060603,0.36312096400000005,0.5113461340000001,0.4353477065,0.4353477065,0.4353477065,0.4353477065,0.4797724515,0.4353477065
70802060701,0.47913729800000004,0.574312106,0.5445500515,0.5445500515,0.5445500515,0.5445500515,0.5854304825,0.5445500515
70802060702,0.36352782,0.526451018,0.44294910849999997,0.44294910849999997,0.44294910849999997,0.44294910849999997,0.488801125,0.44294910849999997
70802060703,0.371421824,0.572387078,0.4581304665,0.4581304665,0.4581304665,0.4581304665,0.5124873665,0.4581304665
70802060704,0.43825842000000004,0.598283318,0.5229348445,0.5229348445,0.5229348445,0.5229348445,0.5690531035,0.5229348445
70802060705,0.168219918,0.365331432,0.24589950200000002,0.24589950200000002,0.24589950200000002,0.24589950200000002,0.2975618955,0.24589950200000002
70802060801,0.463180252,0.635298748,0.546814528,0.546814528,0.546814528,0.546814528,0.59778677,0.546814528
70802060802,0.1199305648,0.23835163,0.16706889345,0.16706889345,0.16706889345,0.16706889345,0.19964428165,0.16706889345
70802060803,0.0337631112,0.048476482599999995,0.0429870086,0.0429870086,0.0429870086,0.0429870086,0.04727424545,0.0429870086
70802060804,0.056903538399999995,0.10106417620000001,0.07582430144999999,0.07582430144999999,0.07582430144999999,0.07582430144999999,0.0873463056,0.07582430144999999
70802060805,0.055350991,0.09997755159999999,0.0712509586,0.0712509586,0.0712509586,0.0712509586,0.08376268654999999,0.0712509586
70802060806,0.0264332045,0.0391801152,0.032747748675,0.032747748675,0.032747748675,0.032747748675,0.036089928675,0.032747748675
70802060807,0.0247225014,0.0334259318,0.02836502975,0.02836502975,0.02836502975,0.02836502975,0.03068642835,0.02836502975
70802070101,0.456824856,0.566656802,0.4773829675,0.4773829675,0.4773829675,0.4773829675,0.5024880185,0.4773829675
70802070102,0.47560348399999997,0.6185976440000001,0.537289655,0.537289655,0.537289655,0.537289655,0.558499115,0.537289655
70802070103,0.246310334,0.33032935,0.265667989,0.265667989,0.265667989,0.265667989,0.280236506,0.265667989
70802070104,0.45848357799999995,0.614637678,0.511470964,0.511470964,0.511470964,0.511470964,0.534827137,0.511470964
70802070201,0.5312402119999999,0.638323214,0.560699506,0.560699506,0.560699506,0.560699506,0.576950371,0.560699506
70802070202,0.566824936,0.694687594,0.5853315,0.5853315,0.5853315,0.5853315,0.6080259775,0.5853315
70802070203,0.544867754,0.6545635479999999,0.5614615945,0.5614615945,0.5614615945,0.5614615945,0.581830346,0.5614615945
70802070204,0.5383538480000001,0.656211,0.5579088095,0.5579088095,0.5579088095,0.5579088095,0.5763006925,0.5579088095
70802070205,0.45467211399999996,0.557980524,0.4756013405,0.4756013405,0.4756013405,0.4756013405,0.49444616799999996,0.4756013405
70802070301,0.549933078,0.6001912939999999,0.538659652,0.538659652,0.538659652,0.538659652,0.564998941,0.538659652
70802070302,0.296360548,0.471981142,0.3207224512,0.3207224512,0.3207224512,0.3207224512,0.3664055107,0.3207224512
70802070303,0.5560408179999999,0.641404068,0.562127458,0.562127458,0.562127458,0.562127458,0.59486349,0.562127458
70802070304,0.5696359599999999,0.68073645,0.5805614845,0.5805614845,0.5805614845,0.5805614845,0.6126626335,0.5805614845
70802070305,0.29455117199999997,0.4452634919999999,0.317740723,0.317740723,0.317740723,0.317740723,0.35799318750000003,0.317740723
70802070306,0.54951096,0.659667048,0.5715858315,0.5715858315,0.5715858315,0.5715858315,0.608659433,0.5715858315
70802070307,0.5232124899999999,0.6310591480000001,0.5531704805,0.5531704805,0.5531704805,0.5531704805,0.5861856045,0.5531704805
70802070308,0.23772071600000003,0.37267312,0.2715379435,0.2715379435,0.2715379435,0.2715379435,0.31200000299999997,0.2715379435
70802070309,0.392928198,0.49057764200000004,0.4296996675,0.4296996675,0.4296996675,0.4296996675,0.4621980185,0.4296996675
70802070310,0.5741905199999999,0.69103934,0.6251152435,0.6251152435,0.6251152435,0.6251152435,0.6633852905,0.6251152435
70802070311,0.41713552600000003,0.55348675,0.4643963695,0.4643963695,0.4643963695,0.4643963695,0.5026107105000001,0.4643963695
70802070401,0.542408836,0.602949904,0.575186322,0.575186322,0.575186322,0.575186322,0.6047869895,0.575186322
70802070402,0.347256664,0.42477379,0.418662226,0.418662226,0.418662226,0.418662226,0.44807496799999996,0.418662226
70802070501,0.565279344,0.665198424,0.6175640265,0.6175640265,0.6175640265,0.6175640265,0.6511564885000001,0.6175640265
70802070502,0.529347494,0.635495178,0.593201825,0.593201825,0.593201825,0.593201825,0.6224652085,0.593201825
70802070601,0.5970596739999999,0.6601185860000001,0.6121898415,0.6121898415,0.6121898415,0.6121898415,0.6341472465,0.6121898415
70802070602,0.5563922960000001,0.6198349000000001,0.583186413,0.583186413,0.583186413,0.583186413,0.610812427,0.583186413
70802070603,0.384106214,0.47236406799999997,0.44795833900000004,0.44795833900000004,0.44795833900000004,0.44795833900000004,0.48649359299999995,0.44795833900000004
70802070604,0.27117277399999995,0.370059132,0.33400944,0.33400944,0.33400944,0.33400944,0.362602268,0.33400944
70802070701,0.5770271659999999,0.6466381240000001,0.6291128305,0.6291128305,0.6291128305,0.6291128305,0.658864478,0.6291128305
70802070702,0.610055856,0.6542318500000001,0.6414886545,0.6414886545,0.6414886545,0.6414886545,0.664281757,0.6414886545
70802070801,0.54779304,0.576446242,0.5977057965,0.5977057965,0.5977057965,0.5977057965,0.6239100165,0.5977057965
70802070802,0.529503508,0.6340982000000001,0.6076575185,0.6076575185,0.6076575185,0.6076575185,0.6422361889999999,0.6076575185
70802070803,0.530132286,0.56048321,0.589575844,0.589575844,0.589575844,0.589575844,0.61313162,0.589575844
70802070804,0.588411216,0.6389145980000001,0.6359798735,0.6359798735,0.6359798735,0.6359798735,0.661471609,0.6359798735
70802070805,0.533104298,0.556615616,0.571338771,0.571338771,0.571338771,0.571338771,0.5878705675,0.571338771
70802070901,0.282223228,0.449415746,0.3435758055,0.3435758055,0.3435758055,0.3435758055,0.3891602075,0.3435758055
70802070902,0.321659422,0.421862748,0.38873771,0.38873771,0.38873771,0.38873771,0.422776729,0.38873771
70802070903,0.56547415,0.62454431,0.6043911475,0.6043911475,0.6043911475,0.6043911475,0.6390881255,0.6043911475
70802070904,0.5999394,0.6831225439999999,0.6424619254999999,0.6424619254999999,0.6424619254999999,0.6424619254999999,0.6792289109999999,0.6424619254999999
70802070905,0.324813738,0.43459917,0.380430013,0.380430013,0.380430013,0.380430013,0.413230952,0.380430013
70802080101,0.618848838,0.643932022,0.6699461215,0.6699461215,0.6699461215,0.6699461215,0.6828463730000001,0.6699461215
70802080102,0.393338382,0.46925658,0.455328541,0.455328541,0.455328541,0.455328541,0.478496671,0.455328541
70802080201,0.65744795,0.6563657980000001,0.6802707115,0.6802707115,0.6802707115,0.6802707115,0.6912715815,0.6802707115
70802080202,0.649316594,0.6547966780000001,0.676894458,0.676894458,0.676894458,0.676894458,0.688689922,0.676894458
70802080203,0.48356853,0.534656278,0.5430735744999999,0.5430735744999999,0.5430735744999999,0.5430735744999999,0.5662596555,0.5430735744999999
70802080204,0.606586638,0.626915062,0.6490374235,0.6490374235,0.6490374235,0.6490374235,0.6639746645,0.6490374235
70802080205,0.424165624,0.468255496,0.4848418515,0.4848418515,0.4848418515,0.4848418515,0.5014941565,0.4848418515
70802080206,0.367686658,0.45054696400000005,0.4320761955,0.4320761955,0.4320761955,0.4320761955,0.4642401145,0.4320761955
70802080301,0.390149878,0.615345594,0.4944593665,0.4944593665,0.4944593665,0.4944593665,0.5564985675,0.4944593665
70802080302,0.24321163599999998,0.39565925,0.31472793880000005,0.31472793880000005,0.31472793880000005,0.31472793880000005,0.3555265163,0.31472793880000005
70802080401,0.5048575160000001,0.570790012,0.5454846315,0.5454846315,0.5454846315,0.5454846315,0.585860306,0.5454846315
70802080402,0.550411726,0.622973842,0.6014082695,0.6014082695,0.6014082695,0.6014082695,0.636240412,0.6014082695
70802080403,0.140270739,0.21766372,0.1892576688,0.1892576688,0.1892576688,0.1892576688,0.21329886525,0.1892576688
70802080404,0.254886022,0.465055252,0.37903147000000004,0.37903147000000004,0.37903147000000004,0.37903147000000004,0.43440765849999996,0.37903147000000004
70802080405,0.170807756,0.254092082,0.23552358899999998,0.23552358899999998,0.23552358899999998,0.23552358899999998,0.259570249,0.23552358899999998
70802080406,0.44451407200000004,0.555900022,0.523807176,0.523807176,0.523807176,0.523807176,0.55725575,0.523807176
70802080407,0.0486087018,0.0883443746,0.0679567997,0.0679567997,0.0679567997,0.0679567997,0.07830113195,0.0679567997
70802080501,0.32582457200000003,0.525448192,0.40583588400000004,0.40583588400000004,0.40583588400000004,0.40583588400000004,0.46046538249999996,0.40583588400000004
70802080502,0.41899328599999996,0.616136408,0.4865133505,0.4865133505,0.4865133505,0.4865133505,0.554050053,0.4865133505
70802080503,0.6238442120000001,0.7470203339999999,0.6575478395000001,0.6575478395000001,0.6575478395000001,0.6575478395000001,0.696360094,0.6575478395000001
70802080504,0.587137138,0.7168914500000001,0.6247486355,0.6247486355,0.6247486355,0.6247486355,0.672351558,0.6247486355
70802080505,0.50883444,0.676725104,0.547951764,0.547951764,0.547951764,0.547951764,0.619610637,0.547951764
70802080506,0.262082954,0.411565944,0.30906212625,0.30906212625,0.30906212625,0.30906212625,0.35413028225,0.30906212625
70802080507,0.0925037126,0.151684785,0.1094158793,0.1094158793,0.1094158793,0.1094158793,0.127326997,0.1094158793
70802080601,0.369577558,0.547350202,0.422838897,0.422838897,0.422838897,0.422838897,0.471928295,0.422838897
70802080602,0.301791684,0.46542084600000005,0.3829229925,0.3829229925,0.3829229925,0.3829229925,0.4285316225,0.3829229925
70802080603,0.269215252,0.416457724,0.3376318225,0.3376318225,0.3376318225,0.3376318225,0.3791451175,0.3376318225
70802080701,0.392483076,0.535785964,0.456026798,0.456026798,0.456026798,0.456026798,0.49666195450000006,0.456026798
70802080702,0.0795825236,0.14631154799999999,0.10419314669999999,0.10419314669999999,0.10419314669999999,0.10419314669999999,0.1214217402,0.10419314669999999
70802080703,0.017907189,0.0264120916,0.020417493850000003,0.020417493850000003,0.020417493850000003,0.020417493850000003,0.02280397785,0.020417493850000003
70802080801,0.390538182,0.605613672,0.49345085600000005,0.49345085600000005,0.49345085600000005,0.49345085600000005,0.5545031375,0.49345085600000005
70802080802,0.313245168,0.547611678,0.42320597600000004,0.42320597600000004,0.42320597600000004,0.42320597600000004,0.48814574850000003,0.42320597600000004
70802080803,0.288261154,0.5076318580000001,0.388432524,0.388432524,0.388432524,0.388432524,0.4520772965,0.388432524
70802080804,0.306150684,0.504237806,0.386458711,0.386458711,0.386458711,0.386458711,0.441193423,0.386458711
70802080805,0.191077534,0.425799738,0.3238216527,0.3238216527,0.3238216527,0.3238216527,0.38721380650000004,0.3238216527
70802080806,0.14878493399999998,0.348041344,0.23848735199999999,0.23848735199999999,0.23848735199999999,0.23848735199999999,0.2914933395,0.23848735199999999
70802080901,0.47294301799999994,0.5259740479999999,0.5010503915,0.5010503915,0.5010503915,0.5010503915,0.522803251,0.5010503915
70802080902,0.298575772,0.538884648,0.3913739855,0.3913739855,0.3913739855,0.3913739855,0.4570131215,0.3913739855
70802080903,0.025185727400000003,0.0383256406,0.0300697096,0.0300697096,0.0300697096,0.0300697096,0.0340133023,0.0300697096
70802080904,0.026449198400000002,0.0499148398,0.036617301899999996,0.036617301899999996,0.036617301899999996,0.036617301899999996,0.0425645779,0.036617301899999996
70802081001,0.15053648079999998,0.34029959,0.2400534655,0.2400534655,0.2400534655,0.2400534655,0.28892654489999997,0.2400534655
70802081002,0.31940857,0.565067098,0.422283219,0.422283219,0.422283219,0.422283219,0.4878638745,0.422283219
70802081003,0.00885034354,0.017668308599999998,0.012598412685,0.012598412685,0.012598412685,0.012598412685,0.014824959709999998,0.012598412685
70802081004,0.29343274799999997,0.529792288,0.373241343,0.373241343,0.373241343,0.373241343,0.437929816,0.373241343
70802081005,0.014496713999999999,0.0236174182,0.01733840285,0.01733840285,0.01733840285,0.01733840285,0.019852826349999998,0.01733840285
70802081006,0.039303531,0.0886120782,0.06075898775000001,0.06075898775000001,0.06075898775000001,0.06075898775000001,0.07402725935,0.06075898775000001
70802081007,0.363049326,0.499012356,0.4360829,0.4360829,0.4360829,0.4360829,0.48597534500000006,0.4360829
70802081008,0.24646432000000001,0.457410256,0.3285454815,0.3285454815,0.3285454815,0.3285454815,0.38390250200000003,0.3285454815
70802081009,0.06412559840000001,0.0701137684,0.07466708525,0.07466708525,0.07466708525,0.07466708525,0.07617678835,0.07466708525
70802090101,0.19935642,0.525539988,0.3430700845,0.3430700845,0.3430700845,0.3430700845,0.426620482,0.3430700845
70802090102,0.219780182,0.40794698,0.29718787999999996,0.29718787999999996,0.29718787999999996,0.29718787999999996,0.3477699715,0.29718787999999996
70802090103,0.21784422920000002,0.391156106,0.26829374279999996,0.26829374279999996,0.26829374279999996,0.26829374279999996,0.3121625293,0.26829374279999996
70802090201,0.329577654,0.648376232,0.4674287615,0.4674287615,0.4674287615,0.4674287615,0.5547456485,0.4674287615
70802090202,0.182018234,0.48477253400000003,0.32359753599999996,0.32359753599999996,0.32359753599999996,0.32359753599999996,0.403715822,0.32359753599999996
70802090203,0.152058231,0.381485246,0.26662046125,0.26662046125,0.26662046125,0.26662046125,0.32616159275,0.26662046125
70802090204,0.38064329,0.6208605979999999,0.471685949,0.471685949,0.471685949,0.471685949,0.537176849,0.471685949
70802090205,0.10181280479999999,0.26301680099999997,0.1770332302,0.1770332302,0.1770332302,0.1770332302,0.21857876520000002,0.1770332302
70802090206,0.4625193739999999,0.641807124,0.5439940315,0.5439940315,0.5439940315,0.5439940315,0.605948012,0.5439940315
70802090207,0.335865072,0.593550046,0.4322121825,0.4322121825,0.4322121825,0.4322121825,0.504690804,0.4322121825
70802090301,0.154451808,0.42127210800000003,0.2928485125,0.2928485125,0.2928485125,0.2928485125,0.3628041445,0.2928485125
70802090302,0.186750874,0.476860532,0.34373453425,0.34373453425,0.34373453425,0.34373453425,0.4216394165,0.34373453425
70802090401,0.358100738,0.59486021,0.475879267,0.475879267,0.475879267,0.475879267,0.541857958,0.475879267
70802090402,0.36893548800000003,0.640442736,0.499111789,0.499111789,0.499111789,0.499111789,0.5743277995,0.499111789
70802090403,0.32523025,0.6353078059999999,0.4502935,0.4502935,0.4502935,0.4502935,0.5348559395,0.4502935
70802090404,0.2068065712,0.502534196,0.3342365998,0.3342365998,0.3342365998,0.3342365998,0.4137035633,0.3342365998
70802090405,0.148865979,0.43517196,0.28093454525,0.28093454525,0.28093454525,0.28093454525,0.35573169075,0.28093454525
70802090406,0.0581193836,0.2653501968,0.12206197569999999,0.12206197569999999,0.12206197569999999,0.12206197569999999,0.1760043101,0.12206197569999999
70802090407,0.0624140712,0.246993148,0.1378520462,0.1378520462,0.1378520462,0.1378520462,0.18287103585,0.1378520462
70802090408,0.0786628412,0.23883160399999998,0.15763300600000002,0.15763300600000002,0.15763300600000002,0.15763300600000002,0.1985434396,0.15763300600000002
70802090501,0.357669668,0.6690614659999999,0.5011716205,0.5011716205,0.5011716205,0.5011716205,0.585276906,0.5011716205
70802090502,0.379314122,0.7047475519999999,0.5326181965,0.5326181965,0.5326181965,0.5326181965,0.6213768775,0.5326181965
70802090503,0.10213629719999999,0.3179534168,0.19692824065,0.19692824065,0.19692824065,0.19692824065,0.25317549405,0.19692824065
70802090504,0.0473829896,0.1636320088,0.09222831705,0.09222831705,0.09222831705,0.09222831705,0.12116810735000001,0.09222831705
70802090601,0.096319085,0.25345412,0.16920132905000002,0.16920132905000002,0.16920132905000002,0.16920132905000002,0.20969168825,0.16920132905000002
70802090602,0.0578018218,0.147855088,0.10051105245,0.10051105245,0.10051105245,0.10051105245,0.1235303936,0.10051105245
70802090603,0.344686672,0.590698928,0.46147691450000006,0.46147691450000006,0.46147691450000006,0.46147691450000006,0.537430584,0.46147691450000006
70802090604,0.168403488,0.297958496,0.22964330299999997,0.22964330299999997,0.22964330299999997,0.22964330299999997,0.26538158100000003,0.22964330299999997
70802090605,0.13373698439999998,0.236116694,0.1547856874,0.1547856874,0.1547856874,0.1547856874,0.18200704195,0.1547856874
70802090606,0.0532220502,0.0966364586,0.0762356527,0.0762356527,0.0762356527,0.0762356527,0.08644297605,0.0762356527
70802090701,0.161873906,0.357468918,0.2247829435,0.2247829435,0.2247829435,0.2247829435,0.2767971085,0.2247829435
70802090702,0.273933118,0.543727976,0.375237494,0.375237494,0.375237494,0.375237494,0.4466693845,0.375237494
70802090703,0.1143180788,0.274535164,0.14676229995,0.14676229995,0.14676229995,0.14676229995,0.18436090855,0.14676229995
70802090704,0.2347677348,0.49205117200000004,0.34098318294999996,0.34098318294999996,0.34098318294999996,0.34098318294999996,0.4076333162,0.34098318294999996
70802090705,0.0555343588,0.12886323719999998,0.08275480469999999,0.08275480469999999,0.08275480469999999,0.08275480469999999,0.1016162769,0.08275480469999999
70802090801,0.1102841836,0.18478810399999998,0.1756209629,0.1756209629,0.1756209629,0.1756209629,0.1945381851,0.1756209629
70802090802,0.0860766828,0.16366529,0.12988697664999999,0.12988697664999999,0.12988697664999999,0.12988697664999999,0.14994686195,0.12988697664999999
70802090803,0.131416224,0.17661180199999998,0.17155928510000001,0.17155928510000001,0.17155928510000001,0.17155928510000001,0.18331683395,0.17155928510000001
70802090804,0.233290168,0.42194543400000006,0.3171592695,0.3171592695,0.3171592695,0.3171592695,0.366990332,0.3171592695
70802090805,0.189809228,0.25719295600000003,0.237228993,0.237228993,0.237228993,0.237228993,0.2578196255,0.237228993
70802090806,0.0436843608,0.0741209666,0.06229787145,0.06229787145,0.06229787145,0.06229787145,0.0700011124,0.06229787145
70802090901,0.1528818572,0.22822301,0.20627674059999998,0.20627674059999998,0.20627674059999998,0.20627674059999998,0.2254928738,0.20627674059999998
70802090902,0.17186021599999998,0.30288478799999996,0.248494359,0.248494359,0.248494359,0.248494359,0.2809848965,0.248494359
70802090903,0.207797548,0.39198296800000004,0.299768123,0.299768123,0.299768123,0.299768123,0.348832178,0.299768123
70802090904,0.20309621400000002,0.387775348,0.2811443535,0.2811443535,0.2811443535,0.2811443535,0.32949348720000005,0.2811443535
70802090905,0.15530666340000002,0.22732884879999998,0.19723143405000002,0.19723143405000002,0.19723143405000002,0.19723143405000002,0.21542388755,0.19723143405000002
70802090906,0.08988831859999999,0.15963072679999998,0.11324664775,0.11324664775,0.11324664775,0.11324664775,0.130829536,0.11324664775
70802091001,0.1845745588,0.265262742,0.22626213945,0.22626213945,0.22626213945,0.22626213945,0.2472858032,0.22626213945
70802091002,0.15603194999999997,0.2427769468,0.20957009219999997,0.20957009219999997,0.20957009219999997,0.20957009219999997,0.231695088,0.20957009219999997
70802091101,0.28109270999999997,0.43769442199999997,0.35209935,0.35209935,0.35209935,0.35209935,0.39295449800000004,0.35209935
70802091102,0.058667634,0.093306784,0.08440472675,0.08440472675,0.08440472675,0.08440472675,0.09390957725,0.08440472675
70802091103,0.1259355652,0.160837896,0.1597374033,0.1597374033,0.1597374033,0.1597374033,0.17059001275000002,0.1597374033
70802091104,0.0236812149,0.030153960199999996,0.026887468725000002,0.026887468725000002,0.026887468725000002,0.026887468725000002,0.028755248675,0.026887468725000002
70900010101,0.0932659742,0.129923148,0.11144088695000001,0.11144088695000001,0.11144088695000001,0.11144088695000001,0.12080109480000001,0.11144088695000001
70900010102,0.0561383784,0.0819483834,0.06060003505,0.06060003505,0.06060003505,0.06060003505,0.06651491805000001,0.06060003505
70900010103,0.05115761680000001,0.087148209,0.056770196849999996,0.056770196849999996,0.056770196849999996,0.056770196849999996,0.06562416875,0.056770196849999996
70900010104,0.1350615344,0.339559004,0.20335372985000003,0.20335372985000003,0.20335372985000003,0.20335372985000003,0.25472431785,0.20335372985000003
70900010105,0.044393422,0.0665868376,0.049526954649999996,0.049526954649999996,0.049526954649999996,0.049526954649999996,0.05448381135,0.049526954649999996
70900010106,0.059792637999999995,0.09595938600000001,0.0755640581,0.0755640581,0.0755640581,0.0755640581,0.08454702495000001,0.0755640581
70900010107,0.25910204,0.36972064800000004,0.272804796,0.272804796,0.272804796,0.272804796,0.3004487065,0.272804796
70900010201,0.070964288,0.11477040359999999,0.0807766631,0.0807766631,0.0807766631,0.0807766631,0.0929437518,0.0807766631
70900010202,0.0450768734,0.07147915660000001,0.05236602185,0.05236602185,0.05236602185,0.05236602185,0.05941181765,0.05236602185
70900010203,0.0483848,0.0767327388,0.0532725188,0.0532725188,0.0532725188,0.0532725188,0.060909078699999994,0.0532725188
70900010204,0.0702081688,0.102019025,0.0719489371,0.0719489371,0.0719489371,0.0719489371,0.0805418423,0.0719489371
70900010205,0.0653417844,0.1023690432,0.0696027307,0.0696027307,0.0696027307,0.0696027307,0.07860392520000001,0.0696027307
70900010206,0.067432311,0.11705572280000001,0.07537828185,0.07537828185,0.07537828185,0.07537828185,0.0873598493,0.07537828185
70900010207,0.0057683585,0.00946268346,0.006444149095,0.006444149095,0.006444149095,0.006444149095,0.00732897465,0.006444149095
70900010301,0.17298702719999998,0.269225897,0.15271366179999998,0.15271366179999998,0.15271366179999998,0.15271366179999998,0.17628475155,0.15271366179999998
70900010302,0.0526577348,0.084361833,0.06205455865,0.06205455865,0.06205455865,0.06205455865,0.06918639585,0.06205455865
70900010303,0.05247046400000001,0.07010829539999999,0.055644733950000004,0.055644733950000004,0.055644733950000004,0.055644733950000004,0.05925988605,0.055644733950000004
70900010401,0.0488613586,0.0737351518,0.05659699745,0.05659699745,0.05659699745,0.05659699745,0.062187653450000005,0.05659699745
70900010402,0.10469604399999999,0.26855271599999997,0.13314785955,0.13314785955,0.13314785955,0.13314785955,0.1715331693,0.13314785955
70900010403,0.050626108,0.0791268272,0.055374029000000005,0.055374029000000005,0.055374029000000005,0.055374029000000005,0.0617690646,0.055374029000000005
70900010501,0.0330790108,0.0448398156,0.03822037835,0.03822037835,0.03822037835,0.03822037835,0.041064286500000005,0.03822037835
70900010502,0.0714844918,0.0771117692,0.07592445384999999,0.07592445384999999,0.07592445384999999,0.07592445384999999,0.0774253165,0.07592445384999999
70900010503,0.090037064,0.0950873996,0.0903247692,0.0903247692,0.0903247692,0.0903247692,0.09181923045,0.0903247692
70900010504,0.051597390599999994,0.07022071640000001,0.0561868262,0.0561868262,0.0561868262,0.0561868262,0.060647251150000005,0.0561868262
70900010601,0.068467414,0.120356985,0.08369199590000001,0.08369199590000001,0.08369199590000001,0.08369199590000001,0.0956025963,0.08369199590000001
70900010602,0.038555471800000005,0.0584022162,0.04419659705,0.04419659705,0.04419659705,0.04419659705,0.0486108887,0.04419659705
70900010603,0.063791188,0.08210538419999999,0.06708196275,0.06708196275,0.06708196275,0.06708196275,0.0723354177,0.06708196275
70900010604,0.0353426336,0.05167858439999999,0.0402181719,0.0402181719,0.0402181719,0.0402181719,0.04414258655,0.0402181719
70900010605,0.17385677000000002,0.27250493200000003,0.1781587812,0.1781587812,0.1781587812,0.1781587812,0.2021323202,0.1781587812
70900010606,0.035169043999999997,0.058984795,0.0410686997,0.0410686997,0.0410686997,0.0410686997,0.0468586385,0.0410686997
70900010607,0.150121134,0.301655908,0.17836543570000002,0.17836543570000002,0.17836543570000002,0.17836543570000002,0.21333381170000001,0.17836543570000002
70900010608,0.088448986,0.17635432199999998,0.10568278745,0.10568278745,0.10568278745,0.10568278745,0.12579543015,0.10568278745
70900010701,0.086253596,0.1576662338,0.107858068,0.107858068,0.107858068,0.107858068,0.12579430465,0.107858068
70900010702,0.05296799679999999,0.0784336686,0.059629404149999995,0.059629404149999995,0.059629404149999995,0.059629404149999995,0.0657385739,0.059629404149999995
70900010703,0.0657927102,0.1040486662,0.07594538975000001,0.07594538975000001,0.07594538975000001,0.07594538975000001,0.0850025033,0.07594538975000001
70900010704,0.0852739472,0.12443395019999999,0.09668085844999999,0.09668085844999999,0.09668085844999999,0.09668085844999999,0.10712023325,0.09668085844999999
70900010801,0.1285095548,0.21915759599999998,0.1614007979,0.1614007979,0.1614007979,0.1614007979,0.1830021177,0.1614007979
70900010802,0.050446064400000004,0.0726943182,0.05673460085,0.05673460085,0.05673460085,0.05673460085,0.06265177235,0.05673460085
70900010803,0.0379292298,0.058367432799999994,0.04216706595,0.04216706595,0.04216706595,0.04216706595,0.04716237205,0.04216706595
70900010804,0.085768322,0.1408911172,0.0922076461,0.0922076461,0.0922076461,0.0922076461,0.1050385493,0.0922076461
70900010901,0.0828314668,0.165074516,0.09530316250000001,0.09530316250000001,0.09530316250000001,0.09530316250000001,0.1146453042,0.09530316250000001
70900010902,0.0679235126,0.12228307199999999,0.0803128477,0.0803128477,0.0803128477,0.0803128477,0.0935282336,0.0803128477
70900010903,0.0509685952,0.0720426078,0.057077692150000005,0.057077692150000005,0.057077692150000005,0.057077692150000005,0.0617905609,0.057077692150000005
70900010904,0.0757000872,0.15023336599999998,0.0860594261,0.0860594261,0.0860594261,0.0860594261,0.10282335425,0.0860594261
70900010905,0.0472650148,0.07058007520000001,0.05573768615,0.05573768615,0.05573768615,0.05573768615,0.060701304649999996,0.05573768615
70900010906,0.0822891322,0.150680159,0.0994856031,0.0994856031,0.0994856031,0.0994856031,0.11493398555,0.0994856031
70900010907,0.1033965326,0.186861106,0.1225314073,0.1225314073,0.1225314073,0.1225314073,0.1415263256,0.1225314073
70900010908,0.0444424594,0.0742353744,0.052280392450000004,0.052280392450000004,0.052280392450000004,0.052280392450000004,0.05903333515,0.052280392450000004
70900010909,0.035520401800000004,0.053034760800000004,0.04102685835,0.04102685835,0.04102685835,0.04102685835,0.0451962553,0.04102685835
70900011001,0.145243192,0.251472592,0.17326879374999998,0.17326879374999998,0.17326879374999998,0.17326879374999998,0.19932322425,0.17326879374999998
70900011002,0.0646523586,0.1189005498,0.07918904405,0.07918904405,0.07918904405,0.07918904405,0.09344134455,0.07918904405
70900011003,0.060200122599999996,0.1037590142,0.0721500798,0.0721500798,0.0721500798,0.0721500798,0.08270033795000001,0.0721500798
70900011004,0.0545745992,0.0865273812,0.0634180252,0.0634180252,0.0634180252,0.0634180252,0.07161760335,0.0634180252
70900011005,0.197071672,0.368804976,0.26714802849999997,0.26714802849999997,0.26714802849999997,0.26714802849999997,0.3055732355,0.26714802849999997
70900011101,0.0477554238,0.0763469328,0.0558809707,0.0558809707,0.0558809707,0.0558809707,0.06254461274999999,0.0558809707
70900011102,0.050049416,0.0804469808,0.05986796205,0.05986796205,0.05986796205,0.05986796205,0.06710226495,0.05986796205
70900011103,0.0776442512,0.167845398,0.10842372595000001,0.10842372595000001,0.10842372595000001,0.10842372595000001,0.1290700913,0.10842372595000001
70900011104,0.030389772000000002,0.0437245612,0.03511897835,0.03511897835,0.03511897835,0.03511897835,0.03856600325,0.03511897835
70900011105,0.1390682078,0.20075845,0.1488103003,0.1488103003,0.1488103003,0.1488103003,0.164444421,0.1488103003
70900020101,0.028880470800000002,0.0372769582,0.03260043245,0.03260043245,0.03260043245,0.03260043245,0.03459527765,0.03260043245
70900020102,0.0370419776,0.050066738799999996,0.04243412565,0.04243412565,0.04243412565,0.04243412565,0.045407191400000005,0.04243412565
70900020201,0.1151280182,0.155276803,0.12654769905000002,0.12654769905000002,0.12654769905000002,0.12654769905000002,0.1367456813,0.12654769905000002
70900020202,0.0562944872,0.0659931582,0.05943316789999999,0.05943316789999999,0.05943316789999999,0.05943316789999999,0.06186925415,0.05943316789999999
70900020203,0.0721535122,0.11454661400000002,0.09036466844999999,0.09036466844999999,0.09036466844999999,0.09036466844999999,0.10096837924999999,0.09036466844999999
70900020301,0.08463853,0.1569575352,0.10378322675,0.10378322675,0.10378322675,0.10378322675,0.12167203330000001,0.10378322675
70900020302,0.031956599,0.0378550314,0.035688793149999995,0.035688793149999995,0.035688793149999995,0.035688793149999995,0.0371742986,0.035688793149999995
70900020303,0.0424652076,0.0488384796,0.04535306425,0.04535306425,0.04535306425,0.04535306425,0.04710486595,0.04535306425
70900020304,0.0344569826,0.0482460012,0.039509687599999996,0.039509687599999996,0.039509687599999996,0.039509687599999996,0.0428314404,0.039509687599999996
70900020305,0.022718063,0.030945457,0.0257884147,0.0257884147,0.0257884147,0.0257884147,0.02784195385,0.0257884147
70900020306,0.0468471102,0.0688445682,0.0565171117,0.0565171117,0.0565171117,0.0565171117,0.061787032799999995,0.0565171117
70900020401,0.1346899756,0.243915316,0.1636883086,0.1636883086,0.1636883086,0.1636883086,0.1917848044,0.1636883086
70900020402,0.0428543054,0.0800793488,0.05272602035,0.05272602035,0.05272602035,0.05272602035,0.06206379705,0.05272602035
70900020403,0.0485731972,0.087133565,0.05682112969999999,0.05682112969999999,0.05682112969999999,0.05682112969999999,0.0665176611,0.05682112969999999
70900020404,0.061177408,0.09924865279999999,0.0706985356,0.0706985356,0.0706985356,0.0706985356,0.07971918105,0.0706985356
70900020405,0.0362749076,0.054514198400000005,0.041977609049999996,0.041977609049999996,0.041977609049999996,0.041977609049999996,0.04659558425,0.041977609049999996
70900020501,0.27680204399999997,0.329886252,0.29496296,0.29496296,0.29496296,0.29496296,0.31254150049999996,0.29496296
70900020502,0.281992416,0.332626354,0.29489262475,0.29489262475,0.29489262475,0.29489262475,0.31132093475,0.29489262475
70900020503,0.203350152,0.253242372,0.242491755,0.242491755,0.242491755,0.242491755,0.2537394625,0.242491755
70900020504,0.06616680700000001,0.10073353520000002,0.07223976829999999,0.07223976829999999,0.07223976829999999,0.07223976829999999,0.08061349209999999,0.07223976829999999
70900020601,0.218660006,0.37794906,0.27050106349999997,0.27050106349999997,0.27050106349999997,0.27050106349999997,0.314462191,0.27050106349999997
70900020602,0.151183354,0.281949294,0.187206157,0.187206157,0.187206157,0.187206157,0.2222444355,0.187206157
70900020603,0.27499725599999997,0.48503001599999995,0.3721324625,0.3721324625,0.3721324625,0.3721324625,0.42832325749999994,0.3721324625
70900020604,0.24904871480000002,0.467768638,0.24231933570000003,0.24231933570000003,0.24231933570000003,0.24231933570000003,0.29844319750000003,0.24231933570000003
70900020701,0.111130714,0.175774866,0.143669205,0.143669205,0.143669205,0.143669205,0.160225026,0.143669205
70900020702,0.047400361599999996,0.08635403659999999,0.06702413645000001,0.06702413645000001,0.06702413645000001,0.06702413645000001,0.07696163955,0.06702413645000001
70900020703,0.0489611578,0.122566204,0.07154075685,0.07154075685,0.07154075685,0.07154075685,0.08971821635,0.07154075685
70900020801,0.12304443400000001,0.260967835,0.157771112,0.157771112,0.157771112,0.157771112,0.19363669965,0.157771112
70900020802,0.064517693,0.140221098,0.0770731132,0.0770731132,0.0770731132,0.0770731132,0.0965938416,0.0770731132
70900020803,0.227696308,0.32499016799999997,0.24440498924999998,0.24440498924999998,0.24440498924999998,0.24440498924999998,0.27273942375,0.24440498924999998
70900020901,0.0637205986,0.10840932,0.0755471825,0.0755471825,0.0755471825,0.0755471825,0.08688480305,0.0755471825
70900020902,0.0783654862,0.132887665,0.09416394809999999,0.09416394809999999,0.09416394809999999,0.09416394809999999,0.10783499160000001,0.09416394809999999
70900020903,0.048525914399999995,0.0899147708,0.062319129449999996,0.062319129449999996,0.062319129449999996,0.062319129449999996,0.07243540979999999,0.062319129449999996
70900020904,0.075957237,0.163765688,0.1022803621,0.1022803621,0.1022803621,0.1022803621,0.12388134449999999,0.1022803621
70900020905,0.185407422,0.281290296,0.2128615345,0.2128615345,0.2128615345,0.2128615345,0.2387345775,0.2128615345
70900021001,0.05188582940000001,0.0720546208,0.05942727974999999,0.05942727974999999,0.05942727974999999,0.05942727974999999,0.06477103520000001,0.05942727974999999
70900021002,0.11238889519999999,0.17168807400000002,0.12560744610000002,0.12560744610000002,0.12560744610000002,0.12560744610000002,0.1407101648,0.12560744610000002
70900021003,0.059622351799999994,0.10051407720000001,0.0720930113,0.0720930113,0.0720930113,0.0720930113,0.08214509810000001,0.0720930113
70900021004,0.34234041,0.502534318,0.38652374,0.38652374,0.38652374,0.38652374,0.42908891350000006,0.38652374
70900021005,0.056124519,0.09860173,0.0650838692,0.0650838692,0.0650838692,0.0650838692,0.07543139555,0.0650838692
70900021006,0.1569460596,0.329258818,0.1888748494,0.1888748494,0.1888748494,0.1888748494,0.2326025939,0.1888748494
70900021101,0.264910184,0.383072846,0.33295256,0.33295256,0.33295256,0.33295256,0.36659786000000005,0.33295256
70900021102,0.32647338000000004,0.522017862,0.40003011299999996,0.40003011299999996,0.40003011299999996,0.40003011299999996,0.4505974205,0.40003011299999996
70900021201,0.401997708,0.567450092,0.45039087499999997,0.45039087499999997,0.45039087499999997,0.45039087499999997,0.4962019055,0.45039087499999997
70900021202,0.14900995,0.227078442,0.1779015802,0.1779015802,0.1779015802,0.1779015802,0.1992820632,0.1779015802
70900021301,0.283544094,0.496034152,0.3595909155,0.3595909155,0.3595909155,0.3595909155,0.4163847185,0.3595909155
70900021302,0.213370156,0.299749452,0.2050478813,0.2050478813,0.2050478813,0.2050478813,0.2286307668,0.2050478813
70900021303,0.33285828,0.517973738,0.3944630755,0.3944630755,0.3944630755,0.3944630755,0.44350589300000004,0.3944630755
70900021401,0.214270988,0.41604738599999996,0.29291538500000003,0.29291538500000003,0.29291538500000003,0.29291538500000003,0.343216332,0.29291538500000003
70900021402,0.21166541199999997,0.31141264,0.2395495645,0.2395495645,0.2395495645,0.2395495645,0.26447140999999996,0.2395495645
70900021403,0.0877097102,0.13560436,0.10249316255,0.10249316255,0.10249316255,0.10249316255,0.11569217335,0.10249316255
70900021404,0.182163468,0.310826742,0.231178819,0.231178819,0.231178819,0.231178819,0.26485187849999997,0.231178819
70900021405,0.305102568,0.49899906400000005,0.384220212,0.384220212,0.384220212,0.384220212,0.436352081,0.384220212
70900021406,0.092369335,0.1381734578,0.11133639619999999,0.11133639619999999,0.11133639619999999,0.11133639619999999,0.12331414025000001,0.11133639619999999
70900021407,0.292519456,0.44476942199999997,0.360629078,0.360629078,0.360629078,0.360629078,0.40066164249999997,0.360629078
70900021408,0.24497903999999998,0.40303901,0.312137884,0.312137884,0.312137884,0.312137884,0.351857592,0.312137884
70900021501,0.270406752,0.45264204399999997,0.3326587585,0.3326587585,0.3326587585,0.3326587585,0.3805019595,0.3326587585
70900021502,0.153087719,0.305949012,0.2033815335,0.2033815335,0.2033815335,0.2033815335,0.24070517924999998,0.2033815335
70900030101,0.18749368800000002,0.482697868,0.250142174,0.250142174,0.250142174,0.250142174,0.329616305,0.250142174
70900030102,0.195195966,0.535626278,0.27862781075,0.27862781075,0.27862781075,0.27862781075,0.3688787815,0.27862781075
70900030103,0.149113309,0.456457698,0.22677843675,0.22677843675,0.22677843675,0.22677843675,0.30729245095,0.22677843675
70900030201,0.26169498999999996,0.491817542,0.3130518525,0.3130518525,0.3130518525,0.3130518525,0.37674882099999996,0.3130518525
70900030202,0.207521842,0.5484040539999999,0.274535325,0.274535325,0.274535325,0.274535325,0.3652989535,0.274535325
70900030203,0.116677764,0.341108652,0.15181008064999998,0.15181008064999998,0.15181008064999998,0.15181008064999998,0.21233838925,0.15181008064999998
70900030204,0.168224232,0.24553393999999998,0.18428075530000002,0.18428075530000002,0.18428075530000002,0.18428075530000002,0.206382084,0.18428075530000002
70900030301,0.266141546,0.459458784,0.3021124268,0.3021124268,0.3021124268,0.3021124268,0.3551678528,0.3021124268
70900030302,0.278505562,0.38350872799999997,0.3071012793,0.3071012793,0.3071012793,0.3071012793,0.3360930743,0.3071012793
70900030303,0.1655604154,0.325103988,0.1804955993,0.1804955993,0.1804955993,0.1804955993,0.2227876556,0.1804955993
70900030304,0.300856854,0.510902314,0.3344892305,0.3344892305,0.3344892305,0.3344892305,0.3893182755,0.3344892305
70900030305,0.263399882,0.5269496260000001,0.31340801274999996,0.31340801274999996,0.31340801274999996,0.31340801274999996,0.38108447375,0.31340801274999996
70900030306,0.285291966,0.37530575,0.2872754755,0.2872754755,0.2872754755,0.2872754755,0.3111699095,0.2872754755
70900030401,0.1128291226,0.43708222,0.18660557115,0.18660557115,0.18660557115,0.18660557115,0.26945902865,0.18660557115
70900030402,0.09165911600000001,0.28586443500000003,0.12979259095,0.12979259095,0.12979259095,0.12979259095,0.17879511374999998,0.12979259095
70900030403,0.0459820464,0.10730351600000002,0.06084488205000001,0.06084488205000001,0.06084488205000001,0.06084488205000001,0.07655385540000001,0.06084488205000001
70900030404,0.0420388026,0.095348184,0.0543306692,0.0543306692,0.0543306692,0.0543306692,0.06793120645,0.0543306692
70900030501,0.0588304112,0.16892285999999998,0.06917833970000001,0.06917833970000001,0.06917833970000001,0.06917833970000001,0.09749010985,0.06917833970000001
70900030502,0.05865712199999999,0.11035742,0.08383571370000001,0.08383571370000001,0.08383571370000001,0.08383571370000001,0.09748236425,0.08383571370000001
70900030601,0.049479726,0.23503023599999998,0.07910488135,0.07910488135,0.07910488135,0.07910488135,0.12626048525,0.07910488135
70900030602,0.08859121119999999,0.327454942,0.1693726095,0.1693726095,0.1693726095,0.1693726095,0.23244766745,0.1693726095
70900030603,0.0362022578,0.0780648944,0.0454915768,0.0454915768,0.0454915768,0.0454915768,0.056091060049999995,0.0454915768
70900030701,0.19322106300000003,0.45223376000000004,0.24401792705000003,0.24401792705000003,0.24401792705000003,0.24401792705000003,0.31193923075,0.24401792705000003
70900030702,0.06801578500000001,0.1123449854,0.08336027474999999,0.08336027474999999,0.08336027474999999,0.08336027474999999,0.0943223635,0.08336027474999999
70900030703,0.0472696264,0.09122085320000001,0.05686916595,0.05686916595,0.05686916595,0.05686916595,0.0680338384,0.05686916595
70900030801,0.059724800999999994,0.1623628852,0.0718669498,0.0718669498,0.0718669498,0.0718669498,0.09827099710000001,0.0718669498
70900030802,0.106315248,0.087269482,0.13340531365,0.13340531365,0.13340531365,0.13340531365,0.12934221605000001,0.13340531365
70900030803,0.108313159,0.16945617600000001,0.12653989365,0.12653989365,0.12653989365,0.12653989365,0.1428369844,0.12653989365
70900030804,0.224669082,0.41036494,0.242270205,0.242270205,0.242270205,0.242270205,0.289208699,0.242270205
70900030805,0.0829913872,0.154545884,0.1144551064,0.1144551064,0.1144551064,0.1144551064,0.1337848171,0.1144551064
70900030806,0.1015466138,0.347166954,0.16047156280000002,0.16047156280000002,0.16047156280000002,0.16047156280000002,0.22179214175,0.16047156280000002
70900030901,0.23568322400000002,0.3980369,0.2809525798,0.2809525798,0.2809525798,0.2809525798,0.322441162,0.2809525798
70900030902,0.23683398000000003,0.405548868,0.2702453045,0.2702453045,0.2702453045,0.2702453045,0.312438774,0.2702453045
70900030903,0.31510804000000003,0.43625484999999997,0.3586697712,0.3586697712,0.3586697712,0.3586697712,0.3894120252,0.3586697712
70900030904,0.142192336,0.270340146,0.17935148635,0.17935148635,0.17935148635,0.17935148635,0.21110629785,0.17935148635
70900031001,0.186573134,0.32308186299999997,0.24303106850000003,0.24303106850000003,0.24303106850000003,0.24303106850000003,0.2776556395,0.24303106850000003
70900031002,0.120771679,0.300759424,0.18443708635,0.18443708635,0.18443708635,0.18443708635,0.23111118875,0.18443708635
70900031003,0.11017010840000001,0.224477563,0.11894432930000001,0.11894432930000001,0.11894432930000001,0.11894432930000001,0.14727456575,0.11894432930000001
70900031004,0.32027401600000005,0.540772666,0.3771218885,0.3771218885,0.3771218885,0.3771218885,0.43363991850000005,0.3771218885
70900031005,0.301522588,0.46071333000000003,0.35324223579999997,0.35324223579999997,0.35324223579999997,0.35324223579999997,0.3929989953,0.35324223579999997
70900031006,0.283318784,0.44939702200000003,0.33521960425,0.33521960425,0.33521960425,0.33521960425,0.37701376025,0.33521960425
70900031101,0.30914864400000003,0.518991424,0.38319418670000005,0.38319418670000005,0.38319418670000005,0.38319418670000005,0.4365604427,0.38319418670000005
70900031102,0.383938908,0.5457127159999999,0.43680835800000006,0.43680835800000006,0.43680835800000006,0.43680835800000006,0.4802234575,0.43680835800000006
70900031103,0.47596330800000003,0.605526858,0.509358184,0.509358184,0.509358184,0.509358184,0.544250452,0.509358184
70900031104,0.176490652,0.303413296,0.21346351700000002,0.21346351700000002,0.21346351700000002,0.21346351700000002,0.2477751135,0.21346351700000002
70900031201,0.264048306,0.35317210600000004,0.272607159,0.272607159,0.272607159,0.272607159,0.2976576805,0.272607159
70900031202,0.384675002,0.502558374,0.40408706949999995,0.40408706949999995,0.40408706949999995,0.40408706949999995,0.4370144315,0.40408706949999995
70900031203,0.37471606,0.487230494,0.3873381362,0.3873381362,0.3873381362,0.3873381362,0.4182656872,0.3873381362
70900031204,0.257449504,0.37869993599999996,0.296327294,0.296327294,0.296327294,0.296327294,0.32701081649999997,0.296327294
70900031301,0.49349788400000005,0.620382424,0.5163977505,0.5163977505,0.5163977505,0.5163977505,0.551792588,0.5163977505
70900031302,0.34880466,0.570955488,0.405360254,0.405360254,0.405360254,0.405360254,0.463159075,0.405360254
70900031303,0.294391588,0.495738554,0.3537380965,0.3537380965,0.3537380965,0.3537380965,0.4091948235,0.3537380965
70900031304,0.404482052,0.521295616,0.4461286275,0.4461286275,0.4461286275,0.4461286275,0.4822828135,0.4461286275
70900031305,0.284461618,0.487777028,0.34460912850000003,0.34460912850000003,0.34460912850000003,0.34460912850000003,0.3982993865,0.34460912850000003
70900031306,0.22417825800000002,0.41727492999999993,0.282788354,0.282788354,0.282788354,0.282788354,0.33437392899999996,0.282788354
70900031401,0.34361995199999995,0.548006424,0.414587956,0.414587956,0.414587956,0.414587956,0.46732499499999997,0.414587956
70900031402,0.45556722800000005,0.656207088,0.5027361505,0.5027361505,0.5027361505,0.5027361505,0.5588142935,0.5027361505
70900031403,0.45122017000000003,0.6040933319999999,0.477002687,0.477002687,0.477002687,0.477002687,0.5185519565,0.477002687
70900031404,0.443078542,0.623326942,0.48349393100000004,0.48349393100000004,0.48349393100000004,0.48349393100000004,0.530082962,0.48349393100000004
70900031405,0.34288567400000003,0.527435848,0.3844946725,0.3844946725,0.3844946725,0.3844946725,0.433290795,0.3844946725
70900031406,0.165928514,0.33987987399999997,0.2117461513,0.2117461513,0.2117461513,0.2117461513,0.2534649308,0.2117461513
70900031501,0.1434179442,0.20192741400000003,0.14724552495,0.14724552495,0.14724552495,0.14724552495,0.16315460134999998,0.14724552495
70900031502,0.132155798,0.168517184,0.14116200399999998,0.14116200399999998,0.14116200399999998,0.14116200399999998,0.150980326,0.14116200399999998
70900031503,0.0810627356,0.089125963,0.08120942625000001,0.08120942625000001,0.08120942625000001,0.08120942625000001,0.0834659052,0.08120942625000001
70900031601,0.31605701599999997,0.521740144,0.37439756375,0.37439756375,0.37439756375,0.37439756375,0.42680050825000004,0.37439756375
70900031602,0.1001872112,0.16026971880000002,0.11697758345,0.11697758345,0.11697758345,0.11697758345,0.1316995562,0.11697758345
70900031603,0.12978138,0.241465828,0.15103655700000002,0.15103655700000002,0.15103655700000002,0.15103655700000002,0.17927382,0.15103655700000002
70900031604,0.08144373540000001,0.159106362,0.09159491560000001,0.09159491560000001,0.09159491560000001,0.09159491560000001,0.11122669235,0.09159491560000001
70900040101,0.058082236999999995,0.1691040392,0.07087362545,0.07087362545,0.07087362545,0.07087362545,0.0990542102,0.07087362545
70900040102,0.090972277,0.238604384,0.11187037725,0.11187037725,0.11187037725,0.11187037725,0.15067916445,0.11187037725
70900040103,0.1308588728,0.19972181460000002,0.1595418977,0.1595418977,0.1595418977,0.1595418977,0.17809652739999998,0.1595418977
70900040201,0.312496356,0.52476554,0.3536202605,0.3536202605,0.3536202605,0.3536202605,0.4084652955,0.3536202605
70900040202,0.15159449600000002,0.299239256,0.1712977041,0.1712977041,0.1712977041,0.1712977041,0.2099811156,0.1712977041
70900040203,0.16394758,0.284490894,0.211834354,0.211834354,0.211834354,0.211834354,0.24338190600000004,0.211834354
70900040301,0.21123023000000002,0.379423884,0.2674384515,0.2674384515,0.2674384515,0.2674384515,0.3126100025,0.2674384515
70900040302,0.16310064480000003,0.27437049399999996,0.19052613570000002,0.19052613570000002,0.19052613570000002,0.19052613570000002,0.21989793519999998,0.19052613570000002
70900040401,0.193063973,0.281408288,0.25510301525,0.25510301525,0.25510301525,0.25510301525,0.27904306725,0.25510301525
70900040402,0.11673210279999999,0.1768303172,0.1466460007,0.1466460007,0.1466460007,0.1466460007,0.16321202745000002,0.1466460007
70900040403,0.275333254,0.397285818,0.332404947,0.332404947,0.332404947,0.332404947,0.364788577,0.332404947
70900040404,0.06193972799999999,0.08006738520000001,0.07420050580000001,0.07420050580000001,0.07420050580000001,0.07420050580000001,0.07914447129999999,0.07420050580000001
70900040501,0.0901984428,0.175788228,0.119504846,0.119504846,0.119504846,0.119504846,0.14158988225,0.119504846
70900040502,0.193370276,0.233469688,0.19862846725,0.19862846725,0.19862846725,0.19862846725,0.20971814775,0.19862846725
70900040503,0.079901132,0.133763959,0.0994330499,0.0994330499,0.0994330499,0.0994330499,0.11395787360000001,0.0994330499
70900040601,0.258193208,0.450906484,0.324825673,0.324825673,0.324825673,0.324825673,0.373264583,0.324825673
70900040602,0.184028304,0.325481396,0.2249670375,0.2249670375,0.2249670375,0.2249670375,0.261545075,0.2249670375
70900040603,0.28010728,0.51343461,0.3680290085,0.3680290085,0.3680290085,0.3680290085,0.4290282035,0.3680290085
70900040604,0.22364471400000002,0.38087711999999996,0.2822361108,0.2822361108,0.2822361108,0.2822361108,0.32406995780000003,0.2822361108
70900040605,0.040692381,0.1071375748,0.07104165175,0.07104165175,0.07104165175,0.07104165175,0.08795909454999999,0.07104165175
70900040701,0.237262618,0.45516495199999996,0.300010467,0.300010467,0.300010467,0.300010467,0.3566084525,0.300010467
70900040702,0.100727788,0.209044126,0.12714221850000001,0.12714221850000001,0.12714221850000001,0.12714221850000001,0.1552894015,0.12714221850000001
70900040703,0.204729348,0.288136308,0.22606966525,0.22606966525,0.22606966525,0.22606966525,0.25035256024999997,0.22606966525
70900040704,0.211633168,0.44494364,0.287989585,0.287989585,0.287989585,0.287989585,0.348557609,0.287989585
70900040705,0.0393520592,0.065902118,0.0443893648,0.0443893648,0.0443893648,0.0443893648,0.0511509852,0.0443893648
70900040801,0.270560552,0.44819327,0.3142940855,0.3142940855,0.3142940855,0.3142940855,0.36221959200000003,0.3142940855
70900040802,0.325371802,0.498327486,0.3562671195,0.3562671195,0.3562671195,0.3562671195,0.4023983225,0.3562671195
70900040803,0.0552431738,0.0799177774,0.059446580000000006,0.059446580000000006,0.059446580000000006,0.059446580000000006,0.06669002925,0.059446580000000006
70900050101,0.22422785799999997,0.37728956199999997,0.2756520165,0.2756520165,0.2756520165,0.2756520165,0.313397341,0.2756520165
70900050102,0.234969114,0.439684846,0.300225065,0.300225065,0.300225065,0.300225065,0.3512370405,0.300225065
70900050103,0.2006338,0.41114809599999996,0.27343142075000004,0.27343142075000004,0.27343142075000004,0.27343142075000004,0.32514765225,0.27343142075000004
70900050104,0.21320921199999998,0.385169724,0.24670753350000002,0.24670753350000002,0.24670753350000002,0.24670753350000002,0.287329205,0.24670753350000002
70900050105,0.14589478,0.2677902,0.17569260155,0.17569260155,0.17569260155,0.17569260155,0.2062460223,0.17569260155
70900050106,0.27603846600000004,0.45786273,0.32865637625,0.32865637625,0.32865637625,0.32865637625,0.37669797025,0.32865637625
70900050107,0.342781126,0.539228348,0.3999415725,0.3999415725,0.3999415725,0.3999415725,0.4513661515,0.3999415725
70900050201,0.41011359599999997,0.62076925,0.47138888999999995,0.47138888999999995,0.47138888999999995,0.47138888999999995,0.524684287,0.47138888999999995
70900050202,0.377793438,0.547122476,0.42485808,0.42485808,0.42485808,0.42485808,0.4722425695,0.42485808
70900050203,0.327392748,0.47668067799999997,0.383427735,0.383427735,0.383427735,0.383427735,0.42281815700000003,0.383427735
70900050301,0.47417764399999995,0.669006008,0.5530521065,0.5530521065,0.5530521065,0.5530521065,0.6025644295,0.5530521065
70900050302,0.30508630000000003,0.578529532,0.392089189,0.392089189,0.392089189,0.392089189,0.46073805749999996,0.392089189
70900050303,0.525905336,0.719371914,0.5913051300000001,0.5913051300000001,0.5913051300000001,0.5913051300000001,0.637747168,0.5913051300000001
70900050304,0.349388716,0.594918446,0.4228436335,0.4228436335,0.4228436335,0.4228436335,0.4869633545,0.4228436335
70900050305,0.260790614,0.426370668,0.3189010085,0.3189010085,0.3189010085,0.3189010085,0.362757347,0.3189010085
70900050306,0.15394755720000003,0.26647089,0.1984661663,0.1984661663,0.1984661663,0.1984661663,0.22848529430000003,0.1984661663
70900050401,0.312587213,0.39079717399999997,0.34767449405,0.34767449405,0.34767449405,0.34767449405,0.37152505155000004,0.34767449405
70900050402,0.32835855599999997,0.559745604,0.395980878,0.395980878,0.395980878,0.395980878,0.457256444,0.395980878
70900050403,0.320911968,0.42966452200000005,0.3525322465,0.3525322465,0.3525322465,0.3525322465,0.38840315,0.3525322465
70900050404,0.291958092,0.4611393899999999,0.3568500725,0.3568500725,0.3568500725,0.3568500725,0.40299091550000005,0.3568500725
70900050405,0.27838312,0.42052459000000003,0.321867195,0.321867195,0.321867195,0.321867195,0.364966118,0.321867195
70900050406,0.384977442,0.5860117760000001,0.435545954,0.435545954,0.435545954,0.435545954,0.4907809945,0.435545954
70900050407,0.1061957808,0.185240464,0.1349438478,0.1349438478,0.1349438478,0.1349438478,0.1567564337,0.1349438478
70900050408,0.16606249099999998,0.27434514600000004,0.21030792075,0.21030792075,0.21030792075,0.21030792075,0.23819018124999997,0.21030792075
70900050501,0.522123848,0.727849036,0.5991386065000001,0.5991386065000001,0.5991386065000001,0.5991386065000001,0.651437238,0.5991386065000001
70900050502,0.520260972,0.70647553,0.5875306685,0.5875306685,0.5875306685,0.5875306685,0.638095965,0.5875306685
70900050503,0.23381206799999998,0.357383676,0.2806679542,0.2806679542,0.2806679542,0.2806679542,0.31599586620000003,0.2806679542
70900050601,0.176358348,0.283079532,0.23330289080000002,0.23330289080000002,0.23330289080000002,0.23330289080000002,0.2633782273,0.23330289080000002
70900050602,0.55303025,0.7529302099999999,0.622328287,0.622328287,0.622328287,0.622328287,0.6711117195,0.622328287
70900050603,0.235979026,0.41411162399999996,0.29495355349999997,0.29495355349999997,0.29495355349999997,0.29495355349999997,0.3420637035,0.29495355349999997
70900050604,0.0669454,0.09085284,0.07836236560000001,0.07836236560000001,0.07836236560000001,0.07836236560000001,0.0846780099,0.07836236560000001
70900050605,0.41775113599999997,0.6136357419999999,0.4726373585,0.4726373585,0.4726373585,0.4726373585,0.5277626975,0.4726373585
70900050606,0.241067596,0.387889804,0.2943176605,0.2943176605,0.2943176605,0.2943176605,0.3349526705,0.2943176605
70900050607,0.496839648,0.7249268,0.5609502120000001,0.5609502120000001,0.5609502120000001,0.5609502120000001,0.620607092,0.5609502120000001
70900050608,0.491816662,0.714013742,0.5584667569999999,0.5584667569999999,0.5584667569999999,0.5584667569999999,0.616835593,0.5584667569999999
70900050609,0.44772744400000003,0.673088758,0.513224776,0.513224776,0.513224776,0.513224776,0.5719126415,0.513224776
70900050610,0.411521778,0.648912414,0.462072035,0.462072035,0.462072035,0.462072035,0.526012182,0.462072035
70900050701,0.343507302,0.470512188,0.4101691775,0.4101691775,0.4101691775,0.4101691775,0.442738696,0.4101691775
70900050702,0.447772486,0.602556086,0.5174017245,0.5174017245,0.5174017245,0.5174017245,0.5598538934999999,0.5174017245
70900050703,0.29763635,0.504613452,0.394288404,0.394288404,0.394288404,0.394288404,0.4478350005,0.394288404
70900050704,0.34940877000000004,0.508630802,0.41071519600000006,0.41071519600000006,0.41071519600000006,0.41071519600000006,0.4528864555,0.41071519600000006
70900050705,0.43579718000000006,0.644194892,0.50561397,0.50561397,0.50561397,0.50561397,0.5651272395,0.50561397
70900050706,0.376927082,0.555360204,0.44446749499999993,0.44446749499999993,0.44446749499999993,0.44446749499999993,0.49045375550000003,0.44446749499999993
70900050707,0.6445801600000001,0.793811046,0.6702459805000001,0.6702459805000001,0.6702459805000001,0.6702459805000001,0.710514656,0.6702459805000001
70900050708,0.44275146000000004,0.57510385,0.48531813049999994,0.48531813049999994,0.48531813049999994,0.48531813049999994,0.522235115,0.48531813049999994
70900050709,0.389858034,0.5481720919999999,0.4341328045,0.4341328045,0.4341328045,0.4341328045,0.4794787415,0.4341328045
70900050801,0.3299222,0.518346512,0.3810012555,0.3810012555,0.3810012555,0.3810012555,0.43958032100000005,0.3810012555
70900050802,0.302487952,0.47650062000000004,0.35401223270000004,0.35401223270000004,0.35401223270000004,0.35401223270000004,0.40856743800000006,0.35401223270000004
70900050803,0.27279263,0.503044166,0.3447643598,0.3447643598,0.3447643598,0.3447643598,0.41013979349999996,0.3447643598
70900050804,0.35049848,0.582576276,0.412383984,0.412383984,0.412383984,0.412383984,0.47895444200000004,0.412383984
70900050901,0.33011786600000004,0.5525933700000001,0.42221412550000004,0.42221412550000004,0.42221412550000004,0.42221412550000004,0.4822475355,0.42221412550000004
70900050902,0.328252322,0.532602304,0.4102812535,0.4102812535,0.4102812535,0.4102812535,0.4665224505,0.4102812535
70900050903,0.34990012200000004,0.54415824,0.40667844000000003,0.40667844000000003,0.40667844000000003,0.40667844000000003,0.45855855300000004,0.40667844000000003
70900050904,0.350521808,0.48575924600000003,0.395532199,0.395532199,0.395532199,0.395532199,0.4357580005,0.395532199
70900050905,0.285210164,0.52415572,0.347474068,0.347474068,0.347474068,0.347474068,0.40870282849999995,0.347474068
70900050906,0.301074568,0.522472704,0.3713731515,0.3713731515,0.3713731515,0.3713731515,0.434653257,0.3713731515
70900051001,0.141286924,0.328402824,0.1928011858,0.1928011858,0.1928011858,0.1928011858,0.242761651,0.1928011858
70900051002,0.276241338,0.5027336379999999,0.341830673,0.341830673,0.341830673,0.341830673,0.40567127799999997,0.341830673
70900051003,0.266695794,0.494063474,0.3329873675,0.3329873675,0.3329873675,0.3329873675,0.399438699,0.3329873675
70900051004,0.0695180038,0.1109605532,0.0858350542,0.0858350542,0.0858350542,0.0858350542,0.09935794205000001,0.0858350542
70900051101,0.19357975,0.36978446,0.24903721925000002,0.24903721925000002,0.24903721925000002,0.24903721925000002,0.296774087,0.24903721925000002
70900051102,0.166754831,0.27971986800000004,0.2048495939,0.2048495939,0.2048495939,0.2048495939,0.23555489024999998,0.2048495939
70900051103,0.15918633,0.28883128999999996,0.21469150534999998,0.21469150534999998,0.21469150534999998,0.21469150534999998,0.253992295,0.21469150534999998
70900051104,0.107222883,0.20429945200000002,0.14742004895,0.14742004895,0.14742004895,0.14742004895,0.17565018955,0.14742004895
70900051201,0.29428355900000003,0.43771201,0.34088918625,0.34088918625,0.34088918625,0.34088918625,0.39137268425,0.34088918625
70900051202,0.1392050034,0.1816648048,0.15671900700000002,0.15671900700000002,0.15671900700000002,0.15671900700000002,0.1718343865,0.15671900700000002
70900051301,0.33940593799999996,0.482323624,0.402448292,0.402448292,0.402448292,0.402448292,0.44260552449999996,0.402448292
70900051302,0.0956661922,0.15948565799999997,0.12889035555,0.12889035555,0.12889035555,0.12889035555,0.14626428765,0.12889035555
70900060101,0.47841277600000004,0.69395485,0.54664633,0.54664633,0.54664633,0.54664633,0.606682834,0.54664633
70900060102,0.522479866,0.715536028,0.580545799,0.580545799,0.580545799,0.580545799,0.6409852540000001,0.580545799
70900060103,0.334506388,0.592185806,0.4128159035,0.4128159035,0.4128159035,0.4128159035,0.47822607699999997,0.4128159035
70900060104,0.37001915199999996,0.607209776,0.45166388199999996,0.45166388199999996,0.45166388199999996,0.45166388199999996,0.5132668265,0.45166388199999996
70900060105,0.295557136,0.524779776,0.374853409,0.374853409,0.374853409,0.374853409,0.433561274,0.374853409
70900060201,0.203986966,0.294574654,0.2509645925,0.2509645925,0.2509645925,0.2509645925,0.27405986449999997,0.2509645925
70900060202,0.225621974,0.352695412,0.288777204,0.288777204,0.288777204,0.288777204,0.324821084,0.288777204
70900060203,0.308804238,0.50279478,0.3570420135,0.3570420135,0.3570420135,0.3570420135,0.406546114,0.3570420135
70900060204,0.17281950399999998,0.270569314,0.206454454,0.206454454,0.206454454,0.206454454,0.22920653724999998,0.206454454
70900060205,0.14368435799999998,0.26824595799999995,0.1751931985,0.1751931985,0.1751931985,0.1751931985,0.2069522405,0.1751931985
70900060206,0.24629943199999998,0.378900252,0.312519147,0.312519147,0.312519147,0.312519147,0.344159655,0.312519147
70900060207,0.446885376,0.66889866,0.538377825,0.538377825,0.538377825,0.538377825,0.5917818565,0.538377825
70900060208,0.09098597900000001,0.18198706,0.1127971019,0.1127971019,0.1127971019,0.1127971019,0.1352942125,0.1127971019
70900060301,0.163658492,0.307947054,0.2073026155,0.2073026155,0.2073026155,0.2073026155,0.2443382305,0.2073026155
70900060302,0.458902974,0.57048879,0.527249042,0.527249042,0.527249042,0.527249042,0.559221345,0.527249042
70900060303,0.248924812,0.505809218,0.3220816185,0.3220816185,0.3220816185,0.3220816185,0.389959155,0.3220816185
70900060304,0.36599176,0.521939962,0.43257352000000004,0.43257352000000004,0.43257352000000004,0.43257352000000004,0.47114190650000004,0.43257352000000004
70900060305,0.13902281,0.29912206399999997,0.2067378288,0.2067378288,0.2067378288,0.2067378288,0.24405188399999997,0.2067378288
70900060306,0.312636226,0.521537516,0.398326318,0.398326318,0.398326318,0.398326318,0.4544919085,0.398326318
70900060401,0.32603879,0.508882966,0.4053514645,0.4053514645,0.4053514645,0.4053514645,0.45317391100000004,0.4053514645
70900060402,0.24953507199999997,0.45032242599999994,0.31684103649999995,0.31684103649999995,0.31684103649999995,0.31684103649999995,0.368829282,0.31684103649999995
70900060501,0.555803102,0.736408646,0.6200404235,0.6200404235,0.6200404235,0.6200404235,0.678363899,0.6200404235
70900060502,0.5569948339999999,0.7331515420000001,0.621190766,0.621190766,0.621190766,0.621190766,0.6731688065,0.621190766
70900060503,0.5432772220000001,0.734983576,0.619948053,0.619948053,0.619948053,0.619948053,0.6656367624999999,0.619948053
70900060504,0.5026307400000001,0.651777238,0.5662083545,0.5662083545,0.5662083545,0.5662083545,0.6067859485,0.5662083545
70900060601,0.548388608,0.719971604,0.6211318109999999,0.6211318109999999,0.6211318109999999,0.6211318109999999,0.663205193,0.6211318109999999
70900060602,0.489758302,0.669662018,0.5627345655,0.5627345655,0.5627345655,0.5627345655,0.6093723195,0.5627345655
70900060603,0.39174277599999996,0.590477898,0.480106011,0.480106011,0.480106011,0.480106011,0.5312529699999999,0.480106011
70900060604,0.624083444,0.78753747,0.680310751,0.680310751,0.680310751,0.680310751,0.722481293,0.680310751
70900060605,0.347890562,0.540051628,0.422057621,0.422057621,0.422057621,0.422057621,0.47417048599999995,0.422057621
70900060606,0.499910642,0.674539512,0.5733040405,0.5733040405,0.5733040405,0.5733040405,0.621253183,0.5733040405
70900060607,0.545799738,0.7461883140000001,0.6150710349999999,0.6150710349999999,0.6150710349999999,0.6150710349999999,0.667678919,0.6150710349999999
70900060608,0.403857568,0.629786154,0.4939880005,0.4939880005,0.4939880005,0.4939880005,0.5501814625,0.4939880005
70900060609,0.284271322,0.48790365599999996,0.3536483275,0.3536483275,0.3536483275,0.3536483275,0.4120804955,0.3536483275
70900060701,0.40819119,0.597940498,0.4811366005,0.4811366005,0.4811366005,0.4811366005,0.5300521524999999,0.4811366005
70900060702,0.547907456,0.770009246,0.620770615,0.620770615,0.620770615,0.620770615,0.680620229,0.620770615
70900060703,0.32379233199999996,0.575913206,0.407342313,0.407342313,0.407342313,0.407342313,0.47292641599999996,0.407342313
70900060704,0.1670829648,0.316695918,0.22431039469999997,0.22431039469999997,0.22431039469999997,0.22431039469999997,0.2676219887,0.22431039469999997
70900060801,0.206357034,0.366163982,0.26679373875,0.26679373875,0.26679373875,0.26679373875,0.30995001775,0.26679373875
70900060802,0.272990924,0.40673173800000006,0.3095469075,0.3095469075,0.3095469075,0.3095469075,0.346197664,0.3095469075
70900060803,0.0655308552,0.158656046,0.09893256419999999,0.09893256419999999,0.09893256419999999,0.09893256419999999,0.12369757564999999,0.09893256419999999
70900070101,0.5081085919999999,0.69659458,0.5788252414999999,0.5788252414999999,0.5788252414999999,0.5788252414999999,0.6249391545,0.5788252414999999
70900070102,0.42848825599999996,0.653544852,0.5173806264999999,0.5173806264999999,0.5173806264999999,0.5173806264999999,0.572040377,0.5173806264999999
70900070103,0.529824932,0.721182972,0.5958022405000001,0.5958022405000001,0.5958022405000001,0.5958022405000001,0.64125404,0.5958022405000001
70900070104,0.311330412,0.49914358400000003,0.3819963965,0.3819963965,0.3819963965,0.3819963965,0.429940287,0.3819963965
70900070105,0.433457452,0.670186686,0.512677737,0.512677737,0.512677737,0.512677737,0.5754486025000001,0.512677737
70900070106,0.274084292,0.47529042200000005,0.3437061925,0.3437061925,0.3437061925,0.3437061925,0.40269883450000005,0.3437061925
70900070201,0.15116469,0.319556454,0.201129748,0.201129748,0.201129748,0.201129748,0.24862748150000002,0.201129748
70900070202,0.23653048999999998,0.45196094200000003,0.28626291,0.28626291,0.28626291,0.28626291,0.3506448455,0.28626291
70900070203,0.41829978399999995,0.651554706,0.48928402899999995,0.48928402899999995,0.48928402899999995,0.48928402899999995,0.5551162505,0.48928402899999995
70900070204,0.45246200400000003,0.693023178,0.5298297200000001,0.5298297200000001,0.5298297200000001,0.5298297200000001,0.5936500325,0.5298297200000001
70900070205,0.3081235,0.510035848,0.3769120155,0.3769120155,0.3769120155,0.3769120155,0.43695368849999994,0.3769120155
70900070206,0.39220405399999997,0.58035791,0.45476200650000004,0.45476200650000004,0.45476200650000004,0.45476200650000004,0.5142564700000001,0.45476200650000004
70900070207,0.311753466,0.517981578,0.378085922,0.378085922,0.378085922,0.378085922,0.43893394399999996,0.378085922
70900070208,0.258634604,0.420474028,0.3187174595,0.3187174595,0.3187174595,0.3187174595,0.3643175595,0.3187174595
70900070301,0.34056712200000006,0.48206530599999997,0.3958699035,0.3958699035,0.3958699035,0.3958699035,0.4343430015,0.3958699035
70900070302,0.42506341000000003,0.561927878,0.48013155,0.48013155,0.48013155,0.48013155,0.519149886,0.48013155
70900070303,0.10775658340000001,0.20791065199999997,0.15428486345,0.15428486345,0.15428486345,0.15428486345,0.18223255705000002,0.15428486345
70900070304,0.339109098,0.41128372999999996,0.4053428695,0.4053428695,0.4053428695,0.4053428695,0.43051864149999997,0.4053428695
70900070305,0.39178436000000005,0.557039904,0.46413928000000004,0.46413928000000004,0.46413928000000004,0.46413928000000004,0.5148576570000001,0.46413928000000004
70900070306,0.395844826,0.618402532,0.483807468,0.483807468,0.483807468,0.483807468,0.5446657444999999,0.483807468
70900070401,0.293282118,0.4672442419999999,0.35643232225,0.35643232225,0.35643232225,0.35643232225,0.4103109375,0.35643232225
70900070402,0.330894822,0.559567438,0.403785741,0.403785741,0.403785741,0.403785741,0.469090588,0.403785741
70900070403,0.35853301800000004,0.59330768,0.43972307399999994,0.43972307399999994,0.43972307399999994,0.43972307399999994,0.5020837805,0.43972307399999994
70900070404,0.37638106,0.643302998,0.448224413,0.448224413,0.448224413,0.448224413,0.524316743,0.448224413
70900070405,0.33039937199999997,0.554346696,0.395545435,0.395545435,0.395545435,0.395545435,0.459562506,0.395545435
70900070501,0.49275142800000005,0.703651296,0.558705158,0.558705158,0.558705158,0.558705158,0.614858784,0.558705158
70900070502,0.383097356,0.643920326,0.4687804875,0.4687804875,0.4687804875,0.4687804875,0.5423695745,0.4687804875
70900070503,0.35488597,0.592144664,0.4226368325,0.4226368325,0.4226368325,0.4226368325,0.490446724,0.4226368325
70900070504,0.350490482,0.6244796220000001,0.42758664875,0.42758664875,0.42758664875,0.42758664875,0.503256503,0.42758664875
70900070601,0.520255344,0.72640412,0.576475926,0.576475926,0.576475926,0.576475926,0.6315498725,0.576475926
70900070602,0.46453974200000003,0.6528609120000001,0.520821589,0.520821589,0.520821589,0.520821589,0.578424517,0.520821589
70900070603,0.380830575,0.498812724,0.42807726755,0.42807726755,0.42807726755,0.42807726755,0.46077341875,0.42807726755
70900070604,0.5323016399999999,0.747222572,0.5929246819999999,0.5929246819999999,0.5929246819999999,0.5929246819999999,0.6482409545000001,0.5929246819999999
71000010101,0.264321588,0.396130896,0.246290378,0.246290378,0.246290378,0.246290378,0.282003141,0.246290378
71000010102,0.32376657799999997,0.457062212,0.3071337985,0.3071337985,0.3071337985,0.3071337985,0.347593713,0.3071337985
71000010103,0.40039565800000004,0.558762372,0.389951333,0.389951333,0.389951333,0.389951333,0.4333687275,0.389951333
71000010104,0.328713574,0.47903747599999996,0.3196857925,0.3196857925,0.3196857925,0.3196857925,0.359558094,0.3196857925
71000010201,0.24405457199999997,0.366802486,0.23449485949999999,0.23449485949999999,0.23449485949999999,0.23449485949999999,0.268876474,0.23449485949999999
71000010202,0.17409189,0.324252262,0.1817149905,0.1817149905,0.1817149905,0.1817149905,0.2218908185,0.1817149905
71000010203,0.24658830800000003,0.360440496,0.237628778,0.237628778,0.237628778,0.237628778,0.272141315,0.237628778
71000010204,0.1592719712,0.278860196,0.146015846,0.146015846,0.146015846,0.146015846,0.1790251753,0.146015846
71000010301,0.211293776,0.330135888,0.20641613450000001,0.20641613450000001,0.20641613450000001,0.20641613450000001,0.23529924200000002,0.20641613450000001
71000010302,0.234431432,0.354988984,0.228668854,0.228668854,0.228668854,0.228668854,0.258098435,0.228668854
71000010303,0.378763756,0.512542238,0.37474873999999997,0.37474873999999997,0.37474873999999997,0.37474873999999997,0.40971181100000004,0.37474873999999997
71000010401,0.084807702,0.141990392,0.08246110135,0.08246110135,0.08246110135,0.08246110135,0.09656222235,0.08246110135
71000010402,0.22198977800000003,0.33868846399999997,0.21008101350000002,0.21008101350000002,0.21008101350000002,0.21008101350000002,0.2400068595,0.21008101350000002
71000010403,0.192071046,0.277338278,0.18564435375,0.18564435375,0.18564435375,0.18564435375,0.20817774475,0.18564435375
71000010404,0.288195616,0.364916682,0.26985668399999996,0.26985668399999996,0.26985668399999996,0.26985668399999996,0.294132501,0.26985668399999996
71000010501,0.542184014,0.616680092,0.5434139995,0.5434139995,0.5434139995,0.5434139995,0.5655759535,0.5434139995
71000010502,0.490897486,0.549094124,0.478855097,0.478855097,0.478855097,0.478855097,0.4993321035,0.478855097
71000010503,0.551677706,0.622876006,0.545436287,0.545436287,0.545436287,0.545436287,0.566450712,0.545436287
71000010504,0.561789834,0.671557972,0.5654142705,0.5654142705,0.5654142705,0.5654142705,0.5933717775,0.5654142705
71000010505,0.33764599,0.423868376,0.3259643655,0.3259643655,0.3259643655,0.3259643655,0.3496178315,0.3259643655
71000010601,0.367200188,0.450454242,0.36154189150000005,0.36154189150000005,0.36154189150000005,0.36154189150000005,0.3852423945,0.36154189150000005
71000010602,0.45683340999999994,0.5567500599999999,0.452157526,0.452157526,0.452157526,0.452157526,0.47969191899999997,0.452157526
71000010603,0.477371852,0.570601394,0.4767474505,0.4767474505,0.4767474505,0.4767474505,0.502451443,0.4767474505
71000010604,0.40277055400000006,0.51153289,0.4021488615,0.4021488615,0.4021488615,0.4021488615,0.43223736200000007,0.4021488615
71000010605,0.38332063,0.45362308,0.36597908349999997,0.36597908349999997,0.36597908349999997,0.36597908349999997,0.386785055,0.36597908349999997
71000010701,0.51180329,0.617701622,0.508788001,0.508788001,0.508788001,0.508788001,0.543086438,0.508788001
71000010702,0.362491362,0.43863706799999996,0.347099775,0.347099775,0.347099775,0.347099775,0.372133892,0.347099775
71000010703,0.058008914200000004,0.09493697300000001,0.057907668700000005,0.057907668700000005,0.057907668700000005,0.057907668700000005,0.0668945886,0.057907668700000005
71000010704,0.337601278,0.386339364,0.31701633500000004,0.31701633500000004,0.31701633500000004,0.31701633500000004,0.3348282655,0.31701633500000004
71000010801,0.371812138,0.47896844400000005,0.35560247700000003,0.35560247700000003,0.35560247700000003,0.35560247700000003,0.3855392825,0.35560247700000003
71000010802,0.284838346,0.375438528,0.267928008,0.267928008,0.267928008,0.267928008,0.28947612450000004,0.267928008
71000010803,0.31387424799999997,0.392366,0.3042603975,0.3042603975,0.3042603975,0.3042603975,0.3267317715,0.3042603975
71000010804,0.38222480000000003,0.442983978,0.3615740945,0.3615740945,0.3615740945,0.3615740945,0.38541287999999996,0.3615740945
71000010805,0.308900372,0.34539259400000005,0.281596689,0.281596689,0.281596689,0.281596689,0.2957700995,0.281596689
71000010806,0.334715072,0.460586846,0.3351030395,0.3351030395,0.3351030395,0.3351030395,0.36993767499999997,0.3351030395
71000020101,0.5404525579999999,0.6332606519999999,0.538242301,0.538242301,0.538242301,0.538242301,0.5700339010000001,0.538242301
71000020102,0.327861306,0.50108474,0.33877438,0.33877438,0.33877438,0.33877438,0.383858927,0.33877438
71000020103,0.318396704,0.45662619800000004,0.31478786049999996,0.31478786049999996,0.31478786049999996,0.31478786049999996,0.3507653285,0.31478786049999996
71000020104,0.513983588,0.58249471,0.4981872485,0.4981872485,0.4981872485,0.4981872485,0.52513673,0.4981872485
71000020105,0.603158846,0.658595004,0.5762662035,0.5762662035,0.5762662035,0.5762662035,0.592651755,0.5762662035
71000020106,0.225694484,0.348921036,0.216004813,0.216004813,0.216004813,0.216004813,0.24667211500000003,0.216004813
71000020201,0.585247994,0.655992856,0.567310745,0.567310745,0.567310745,0.567310745,0.5932662465,0.567310745
71000020202,0.18552528399999998,0.25547319799999996,0.17576087175,0.17576087175,0.17576087175,0.17576087175,0.19417327225,0.17576087175
71000020203,0.5482712559999999,0.610459654,0.558620087,0.558620087,0.558620087,0.558620087,0.5681123880000001,0.558620087
71000020204,0.526095976,0.5901893,0.5104247705,0.5104247705,0.5104247705,0.5104247705,0.5305778555,0.5104247705
71000020205,0.36374534000000003,0.41473246999999996,0.3705342565,0.3705342565,0.3705342565,0.3705342565,0.365664024,0.3705342565
71000020301,0.366677252,0.39479451600000004,0.3770948785,0.3770948785,0.3770948785,0.3770948785,0.377489831,0.3770948785
71000020302,0.396485374,0.41691883399999996,0.421547864,0.421547864,0.421547864,0.421547864,0.4224729005,0.421547864
71000020401,0.37144402,0.474371092,0.355858284,0.355858284,0.355858284,0.355858284,0.3856957175,0.355858284
71000020402,0.249133518,0.342506322,0.2489762125,0.2489762125,0.2489762125,0.2489762125,0.2668511185,0.2489762125
71000020403,0.368785548,0.383216256,0.373476287,0.373476287,0.373476287,0.373476287,0.37393156,0.373476287
71000020404,0.1010210198,0.12361547440000001,0.1099018789,0.1099018789,0.1099018789,0.1099018789,0.11305067124999998,0.1099018789
71000020501,0.42769614,0.455181076,0.459289572,0.459289572,0.459289572,0.459289572,0.457270588,0.459289572
71000020502,0.400471178,0.43595332,0.43728467699999995,0.43728467699999995,0.43728467699999995,0.43728467699999995,0.4357420895,0.43728467699999995
71000020503,0.362013396,0.380212894,0.382672712,0.382672712,0.382672712,0.382672712,0.380596215,0.382672712
71000020601,0.436597526,0.45498772600000004,0.487148597,0.487148597,0.487148597,0.487148597,0.4788070245,0.487148597
71000020602,0.424206768,0.46346053,0.48146907050000004,0.48146907050000004,0.48146907050000004,0.48146907050000004,0.4787367385,0.48146907050000004
71000020701,0.450909282,0.505752722,0.48365051249999996,0.48365051249999996,0.48365051249999996,0.48365051249999996,0.49680432650000006,0.48365051249999996
71000020702,0.48565077600000006,0.569973132,0.5251214635,0.5251214635,0.5251214635,0.5251214635,0.540014481,0.5251214635
71000020703,0.43348433399999997,0.472653472,0.439835263,0.439835263,0.439835263,0.439835263,0.455194706,0.439835263
71000020801,0.25754805599999997,0.316469156,0.2836265925,0.2836265925,0.2836265925,0.2836265925,0.2962599555,0.2836265925
71000020802,0.45611769,0.48471362199999996,0.49425463049999996,0.49425463049999996,0.49425463049999996,0.49425463049999996,0.4953316725,0.49425463049999996
71000020803,0.440987892,0.496295928,0.47014394849999996,0.47014394849999996,0.47014394849999996,0.47014394849999996,0.4832860535,0.47014394849999996
71000020804,0.13961958800000002,0.182833588,0.15572851775000002,0.15572851775000002,0.15572851775000002,0.15572851775000002,0.16521406875,0.15572851775000002
71000020901,0.250575092,0.274386774,0.252591407,0.252591407,0.252591407,0.252591407,0.2613782433,0.252591407
71000020902,0.362052396,0.364056582,0.3681552275,0.3681552275,0.3681552275,0.3681552275,0.37661084300000003,0.3681552275
71000020903,0.32866615,0.356748232,0.3323514305,0.3323514305,0.3323514305,0.3323514305,0.34768623,0.3323514305
71000030101,0.534377236,0.63907095,0.5233792690000001,0.5233792690000001,0.5233792690000001,0.5233792690000001,0.556979836,0.5233792690000001
71000030102,0.54301234,0.6570102240000001,0.5356340595,0.5356340595,0.5356340595,0.5356340595,0.562382848,0.5356340595
71000030103,0.54329649,0.644251176,0.5308607965000001,0.5308607965000001,0.5308607965000001,0.5308607965000001,0.5531515675,0.5308607965000001
71000030104,0.443596272,0.5497571800000001,0.4376528705,0.4376528705,0.4376528705,0.4376528705,0.459312757,0.4376528705
71000030105,0.331505064,0.43272786199999996,0.3162852215,0.3162852215,0.3162852215,0.3162852215,0.339799544,0.3162852215
71000030106,0.57788974,0.648788746,0.5579306230000001,0.5579306230000001,0.5579306230000001,0.5579306230000001,0.580956111,0.5579306230000001
71000030107,0.576781212,0.672231262,0.567551309,0.567551309,0.567551309,0.567551309,0.5907606129999999,0.567551309
71000030108,0.422952354,0.543547248,0.4011324195,0.4011324195,0.4011324195,0.4011324195,0.431081376,0.4011324195
71000030201,0.549875878,0.58198849,0.546859345,0.546859345,0.546859345,0.546859345,0.5572370795,0.546859345
71000030202,0.5412638299999999,0.53882257,0.549716107,0.549716107,0.549716107,0.549716107,0.5488448375,0.549716107
71000030301,0.523088954,0.645553374,0.518630744,0.518630744,0.518630744,0.518630744,0.5500831525,0.518630744
71000030302,0.5540057839999999,0.587387436,0.5445285215,0.5445285215,0.5445285215,0.5445285215,0.553584208,0.5445285215
71000030303,0.33508005399999996,0.384562816,0.3254155855,0.3254155855,0.3254155855,0.3254155855,0.339749904,0.3254155855
71000030304,0.280799742,0.28191389,0.2882206115,0.2882206115,0.2882206115,0.2882206115,0.288167181,0.2882206115
71000030401,0.430108946,0.556064306,0.460589347,0.460589347,0.460589347,0.460589347,0.4765803555,0.460589347
71000030402,0.4650230188,0.560156262,0.5004300062,0.5004300062,0.5004300062,0.5004300062,0.5113058342000001,0.5004300062
71000030403,0.51671952,0.549171314,0.5351259445000001,0.5351259445000001,0.5351259445000001,0.5351259445000001,0.5379974505,0.5351259445000001
71000030404,0.411996028,0.42162676999999993,0.424991504,0.424991504,0.424991504,0.424991504,0.42826660099999997,0.424991504
71000030501,0.59036854,0.651175996,0.57652931,0.57652931,0.57652931,0.57652931,0.593189165,0.57652931
71000030502,0.506792688,0.522644556,0.5158622884999999,0.5158622884999999,0.5158622884999999,0.5158622884999999,0.521003986,0.5158622884999999
71000030503,0.48975876399999996,0.529541448,0.496336814,0.496336814,0.496336814,0.496336814,0.5074791195,0.496336814
71000030504,0.368625574,0.38528038,0.3763962195,0.3763962195,0.3763962195,0.3763962195,0.3887522025,0.3763962195
71000030601,0.43910637,0.43659433999999997,0.445442252,0.445442252,0.445442252,0.445442252,0.445184419,0.445442252
71000030602,0.512246568,0.5701691259999999,0.536932623,0.536932623,0.536932623,0.536932623,0.551749753,0.536932623
71000030603,0.46277921400000005,0.569652466,0.5243734905,0.5243734905,0.5243734905,0.5243734905,0.539285456,0.5243734905
71000030604,0.217339292,0.2290192948,0.2271721652,0.2271721652,0.2271721652,0.2271721652,0.2308317067,0.2271721652
71000030701,0.46172384,0.479675678,0.47564948349999997,0.47564948349999997,0.47564948349999997,0.47564948349999997,0.479679408,0.47564948349999997
71000030702,0.58839291,0.626945318,0.5877707114999999,0.5877707114999999,0.5877707114999999,0.5877707114999999,0.6046108130000001,0.5877707114999999
71000030703,0.554095354,0.6056955399999999,0.565829734,0.565829734,0.565829734,0.565829734,0.5814195265000001,0.565829734
71000030704,0.550721716,0.581671578,0.5490407635000001,0.5490407635000001,0.5490407635000001,0.5490407635000001,0.566371111,0.5490407635000001
71000030705,0.45221667199999993,0.484845464,0.44938262399999995,0.44938262399999995,0.44938262399999995,0.44938262399999995,0.4681974425,0.44938262399999995
71000030801,0.524608264,0.554852778,0.5309217900000001,0.5309217900000001,0.5309217900000001,0.5309217900000001,0.5476043765,0.5309217900000001
71000030802,0.1396539328,0.1644712428,0.15000135395,0.15000135395,0.15000135395,0.15000135395,0.15780519695,0.15000135395
71000030803,0.5058314819999999,0.5443861959999999,0.519507999,0.519507999,0.519507999,0.519507999,0.534031258,0.519507999
71000030804,0.28875641,0.32283236,0.296407726,0.296407726,0.296407726,0.296407726,0.313357373,0.296407726
71000030805,0.58211256,0.63355994,0.590320641,0.590320641,0.590320641,0.590320641,0.6144156665,0.590320641
71000030806,0.260604114,0.321767916,0.269118668,0.269118668,0.269118668,0.269118668,0.288733402,0.269118668
71000030901,0.52206379,0.564919956,0.5103716030000001,0.5103716030000001,0.5103716030000001,0.5103716030000001,0.5291053735,0.5103716030000001
71000030902,0.311593004,0.393979794,0.3254766435,0.3254766435,0.3254766435,0.3254766435,0.350510062,0.3254766435
71000030903,0.31288662599999995,0.378908056,0.316266385,0.316266385,0.316266385,0.316266385,0.33887797599999997,0.316266385
71000040101,0.3791557,0.399220574,0.39586091949999996,0.39586091949999996,0.39586091949999996,0.39586091949999996,0.401610841,0.39586091949999996
71000040102,0.51106004,0.603993506,0.5346270685000001,0.5346270685000001,0.5346270685000001,0.5346270685000001,0.566418211,0.5346270685000001
71000040103,0.521318254,0.5627218700000001,0.5307942975,0.5307942975,0.5307942975,0.5307942975,0.548309383,0.5307942975
71000040104,0.463098848,0.52876046,0.486185443,0.486185443,0.486185443,0.486185443,0.49450397500000004,0.486185443
71000040201,0.5457658719999999,0.5987280239999999,0.5571471285,0.5571471285,0.5571471285,0.5571471285,0.5751607635,0.5571471285
71000040202,0.5171354380000001,0.5651539139999999,0.5261430505,0.5261430505,0.5261430505,0.5261430505,0.5378940525,0.5261430505
71000040203,0.5397756100000001,0.568338918,0.536842138,0.536842138,0.536842138,0.536842138,0.552165205,0.536842138
71000040204,0.357675864,0.401933644,0.3575163495,0.3575163495,0.3575163495,0.3575163495,0.37402464150000003,0.3575163495
71000040301,0.548388986,0.599934132,0.5571055279999999,0.5571055279999999,0.5571055279999999,0.5571055279999999,0.5891597975,0.5571055279999999
71000040302,0.54332344,0.608532194,0.563768414,0.563768414,0.563768414,0.563768414,0.579752999,0.563768414
71000040303,0.41942849000000004,0.456659692,0.41189564450000005,0.41189564450000005,0.41189564450000005,0.41189564450000005,0.426196531,0.41189564450000005
71000040401,0.584417832,0.581809396,0.570451218,0.570451218,0.570451218,0.570451218,0.5800464405000001,0.570451218
71000040402,0.498457024,0.518206838,0.49503095950000003,0.49503095950000003,0.49503095950000003,0.49503095950000003,0.508885332,0.49503095950000003
71000040403,0.5816480260000001,0.61469838,0.5806741455,0.5806741455,0.5806741455,0.5806741455,0.599082096,0.5806741455
71000040404,0.306669498,0.48791297799999994,0.338218382,0.338218382,0.338218382,0.338218382,0.3912097555,0.338218382
71000040501,0.6082675359999999,0.651935232,0.6083277519999999,0.6083277519999999,0.6083277519999999,0.6083277519999999,0.6225808479999999,0.6083277519999999
71000040502,0.607296024,0.603185966,0.6024478845,0.6024478845,0.6024478845,0.6024478845,0.612760465,0.6024478845
71000040503,0.605197428,0.647661384,0.6059390735,0.6059390735,0.6059390735,0.6059390735,0.6213812925,0.6059390735
71000040504,0.324299102,0.357929502,0.340432203,0.340432203,0.340432203,0.340432203,0.353412267,0.340432203
71000040601,0.563252494,0.6028387580000001,0.555181452,0.555181452,0.555181452,0.555181452,0.578503335,0.555181452
71000040602,0.463554508,0.531664488,0.467770401,0.467770401,0.467770401,0.467770401,0.48882111899999997,0.467770401
71000040603,0.55711304,0.5428161539999999,0.546676642,0.546676642,0.546676642,0.546676642,0.5584951284999999,0.546676642
71000040604,0.170362954,0.20733345500000003,0.18173112149999998,0.18173112149999998,0.18173112149999998,0.18173112149999998,0.19255179819999999,0.18173112149999998
71000040605,0.5164790619999999,0.593992968,0.5328403485,0.5328403485,0.5328403485,0.5328403485,0.5568585615,0.5328403485
71000040606,0.075056695,0.0972315176,0.08928138725,0.08928138725,0.08928138725,0.08928138725,0.0949987437,0.08928138725
71000040701,0.371818078,0.431114812,0.40103226049999996,0.40103226049999996,0.40103226049999996,0.40103226049999996,0.42006438599999996,0.40103226049999996
71000040702,0.0496964778,0.071780627,0.0593165918,0.0593165918,0.0593165918,0.0593165918,0.06472743495,0.0593165918
71000040703,0.44685369799999997,0.514874426,0.485824381,0.485824381,0.485824381,0.485824381,0.509735317,0.485824381
71000040704,0.0642046428,0.1018924926,0.0887913113,0.0887913113,0.0887913113,0.0887913113,0.0984049223,0.0887913113
71000040705,0.279188376,0.28994677,0.3066924895,0.3066924895,0.3066924895,0.3066924895,0.3147101965,0.3066924895
71000040706,0.0671013494,0.10905081400000001,0.0874759516,0.0874759516,0.0874759516,0.0874759516,0.09840149555,0.0874759516
71000040707,0.068389481,0.0849668468,0.0839088828,0.0839088828,0.0839088828,0.0839088828,0.08956213755,0.0839088828
71000040801,0.40059533199999997,0.425726676,0.43498651050000003,0.43498651050000003,0.43498651050000003,0.43498651050000003,0.44921936149999997,0.43498651050000003
71000040802,0.375786132,0.395815128,0.422054016,0.422054016,0.422054016,0.422054016,0.43395248999999997,0.422054016
71000040803,0.227540158,0.284606278,0.28053202380000003,0.28053202380000003,0.28053202380000003,0.28053202380000003,0.2991496298,0.28053202380000003
71000040901,0.564902628,0.606058682,0.58854855,0.58854855,0.58854855,0.58854855,0.6097268095,0.58854855
71000040902,0.536590512,0.5589622000000001,0.5546207205,0.5546207205,0.5546207205,0.5546207205,0.5723096925,0.5546207205
71000040903,0.536696216,0.591936006,0.5703213875,0.5703213875,0.5703213875,0.5703213875,0.5877095489999999,0.5703213875
71000040904,0.421456956,0.434176622,0.45261599849999995,0.45261599849999995,0.45261599849999995,0.45261599849999995,0.45842921299999995,0.45261599849999995
71000040905,0.55541773,0.597713334,0.5777670030000001,0.5777670030000001,0.5777670030000001,0.5777670030000001,0.5944097965,0.5777670030000001
71000040906,0.407719238,0.44472232399999995,0.443768895,0.443768895,0.443768895,0.443768895,0.4593676105,0.443768895
71000040907,0.505479086,0.596273068,0.562473499,0.562473499,0.562473499,0.562473499,0.5926793745000001,0.562473499
71000040908,0.403728858,0.457086316,0.445690454,0.445690454,0.445690454,0.445690454,0.466082437,0.445690454
71000040909,0.189549334,0.22929578999999997,0.22981973949999998,0.22981973949999998,0.22981973949999998,0.22981973949999998,0.24188628350000002,0.22981973949999998
71000040910,0.328113004,0.42116085999999997,0.40444920800000006,0.40444920800000006,0.40444920800000006,0.40444920800000006,0.4336037565,0.40444920800000006
71000040911,0.146215529,0.186990246,0.19432416235,0.19432416235,0.19432416235,0.19432416235,0.20688938955,0.19432416235
71000041001,0.0543670358,0.0690166916,0.0792885981,0.0792885981,0.0792885981,0.0792885981,0.0838706289,0.0792885981
71000041002,0.08868439720000001,0.120928336,0.122724783,0.122724783,0.122724783,0.122724783,0.1327324222,0.122724783
71000041003,0.1363071992,0.10055612300000001,0.1448024875,0.1448024875,0.1448024875,0.1448024875,0.13664534420000002,0.1448024875
71000050101,0.567353358,0.584896326,0.5756744890000001,0.5756744890000001,0.5756744890000001,0.5756744890000001,0.595319837,0.5756744890000001
71000050102,0.5742447,0.614624444,0.586423445,0.586423445,0.586423445,0.586423445,0.6004488285,0.586423445
71000050103,0.567196786,0.639006888,0.5879740965,0.5879740965,0.5879740965,0.5879740965,0.612575235,0.5879740965
71000050104,0.51576672,0.5993299519999999,0.5207191505,0.5207191505,0.5207191505,0.5207191505,0.5500015604999999,0.5207191505
71000050201,0.514336532,0.6347612899999999,0.5692227155,0.5692227155,0.5692227155,0.5692227155,0.5828566045,0.5692227155
71000050202,0.46482819,0.65713891,0.571486124,0.571486124,0.571486124,0.571486124,0.588175629,0.571486124
71000050203,0.426495624,0.662441484,0.563783175,0.563783175,0.563783175,0.563783175,0.5795572315,0.563783175
71000050204,0.502106254,0.678865132,0.5921881195,0.5921881195,0.5921881195,0.5921881195,0.6163025765000001,0.5921881195
71000050205,0.47284777800000005,0.57415918,0.478141928,0.478141928,0.478141928,0.478141928,0.513096907,0.478141928
71000050301,0.5273505199999999,0.6950877440000001,0.5913638725,0.5913638725,0.5913638725,0.5913638725,0.61567367,0.5913638725
71000050302,0.555182524,0.675730072,0.579899414,0.579899414,0.579899414,0.579899414,0.6052051374999999,0.579899414
71000050303,0.46881817200000003,0.556614114,0.4606625395,0.4606625395,0.4606625395,0.4606625395,0.4912952465,0.4606625395
71000050401,0.546562882,0.67457314,0.562167889,0.562167889,0.562167889,0.562167889,0.5983107595,0.562167889
71000050402,0.53715717,0.658492194,0.544731733,0.544731733,0.544731733,0.544731733,0.5820531815,0.544731733
71000050403,0.471556958,0.577505186,0.47847264349999996,0.47847264349999996,0.47847264349999996,0.47847264349999996,0.5083435945,0.47847264349999996
71000050501,0.56041348,0.693051084,0.577266754,0.577266754,0.577266754,0.577266754,0.6155918975000001,0.577266754
71000050502,0.5249397659999999,0.551097606,0.5006210985,0.5006210985,0.5006210985,0.5006210985,0.5091936715000001,0.5006210985
71000050503,0.530281026,0.605233406,0.533698019,0.533698019,0.533698019,0.533698019,0.5541458945000001,0.533698019
71000050601,0.369612002,0.456050258,0.3742909795,0.3742909795,0.3742909795,0.3742909795,0.40252711100000005,0.3742909795
71000050602,0.5171076560000001,0.5964472000000001,0.516476163,0.516476163,0.516476163,0.516476163,0.5396554680000001,0.516476163
71000050603,0.55671252,0.60001522,0.544017948,0.544017948,0.544017948,0.544017948,0.564536467,0.544017948
71000050604,0.257155168,0.34902655,0.25855103349999997,0.25855103349999997,0.25855103349999997,0.25855103349999997,0.2839602375,0.25855103349999997
71000050605,0.385692486,0.47792971800000006,0.385866582,0.385866582,0.385866582,0.385866582,0.41099016400000005,0.385866582
71000050606,0.24178529600000004,0.285131458,0.2458588857,0.2458588857,0.2458588857,0.2458588857,0.2586106392,0.2458588857
71000050701,0.5689901900000001,0.600607696,0.5636090069999999,0.5636090069999999,0.5636090069999999,0.5636090069999999,0.5743547099999999,0.5636090069999999
71000050702,0.574181112,0.6253707399999999,0.588980124,0.588980124,0.588980124,0.588980124,0.6068158585,0.588980124
71000050703,0.547371322,0.565508998,0.55187703,0.55187703,0.55187703,0.55187703,0.555920462,0.55187703
71000050704,0.228759644,0.304480858,0.24301699100000002,0.24301699100000002,0.24301699100000002,0.24301699100000002,0.263383376,0.24301699100000002
71000050705,0.1422559492,0.24346933799999998,0.1780017773,0.1780017773,0.1780017773,0.1780017773,0.20370552355,0.1780017773
71000060101,0.56588672,0.61278898,0.559683866,0.559683866,0.559683866,0.559683866,0.58584337,0.559683866
71000060102,0.49683212,0.618563864,0.5320144135,0.5320144135,0.5320144135,0.5320144135,0.5680445825,0.5320144135
71000060103,0.45859624600000004,0.508408054,0.47099361249999994,0.47099361249999994,0.47099361249999994,0.47099361249999994,0.49067355199999996,0.47099361249999994
71000060201,0.529520034,0.608181834,0.5464220865,0.5464220865,0.5464220865,0.5464220865,0.5749772085,0.5464220865
71000060202,0.47838168400000003,0.604483758,0.5218134584999999,0.5218134584999999,0.5218134584999999,0.5218134584999999,0.5579005,0.5218134584999999
71000060203,0.524413634,0.5811908800000001,0.5423567245,0.5423567245,0.5423567245,0.5423567245,0.557929418,0.5423567245
71000060204,0.49459408,0.535954826,0.495518779,0.495518779,0.495518779,0.495518779,0.516844784,0.495518779
71000060205,0.571921052,0.5846455460000001,0.5607642325,0.5607642325,0.5607642325,0.5607642325,0.5742483515,0.5607642325
71000060206,0.47205294799999997,0.42565318,0.451000901,0.451000901,0.451000901,0.451000901,0.449550433,0.451000901
71000060207,0.497217354,0.46826492000000003,0.48373753649999995,0.48373753649999995,0.48373753649999995,0.48373753649999995,0.48720798849999997,0.48373753649999995
71000060208,0.49153955200000005,0.41942579999999996,0.468071797,0.468071797,0.468071797,0.468071797,0.4588329355,0.468071797
71000060301,0.540076244,0.609174688,0.540537366,0.540537366,0.540537366,0.540537366,0.5656916965,0.540537366
71000060302,0.513107268,0.547549644,0.498856072,0.498856072,0.498856072,0.498856072,0.519464711,0.498856072
71000060303,0.54209051,0.576854594,0.525029631,0.525029631,0.525029631,0.525029631,0.5446742545000001,0.525029631
71000060304,0.551622086,0.6238839780000001,0.555317445,0.555317445,0.555317445,0.555317445,0.5872111235,0.555317445
71000060305,0.519069516,0.5686407219999999,0.5104966049999999,0.5104966049999999,0.5104966049999999,0.5104966049999999,0.5351690185,0.5104966049999999
71000060306,0.523937986,0.57809561,0.5242207210000001,0.5242207210000001,0.5242207210000001,0.5242207210000001,0.5510944275,0.5242207210000001
71000060307,0.420420148,0.545030594,0.43848555749999996,0.43848555749999996,0.43848555749999996,0.43848555749999996,0.47691729499999996,0.43848555749999996
71000060308,0.50199296,0.533011706,0.4926288915,0.4926288915,0.4926288915,0.4926288915,0.518852139,0.4926288915
71000060309,0.49449941,0.49375124000000004,0.483591113,0.483591113,0.483591113,0.483591113,0.49619081200000004,0.483591113
71000060310,0.28960134000000004,0.29931278,0.288420982,0.288420982,0.288420982,0.288420982,0.2979367815,0.288420982
71000060401,0.22357570999999998,0.259103336,0.24333836,0.24333836,0.24333836,0.24333836,0.2542025875,0.24333836
71000060402,0.422422684,0.452544556,0.43195319750000005,0.43195319750000005,0.43195319750000005,0.43195319750000005,0.445979511,0.43195319750000005
71000060403,0.427149506,0.40350305999999997,0.4244585025,0.4244585025,0.4244585025,0.4244585025,0.42495589899999997,0.4244585025
71000060501,0.550323974,0.5276526539999999,0.5294204535,0.5294204535,0.5294204535,0.5294204535,0.5308715315,0.5294204535
71000060502,0.579085914,0.512839986,0.5431650785000001,0.5431650785000001,0.5431650785000001,0.5431650785000001,0.5419481145,0.5431650785000001
71000060503,0.5184177059999999,0.45012814599999995,0.4965144165,0.4965144165,0.4965144165,0.4965144165,0.48906514349999997,0.4965144165
71000060504,0.5576741000000001,0.502942512,0.5357762850000001,0.5357762850000001,0.5357762850000001,0.5357762850000001,0.531110949,0.5357762850000001
71000060505,0.433849382,0.378605154,0.41520299549999995,0.41520299549999995,0.41520299549999995,0.41520299549999995,0.4090515565,0.41520299549999995
71000060601,0.521598026,0.528884094,0.5233165719999999,0.5233165719999999,0.5233165719999999,0.5233165719999999,0.5340413345,0.5233165719999999
71000060602,0.529969658,0.48180248,0.49628789700000003,0.49628789700000003,0.49628789700000003,0.49628789700000003,0.49789169,0.49628789700000003
71000060603,0.444049198,0.38457442799999997,0.41433653000000004,0.41433653000000004,0.41433653000000004,0.41433653000000004,0.40862865699999995,0.41433653000000004
71000060604,0.45040348799999996,0.42474804400000005,0.43629734200000003,0.43629734200000003,0.43629734200000003,0.43629734200000003,0.43540817800000003,0.43629734200000003
71000060605,0.27358972800000003,0.30015392799999996,0.27425105825,0.27425105825,0.27425105825,0.27425105825,0.28639011775,0.27425105825
71000060701,0.528316962,0.47762855800000004,0.498578343,0.498578343,0.498578343,0.498578343,0.500814229,0.498578343
71000060702,0.479047628,0.485888176,0.4754192555,0.4754192555,0.4754192555,0.4754192555,0.4859508975,0.4754192555
71000060801,0.157952218,0.16334189,0.1689337421,0.1689337421,0.1689337421,0.1689337421,0.1715435099,0.1689337421
71000060802,0.29951092,0.28755485,0.30027700325,0.30027700325,0.30027700325,0.30027700325,0.30187719275,0.30027700325
71000060803,0.47383416599999995,0.435671016,0.4450290445,0.4450290445,0.4450290445,0.4450290445,0.44577144449999995,0.4450290445
71000060804,0.42542225599999994,0.46035870599999995,0.4432695255,0.4432695255,0.4432695255,0.4432695255,0.45934402350000003,0.4432695255
71000060805,0.213404798,0.23995658400000003,0.23023875500000002,0.23023875500000002,0.23023875500000002,0.23023875500000002,0.241337804,0.23023875500000002
71000060806,0.302879932,0.31857387400000003,0.3221571735,0.3221571735,0.3221571735,0.3221571735,0.3302340105,0.3221571735
71000060901,0.5414090899999999,0.532488004,0.527255033,0.527255033,0.527255033,0.527255033,0.5350569825,0.527255033
71000060902,0.526115474,0.484284574,0.49672926500000003,0.49672926500000003,0.49672926500000003,0.49672926500000003,0.4952480145,0.49672926500000003
71000060903,0.496430842,0.496503022,0.47267144000000005,0.47267144000000005,0.47267144000000005,0.47267144000000005,0.4756937915,0.47267144000000005
71000060904,0.442777432,0.470417948,0.444474535,0.444474535,0.444474535,0.444474535,0.4620027495,0.444474535
71000061001,0.55462354,0.58989696,0.5514236175,0.5514236175,0.5514236175,0.5514236175,0.5638598865,0.5514236175
71000061002,0.526031936,0.551680954,0.52686658,0.52686658,0.52686658,0.52686658,0.545508669,0.52686658
71000061003,0.510596258,0.551918994,0.526234093,0.526234093,0.526234093,0.526234093,0.5408410885,0.526234093
71000061004,0.50431234,0.533088526,0.526632549,0.526632549,0.526632549,0.526632549,0.539642147,0.526632549
71000061005,0.34496582600000003,0.37876803400000003,0.371594201,0.371594201,0.371594201,0.371594201,0.38502540949999997,0.371594201
71000061101,0.568695466,0.630977092,0.601328124,0.601328124,0.601328124,0.601328124,0.619341426,0.601328124
71000061102,0.53082731,0.566420166,0.5554866355,0.5554866355,0.5554866355,0.5554866355,0.570952081,0.5554866355
71000061201,0.5444696259999999,0.581599846,0.5498247935,0.5498247935,0.5498247935,0.5498247935,0.563294279,0.5498247935
71000061202,0.5571105199999999,0.562150046,0.5566137314999999,0.5566137314999999,0.5566137314999999,0.5566137314999999,0.5664755745,0.5566137314999999
71000061203,0.542007008,0.569659432,0.5538021785,0.5538021785,0.5538021785,0.5538021785,0.5689754105,0.5538021785
71000061204,0.369130096,0.420696256,0.409782882,0.409782882,0.409782882,0.409782882,0.42683457249999995,0.409782882
71000061301,0.508445524,0.498785448,0.5373657964999999,0.5373657964999999,0.5373657964999999,0.5373657964999999,0.544781376,0.5373657964999999
71000061302,0.311294448,0.35864955,0.3810567035,0.3810567035,0.3810567035,0.3810567035,0.3978473145,0.3810567035
71000061401,0.44690280399999993,0.496885288,0.47823321199999996,0.47823321199999996,0.47823321199999996,0.47823321199999996,0.4977259715,0.47823321199999996
71000061402,0.219438728,0.24623274899999997,0.24151509070000002,0.24151509070000002,0.24151509070000002,0.24151509070000002,0.2497444862,0.24151509070000002
71000061403,0.510399544,0.59050079,0.538356196,0.538356196,0.538356196,0.538356196,0.5626241645000001,0.538356196
71000061404,0.112116102,0.15747156599999998,0.13604036290000002,0.13604036290000002,0.13604036290000002,0.13604036290000002,0.1483295543,0.13604036290000002
71000061405,0.20198197,0.2583188352,0.23388569325000003,0.23388569325000003,0.23388569325000003,0.23388569325000003,0.25059997325,0.23388569325000003
71000061406,0.198383648,0.25032486880000004,0.2526563905,0.2526563905,0.2526563905,0.2526563905,0.2702805015,0.2526563905
71000061501,0.35430277,0.39323170799999996,0.417111516,0.417111516,0.417111516,0.417111516,0.4317183675,0.417111516
71000061502,0.46000155200000004,0.550694284,0.539400171,0.539400171,0.539400171,0.539400171,0.5630548535,0.539400171
71000061503,0.25507196800000004,0.306783402,0.3082229135,0.3082229135,0.3082229135,0.3082229135,0.321865418,0.3082229135
71000061504,0.09617802820000002,0.1374875584,0.13700056745,0.13700056745,0.13700056745,0.13700056745,0.14922364895,0.13700056745
71000061505,0.15009685,0.262695854,0.22323374099999999,0.22323374099999999,0.22323374099999999,0.22323374099999999,0.2550101455,0.22323374099999999
71000061601,0.419199314,0.546890342,0.5039013995,0.5039013995,0.5039013995,0.5039013995,0.5378913670000001,0.5039013995
71000061602,0.16525004999999998,0.301180354,0.2825316775,0.2825316775,0.2825316775,0.2825316775,0.320959913,0.2825316775
71000061701,0.31315129399999997,0.41485095000000005,0.37964877119999996,0.37964877119999996,0.37964877119999996,0.37964877119999996,0.40745726270000004,0.37964877119999996
71000061702,0.0774683828,0.1124437112,0.1171591377,0.1171591377,0.1171591377,0.1171591377,0.12613989075,0.1171591377
71000061703,0.1123081132,0.1013623838,0.1236715289,0.1236715289,0.1236715289,0.1236715289,0.12217026849999998,0.1236715289
71000070101,0.45816239799999997,0.48509883,0.48588784599999996,0.48588784599999996,0.48588784599999996,0.48588784599999996,0.49959549700000006,0.48588784599999996
71000070102,0.538698532,0.591572416,0.574518622,0.574518622,0.574518622,0.574518622,0.598190712,0.574518622
71000070103,0.43402746,0.476704374,0.4790442535,0.4790442535,0.4790442535,0.4790442535,0.4993570345,0.4790442535
71000070104,0.189593422,0.270694209,0.262901821,0.262901821,0.262901821,0.262901821,0.2874088698,0.262901821
71000070201,0.49458654399999996,0.550406866,0.517985979,0.517985979,0.517985979,0.517985979,0.538908626,0.517985979
71000070202,0.47684863999999993,0.502969632,0.498690689,0.498690689,0.498690689,0.498690689,0.5140027715,0.498690689
71000070203,0.43049760800000003,0.48529056,0.45799273300000004,0.45799273300000004,0.45799273300000004,0.45799273300000004,0.47552621450000004,0.45799273300000004
71000070204,0.48753916799999997,0.5479631279999999,0.5091201274999999,0.5091201274999999,0.5091201274999999,0.5091201274999999,0.529887063,0.5091201274999999
71000070205,0.41047638,0.488441786,0.44985929799999996,0.44985929799999996,0.44985929799999996,0.44985929799999996,0.473562938,0.44985929799999996
71000070206,0.06651705999999999,0.108470132,0.11069419439999999,0.11069419439999999,0.11069419439999999,0.11069419439999999,0.1212548394,0.11069419439999999
71000070301,0.555847746,0.598826936,0.5785941265,0.5785941265,0.5785941265,0.5785941265,0.5964847475,0.5785941265
71000070302,0.401996876,0.56801653,0.4756319635,0.4756319635,0.4756319635,0.4756319635,0.527423262,0.4756319635
71000070303,0.20720435200000004,0.30191724999999997,0.295203128,0.295203128,0.295203128,0.295203128,0.321306089,0.295203128
71000070401,0.111233373,0.157629912,0.16616498870000002,0.16616498870000002,0.16616498870000002,0.16616498870000002,0.17817253154999999,0.16616498870000002
71000070402,0.162742844,0.25084673080000003,0.2505951359,0.2505951359,0.2505951359,0.2505951359,0.27436183365,0.2505951359
71000070403,0.0482341762,0.11627959539999999,0.10001296244999999,0.10001296244999999,0.10001296244999999,0.10001296244999999,0.11731920225,0.10001296244999999
71000070404,0.1029890766,0.1747422174,0.19899096625,0.19899096625,0.19899096625,0.19899096625,0.2188376375,0.19899096625
71000070501,0.29111746,0.355099768,0.3643811545,0.3643811545,0.3643811545,0.3643811545,0.3830397675,0.3643811545
71000070502,0.289487098,0.374881916,0.36651100400000003,0.36651100400000003,0.36651100400000003,0.36651100400000003,0.3897009675,0.36651100400000003
71000070601,0.0558093784,0.114612609,0.100361765,0.100361765,0.100361765,0.100361765,0.11602723385,0.100361765
71000070602,0.11969928199999999,0.1676049514,0.16926468160000002,0.16926468160000002,0.16926468160000002,0.16926468160000002,0.181715865,0.16926468160000002
71000070603,0.0690507024,0.099793811,0.0989185359,0.0989185359,0.0989185359,0.0989185359,0.10713899229999999,0.0989185359
71000070701,0.070985924,0.1037212212,0.11892451344999999,0.11892451344999999,0.11892451344999999,0.11892451344999999,0.12718191195,0.11892451344999999
71000070702,0.08010447039999999,0.11723766520000001,0.13567323874999998,0.13567323874999998,0.13567323874999998,0.13567323874999998,0.14611128425,0.13567323874999998
71000070703,0.06887626220000001,0.133759822,0.13364766595,0.13364766595,0.13364766595,0.13364766595,0.14951822145,0.13364766595
71000070704,0.09867078300000001,0.141410292,0.15358265075,0.15358265075,0.15358265075,0.15358265075,0.16430515865,0.15358265075
71000070801,0.46265659800000003,0.559042636,0.5334319224999999,0.5334319224999999,0.5334319224999999,0.5334319224999999,0.559461352,0.5334319224999999
71000070802,0.467833506,0.577203194,0.5332891854999999,0.5332891854999999,0.5332891854999999,0.5332891854999999,0.566151783,0.5332891854999999
71000070803,0.27562971,0.47953846999999994,0.35619676250000004,0.35619676250000004,0.35619676250000004,0.35619676250000004,0.4142300895,0.35619676250000004
71000070901,0.22696538,0.318792918,0.302494511,0.302494511,0.302494511,0.302494511,0.3280491505,0.302494511
71000070902,0.188595026,0.327778438,0.2501656995,0.2501656995,0.2501656995,0.2501656995,0.2866489933,0.2501656995
71000070903,0.11895024920000001,0.18795350800000002,0.18830460335,0.18830460335,0.18830460335,0.18830460335,0.20793191855,0.18830460335
71000070904,0.195055442,0.2787399,0.26410930425,0.26410930425,0.26410930425,0.26410930425,0.28771426125,0.26410930425
71000080101,0.44609813000000004,0.533891962,0.498822915,0.498822915,0.498822915,0.498822915,0.527040588,0.498822915
71000080102,0.263357012,0.36126755,0.3332583135,0.3332583135,0.3332583135,0.3332583135,0.3637563015,0.3332583135
71000080103,0.202313784,0.306237118,0.283124607,0.283124607,0.283124607,0.283124607,0.3133375285,0.283124607
71000080201,0.181759732,0.311112506,0.2995057445,0.2995057445,0.2995057445,0.2995057445,0.3388049855,0.2995057445
71000080202,0.129949134,0.22246069,0.21961564130000003,0.21961564130000003,0.21961564130000003,0.21961564130000003,0.245212273,0.21961564130000003
71000080301,0.24033842600000002,0.451472918,0.374028315,0.374028315,0.374028315,0.374028315,0.42967308300000007,0.374028315
71000080302,0.262172486,0.45136452800000004,0.387142018,0.387142018,0.387142018,0.387142018,0.43755486650000003,0.387142018
71000080303,0.24921865599999998,0.37921849,0.371831937,0.371831937,0.371831937,0.371831937,0.4081163235,0.371831937
71000080304,0.1072935532,0.172950616,0.19110124405,0.19110124405,0.19110124405,0.19110124405,0.21006036199999997,0.19110124405
71000080401,0.0670654254,0.1386165288,0.1344490269,0.1344490269,0.1344490269,0.1344490269,0.1546816578,0.1344490269
71000080402,0.12317604200000001,0.18343998,0.18961401475,0.18961401475,0.18961401475,0.18961401475,0.2071018875,0.18961401475
71000080403,0.021163566,0.034839909999999995,0.03362446005,0.03362446005,0.03362446005,0.03362446005,0.037439624049999995,0.03362446005
71000080404,0.12360225600000001,0.219161633,0.20161186665000003,0.20161186665000003,0.20161186665000003,0.20161186665000003,0.22682287235,0.20161186665000003
71000080405,0.0302555056,0.043917731599999996,0.0466002726,0.0466002726,0.0466002726,0.0466002726,0.050368055349999996,0.0466002726
71000080501,0.125257555,0.1934553932,0.18723318895000002,0.18723318895000002,0.18723318895000002,0.18723318895000002,0.20543238295,0.18723318895000002
71000080502,0.0470725646,0.0981196834,0.09381895795,0.09381895795,0.09381895795,0.09381895795,0.10764182375,0.09381895795
71000080503,0.148030166,0.232540762,0.22953923265,0.22953923265,0.22953923265,0.22953923265,0.25382648264999996,0.22953923265
71000080504,0.0692044314,0.100760786,0.1030756374,0.1030756374,0.1030756374,0.1030756374,0.1121060169,0.1030756374
71000080505,0.0371118772,0.0739913622,0.06851849705,0.06851849705,0.06851849705,0.06851849705,0.07826729725,0.06851849705
71000080601,0.226040932,0.409172998,0.356837413,0.356837413,0.356837413,0.356837413,0.4041900385,0.356837413
71000080602,0.207502764,0.35098582,0.32841609780000003,0.32841609780000003,0.32841609780000003,0.32841609780000003,0.3632499903,0.32841609780000003
71000080603,0.184371206,0.473435086,0.306769394,0.306769394,0.306769394,0.306769394,0.373508607,0.306769394
71000080604,0.20350916,0.409776278,0.32158097675,0.32158097675,0.32158097675,0.32158097675,0.37022667675,0.32158097675
71000080605,0.1138338592,0.224206114,0.18988115889999999,0.18988115889999999,0.18988115889999999,0.18988115889999999,0.2161277004,0.18988115889999999
71000080606,0.0684831806,0.1480173156,0.13822422065,0.13822422065,0.13822422065,0.13822422065,0.1553927086,0.13822422065
71000080607,0.0828737474,0.156688504,0.13589508374999998,0.13589508374999998,0.13589508374999998,0.13589508374999998,0.15233044625,0.13589508374999998
71000080608,0.0784201586,0.1408600726,0.1424838483,0.1424838483,0.1424838483,0.1424838483,0.1586127981,0.1424838483
71000080609,0.052551996600000005,0.07617934479999999,0.0858629521,0.0858629521,0.0858629521,0.0858629521,0.09295291215,0.0858629521
71000080610,0.0559221556,0.0689472958,0.08031956074999999,0.08031956074999999,0.08031956074999999,0.08031956074999999,0.0847150549,0.08031956074999999
71000080701,0.0658812986,0.148570712,0.1238590236,0.1238590236,0.1238590236,0.1238590236,0.1450604485,0.1238590236
71000080702,0.0561026546,0.135732334,0.10705811335,0.10705811335,0.10705811335,0.10705811335,0.1279525672,0.10705811335
71000080703,0.0314488658,0.05568575840000001,0.043078691,0.043078691,0.043078691,0.043078691,0.04901037005,0.043078691
71000080801,0.0338678106,0.072109479,0.0686900984,0.0686900984,0.0686900984,0.0686900984,0.07872605045,0.0686900984
71000080802,0.015430032199999999,0.0428778182,0.032209678650000004,0.032209678650000004,0.032209678650000004,0.032209678650000004,0.03967180495,0.032209678650000004
71000080803,0.0313481234,0.030472846199999997,0.04441313245,0.04441313245,0.04441313245,0.04441313245,0.0451678125,0.04441313245
71000080804,0.031974371200000004,0.0700028368,0.05878387005,0.05878387005,0.05878387005,0.05878387005,0.0689290676,0.05878387005
71000080901,0.044906698599999996,0.053327922800000004,0.06645328965,0.06645328965,0.06645328965,0.06645328965,0.06903175935,0.06645328965
71000080902,0.0632417908,0.103046139,0.10359704915000001,0.10359704915000001,0.10359704915000001,0.10359704915000001,0.11489695375,0.10359704915000001
71000080903,0.0777526244,0.12422294,0.09821668775,0.09821668775,0.09821668775,0.09821668775,0.11042139595,0.09821668775
71000080904,0.054680344400000004,0.1121280206,0.1033890193,0.1033890193,0.1033890193,0.1033890193,0.11890907740000001,0.1033890193
71000081001,0.042514385599999996,0.0755293738,0.0701614645,0.0701614645,0.0701614645,0.0701614645,0.07942588455,0.0701614645
71000081002,0.033018726,0.041340245,0.0564728238,0.0564728238,0.0564728238,0.0564728238,0.059454540550000004,0.0564728238
71000081003,0.0370050236,0.0864077576,0.0665656821,0.0665656821,0.0665656821,0.0665656821,0.0790357803,0.0665656821
71000081004,0.05156547339999999,0.07348038,0.0850981065,0.0850981065,0.0850981065,0.0850981065,0.0908482906,0.0850981065
71000081101,0.1520067832,0.281593592,0.25197092104999996,0.25197092104999996,0.25197092104999996,0.25197092104999996,0.28452229205,0.25197092104999996
71000081102,0.10460708599999999,0.213425206,0.1915072658,0.1915072658,0.1915072658,0.1915072658,0.2188892358,0.1915072658
71000081103,0.0694698826,0.1041762952,0.11509244249999999,0.11509244249999999,0.11509244249999999,0.11509244249999999,0.12356071355,0.11509244249999999
71000081201,0.057578902,0.104113956,0.10175732065000001,0.10175732065000001,0.10175732065000001,0.10175732065000001,0.1137506238,0.10175732065000001
71000081202,0.037120076,0.069903172,0.065886024,0.065886024,0.065886024,0.065886024,0.07423847935,0.065886024
71000081301,0.0274273206,0.034136002799999995,0.03274595845,0.03274595845,0.03274595845,0.03274595845,0.03492455295,0.03274595845
71000081302,0.0295691906,0.057355215400000006,0.063387872,0.063387872,0.063387872,0.063387872,0.0711169076,0.063387872
71000081303,0.0303603204,0.05990715640000001,0.06159953905,0.06159953905,0.06159953905,0.06159953905,0.06924551285,0.06159953905
71000081304,0.0116672704,0.0246290848,0.01713879255,0.01713879255,0.01713879255,0.01713879255,0.0206307247,0.01713879255
71000081305,0.030883426800000002,0.058345985,0.0408858125,0.0408858125,0.0408858125,0.0408858125,0.04730895225,0.0408858125
71000081306,0.0210473102,0.0369677442,0.024523313499999998,0.024523313499999998,0.024523313499999998,0.024523313499999998,0.028525100999999997,0.024523313499999998
71000081401,0.0875438788,0.158399862,0.14185443635,0.14185443635,0.14185443635,0.14185443635,0.1601440546,0.14185443635
71000081402,0.030790710199999998,0.072827566,0.07010759035,0.07010759035,0.07010759035,0.07010759035,0.0814086051,0.07010759035
71000081403,0.0472439084,0.076765398,0.0866160909,0.0866160909,0.0866160909,0.0866160909,0.09384952175,0.0866160909
71000081404,0.0843261564,0.1442665088,0.1343506128,0.1343506128,0.1343506128,0.1343506128,0.14821996915,0.1343506128
71000081405,0.0647725842,0.0835904542,0.1010198816,0.1010198816,0.1010198816,0.1010198816,0.1056068076,0.1010198816
71000081501,0.1324566466,0.1563164612,0.1666211384,0.1666211384,0.1666211384,0.1666211384,0.17530108290000002,0.1666211384
71000081502,0.243447236,0.304302194,0.295149891,0.295149891,0.295149891,0.295149891,0.3178873195,0.295149891
71000081503,0.0450330654,0.045588354799999994,0.050145994650000004,0.050145994650000004,0.050145994650000004,0.050145994650000004,0.052072318650000005,0.050145994650000004
71000081504,0.262464482,0.308156088,0.3245411445,0.3245411445,0.3245411445,0.3245411445,0.3451404585,0.3245411445
71000081505,0.254186117,0.278786576,0.31941544745,0.31941544745,0.31941544745,0.31941544745,0.32777178295,0.31941544745
71000081506,0.214742948,0.23270120200000002,0.29337749674999997,0.29337749674999997,0.29337749674999997,0.29337749674999997,0.30232965,0.29337749674999997
71000081507,0.0192357826,0.0230562394,0.026053889749999996,0.026053889749999996,0.026053889749999996,0.026053889749999996,0.0270511828,0.026053889749999996
71000081508,0.15604707599999998,0.25157630119999996,0.23860637324999998,0.23860637324999998,0.23860637324999998,0.23860637324999998,0.26353475849999997,0.23860637324999998
71000081509,0.08995773199999998,0.16232807700000002,0.16993431205,0.16993431205,0.16993431205,0.16993431205,0.1885046559,0.16993431205
71000090101,0.058466807600000004,0.11504671520000001,0.10653661834999999,0.10653661834999999,0.10653661834999999,0.10653661834999999,0.12110303780000001,0.10653661834999999
71000090102,0.072108117,0.1097625442,0.11286121685000002,0.11286121685000002,0.11286121685000002,0.11286121685000002,0.12193845620000002,0.11286121685000002
71000090201,0.0148061282,0.0197056772,0.026536364550000004,0.026536364550000004,0.026536364550000004,0.026536364550000004,0.027705512850000003,0.026536364550000004
71000090202,0.123327118,0.19053384580000002,0.20188478645000002,0.20188478645000002,0.20188478645000002,0.20188478645000002,0.21807309965,0.20188478645000002
71000090203,0.0276455942,0.108575525,0.060614034799999994,0.060614034799999994,0.060614034799999994,0.060614034799999994,0.08057577475,0.060614034799999994
71000090204,0.0339451078,0.0465205334,0.048294308800000005,0.048294308800000005,0.048294308800000005,0.048294308800000005,0.05152424295,0.048294308800000005
71000090301,0.024587915199999998,0.0388862532,0.0508380034,0.0508380034,0.0508380034,0.0508380034,0.054564175199999995,0.0508380034
71000090302,0.046529963,0.0726167846,0.07996321125,0.07996321125,0.07996321125,0.07996321125,0.08636503295,0.07996321125
71000090303,0.0219643486,0.0316412517,0.02877690725,0.02877690725,0.02877690725,0.02877690725,0.0311260282,0.02877690725
71000090304,0.025710963799999997,0.0230010056,0.0307610001,0.0307610001,0.0307610001,0.0307610001,0.03014518955,0.0307610001
71000090305,0.0192110058,0.0270461917,0.020770258575,0.020770258575,0.020770258575,0.020770258575,0.022828109425,0.020770258575
71000090306,0.01686415,0.031179710399999998,0.02018445985,0.02018445985,0.02018445985,0.02018445985,0.0238972039,0.02018445985
71000090307,0.024958159200000003,0.0322191652,0.032861161550000004,0.032861161550000004,0.032861161550000004,0.032861161550000004,0.03469626735,0.032861161550000004
71000090308,0.0241517678,0.02754552,0.03304972925,0.03304972925,0.03304972925,0.03304972925,0.03391320485,0.03304972925
71000090309,0.146027831,0.210894018,0.22632383495,0.22632383495,0.22632383495,0.22632383495,0.24351856714999998,0.22632383495
71000090310,0.026077732399999998,0.0413772248,0.03554872535,0.03554872535,0.03554872535,0.03554872535,0.03921869735,0.03554872535
71000090401,0.1780974332,0.304600466,0.28416666479999997,0.28416666479999997,0.28416666479999997,0.28416666479999997,0.3196054213,0.28416666479999997
71000090402,0.0893285066,0.158640523,0.14306928354999998,0.14306928354999998,0.14306928354999998,0.14306928354999998,0.16220181849999998,0.14306928354999998
71000090501,0.04465210360000001,0.07429320180000001,0.07238032885,0.07238032885,0.07238032885,0.07238032885,0.07989041205,0.07238032885
71000090502,0.086295783,0.1357256508,0.1266851906,0.1266851906,0.1266851906,0.1266851906,0.13951152390000002,0.1266851906
71000090503,0.0646374014,0.1057460482,0.10780242035000001,0.10780242035000001,0.10780242035000001,0.10780242035000001,0.1184609673,0.10780242035000001
71000090504,0.0445329292,0.0781627302,0.07793933075000001,0.07793933075000001,0.07793933075000001,0.07793933075000001,0.08639318605,0.07793933075000001
71000090505,0.0811693432,0.162683373,0.12600248495,0.12600248495,0.12600248495,0.12600248495,0.147608915,0.12600248495
71000090601,0.013859623800000002,0.0197241138,0.022433488325,0.022433488325,0.022433488325,0.022433488325,0.023843318775,0.022433488325
71000090602,0.0238773504,0.040284634400000005,0.037062660525,0.037062660525,0.037062660525,0.037062660525,0.04099559365,0.037062660525
71000090603,0.0271207166,0.056933753,0.03744388325,0.03744388325,0.03744388325,0.03744388325,0.04430725235,0.03744388325
71000090604,0.0181461274,0.0223057216,0.023017067750000002,0.023017067750000002,0.023017067750000002,0.023017067750000002,0.02410781805,0.023017067750000002
71000090605,0.01643121214,0.025913065199999995,0.019339066385,0.019339066385,0.019339066385,0.019339066385,0.021602920385,0.019339066385
71000090606,0.049868324400000004,0.06796534000000001,0.07056655075,0.07056655075,0.07056655075,0.07056655075,0.0747830499,0.07056655075
71000090607,0.01099013434,0.0201562904,0.014931969705000001,0.014931969705000001,0.014931969705000001,0.014931969705000001,0.01714012893,0.014931969705000001
71000090701,0.030138892,0.061284595,0.066718630325,0.066718630325,0.066718630325,0.066718630325,0.07472287625,0.066718630325
71000090702,0.019476581599999997,0.023267842,0.033423799225,0.033423799225,0.033423799225,0.033423799225,0.034372708275000004,0.033423799225
71000090703,0.0280629038,0.049319594,0.048120491,0.048120491,0.048120491,0.048120491,0.05353251675,0.048120491
71000090704,0.0646602956,0.11857712499999999,0.09625811195,0.09625811195,0.09625811195,0.09625811195,0.1098998466,0.09625811195
71000090705,0.017417758,0.0238257595,0.020426448575,0.020426448575,0.020426448575,0.020426448575,0.022015475375,0.020426448575
71000090706,0.021726946599999998,0.0281045494,0.03216871735,0.03216871735,0.03216871735,0.03216871735,0.0339511536,0.03216871735
71000090707,0.0388593038,0.060946392800000006,0.057833338850000006,0.057833338850000006,0.057833338850000006,0.057833338850000006,0.0635161082,0.057833338850000006
71000090708,0.036377879200000005,0.045443866799999996,0.04752232005,0.04752232005,0.04752232005,0.04752232005,0.0493117277,0.04752232005
71000090709,0.0353008188,0.06981086680000001,0.0538817591,0.0538817591,0.0538817591,0.0538817591,0.061842681749999996,0.0538817591
71000090710,0.017117593,0.0258247876,0.0223359476,0.0223359476,0.0223359476,0.0223359476,0.0242658392,0.0223359476
71000090801,0.0323551038,0.0803463878,0.0566920163,0.0566920163,0.0566920163,0.0566920163,0.06583414985,0.0566920163
71000090802,0.0408671826,0.0687134224,0.05914089299999999,0.05914089299999999,0.05914089299999999,0.05914089299999999,0.0642137049,0.05914089299999999
71000090901,0.07054099059999999,0.1082361164,0.08374719865,0.08374719865,0.08374719865,0.08374719865,0.0932375831,0.08374719865
71000090902,0.0231374476,0.0741288772,0.03704365055,0.03704365055,0.03704365055,0.03704365055,0.0489124566,0.03704365055
71000090903,0.0164276955,0.0381451263,0.028600649425000003,0.028600649425000003,0.028600649425000003,0.028600649425000003,0.033513698375,0.028600649425000003
71000090904,0.013210823600000001,0.024109652,0.016404627825,0.016404627825,0.016404627825,0.016404627825,0.018187936374999998,0.016404627825
71000091001,0.0677651436,0.1116631626,0.10184031099999999,0.10184031099999999,0.10184031099999999,0.10184031099999999,0.10882383840000001,0.10184031099999999
71000091002,0.0288182076,0.0513887098,0.040313598150000005,0.040313598150000005,0.040313598150000005,0.040313598150000005,0.0444340015,0.040313598150000005
71000091101,0.105348314,0.145960588,0.14489870335000002,0.14489870335000002,0.14489870335000002,0.14489870335000002,0.1540452353,0.14489870335000002
71000091102,0.05816956139999999,0.0604059616,0.0819547079,0.0819547079,0.0819547079,0.0819547079,0.0827052808,0.0819547079
71000091103,0.019080298000000002,0.034801590199999996,0.02703710115,0.02703710115,0.02703710115,0.02703710115,0.030609172,0.02703710115
71000091201,0.025685037799999998,0.0473198376,0.0427675993,0.0427675993,0.0427675993,0.0427675993,0.047186651600000004,0.0427675993
71000091202,0.0215985106,0.032790496599999996,0.03070214605,0.03070214605,0.03070214605,0.03070214605,0.0328335798,0.03070214605
71000091203,0.0263939094,0.0711252824,0.0476394294,0.0476394294,0.0476394294,0.0476394294,0.055404659300000006,0.0476394294
71000091204,0.0449741464,0.0669667908,0.062389154999999995,0.062389154999999995,0.062389154999999995,0.062389154999999995,0.0652543592,0.062389154999999995
71000091205,0.054460074000000004,0.0954508892,0.07766588515,0.07766588515,0.07766588515,0.07766588515,0.08499708635,0.07766588515
71000091206,0.0264415384,0.0402653174,0.034689199500000004,0.034689199500000004,0.034689199500000004,0.034689199500000004,0.0363827437,0.034689199500000004
71000091207,0.0476062758,0.0843707132,0.0678317474,0.0678317474,0.0678317474,0.0678317474,0.07536637465,0.0678317474
71000091208,0.020025964200000003,0.0238025048,0.0247969312,0.0247969312,0.0247969312,0.0247969312,0.025624783,0.0247969312
71000091209,0.012094111,0.014165765,0.0188318837,0.0188318837,0.0188318837,0.0188318837,0.019238094249999997,0.0188318837
71000091210,0.0262345318,0.043489888399999996,0.038448069749999994,0.038448069749999994,0.038448069749999994,0.038448069749999994,0.042426204149999994,0.038448069749999994
71000091211,0.0211540486,0.0413956314,0.03066293725,0.03066293725,0.03066293725,0.03066293725,0.035381353500000004,0.03066293725
71000091212,0.01164055726,0.016329655300000002,0.013640806765,0.013640806765,0.013640806765,0.013640806765,0.014679454165,0.013640806765
71100010101,0.0817112552,0.146002662,0.12246484905000002,0.12246484905000002,0.12246484905000002,0.12246484905000002,0.1360138719,0.12246484905000002
71100010102,0.03604159380000001,0.0730127058,0.053431169199999996,0.053431169199999996,0.053431169199999996,0.053431169199999996,0.0608208571,0.053431169199999996
71100010103,0.0265568182,0.0437342722,0.03963981705,0.03963981705,0.03963981705,0.03963981705,0.0430537124,0.03963981705
71100010201,0.055926108200000005,0.11890461299999999,0.11018307645,0.11018307645,0.11018307645,0.11018307645,0.12573774675,0.11018307645
71100010202,0.0840918692,0.137993992,0.1393382301,0.1393382301,0.1393382301,0.1393382301,0.15269013845,0.1393382301
71100010203,0.0642386268,0.1031452002,0.0951609538,0.0951609538,0.0951609538,0.0951609538,0.10514047019999999,0.0951609538
71100010204,0.047668738599999996,0.09099997280000001,0.072970795,0.072970795,0.072970795,0.072970795,0.08231607835,0.072970795
71100010205,0.0292708232,0.06178348300000001,0.04901067095,0.04901067095,0.04901067095,0.04901067095,0.055266278950000004,0.04901067095
71100010206,0.01143633928,0.015473172599999998,0.015088986605000002,0.015088986605000002,0.015088986605000002,0.015088986605000002,0.01581360055,0.015088986605000002
71100010207,0.0142390054,0.0177594452,0.01741424305,0.01741424305,0.01741424305,0.01741424305,0.018098313225000003,0.01741424305
71100010301,0.0204409329,0.0371909974,0.031085236125,0.031085236125,0.031085236125,0.031085236125,0.034916732925,0.031085236125
71100010302,0.1168739872,0.21428884999999998,0.17812850485,0.17812850485,0.17812850485,0.17812850485,0.19906365139999999,0.17812850485
71100010303,0.0359072004,0.0683826808,0.061577032649999995,0.061577032649999995,0.061577032649999995,0.061577032649999995,0.06921535975,0.061577032649999995
71100010304,0.06794356879999999,0.10270922,0.0891913361,0.0891913361,0.0891913361,0.0891913361,0.09631761545,0.0891913361
71100010305,0.0260583936,0.0363914324,0.0284997789,0.0284997789,0.0284997789,0.0284997789,0.0310253479,0.0284997789
71100010306,0.0172688804,0.036335730999999996,0.02378352275,0.02378352275,0.02378352275,0.02378352275,0.028224370199999998,0.02378352275
71100010401,0.0667317466,0.08744702439999999,0.0856755704,0.0856755704,0.0856755704,0.0856755704,0.09009511925,0.0856755704
71100010402,0.19174682599999998,0.217349864,0.207903195,0.207903195,0.207903195,0.207903195,0.214196484,0.207903195
71100010403,0.203572132,0.267454798,0.2290878062,0.2290878062,0.2290878062,0.2290878062,0.2456646064,0.2290878062
71100010404,0.14682853,0.23090961400000004,0.17371571315,0.17371571315,0.17371571315,0.17371571315,0.1956227864,0.17371571315
71100010501,0.351421166,0.359053386,0.352863513,0.352863513,0.352863513,0.352863513,0.361401182,0.352863513
71100010502,0.40272862,0.421959844,0.4150745435,0.4150745435,0.4150745435,0.4150745435,0.4257146605,0.4150745435
71100010503,0.2698901672,0.31464856,0.2876474728,0.2876474728,0.2876474728,0.2876474728,0.3043406033,0.2876474728
71100010504,0.2310704408,0.204997006,0.23072714235,0.23072714235,0.23072714235,0.23072714235,0.22815096435,0.23072714235
71100010505,0.180621631,0.212621481,0.2017670473,0.2017670473,0.2017670473,0.2017670473,0.2123740018,0.2017670473
71100010506,0.061480131400000006,0.0745074872,0.0677482876,0.0677482876,0.0677482876,0.0677482876,0.0725182111,0.0677482876
71100010507,0.10045774300000002,0.0881777552,0.09597360915,0.09597360915,0.09597360915,0.09597360915,0.09449472865,0.09597360915
71100010508,0.1078132668,0.14355952919999998,0.1212597304,0.1212597304,0.1212597304,0.1212597304,0.13109656615,0.1212597304
71100010509,0.1942758328,0.20959642500000003,0.22504008795,0.22504008795,0.22504008795,0.22504008795,0.23085397345,0.22504008795
71100010601,0.0186203554,0.017335438,0.01960703785,0.01960703785,0.01960703785,0.01960703785,0.01936135135,0.01960703785
71100010602,0.225281844,0.249885234,0.23802499175,0.23802499175,0.23802499175,0.23802499175,0.24827936725000002,0.23802499175
71100010603,0.0181777504,0.028507471200000002,0.020478950500000002,0.020478950500000002,0.020478950500000002,0.020478950500000002,0.023042018625,0.020478950500000002
71100010604,0.42590799199999996,0.46391679999999996,0.4504980655,0.4504980655,0.4504980655,0.4504980655,0.46298879499999995,0.4504980655
71100010605,0.016175613,0.0427737938,0.026065150724999996,0.026065150724999996,0.026065150724999996,0.026065150724999996,0.032898269975,0.026065150724999996
71100010701,0.05282348419999999,0.10641145199999999,0.07883174655,0.07883174655,0.07883174655,0.07883174655,0.09061400805,0.07883174655
71100010702,0.0378486413,0.0943601852,0.065114617475,0.065114617475,0.065114617475,0.065114617475,0.077056615225,0.065114617475
71100010801,0.0804924752,0.14574924,0.11961856405,0.11961856405,0.11961856405,0.11961856405,0.13635544735,0.11961856405
71100010802,0.0421186878,0.085710634,0.06823892984999999,0.06823892984999999,0.06823892984999999,0.06823892984999999,0.07772571735,0.06823892984999999
71100010803,0.051664569199999996,0.1136488894,0.08268918054999999,0.08268918054999999,0.08268918054999999,0.08268918054999999,0.09609487895,0.08268918054999999
71100010804,0.034043998199999995,0.0941757832,0.0625060483,0.0625060483,0.0625060483,0.0625060483,0.0755772131,0.0625060483
71100010901,0.042540386,0.070852548,0.06439145095,0.06439145095,0.06439145095,0.06439145095,0.07088714310000001,0.06439145095
71100010902,0.043596603,0.0611924434,0.0549145933,0.0549145933,0.0549145933,0.0549145933,0.0584917598,0.0549145933
71100010903,0.0587139804,0.10832233799999999,0.08994359635,0.08994359635,0.08994359635,0.08994359635,0.1022501546,0.08994359635
71100010904,0.030899488200000002,0.036480742,0.03519708175,0.03519708175,0.03519708175,0.03519708175,0.03669972645,0.03519708175
71100010905,0.020201532799999998,0.036345404399999996,0.0245349848,0.0245349848,0.0245349848,0.0245349848,0.028557184549999996,0.0245349848
71100011001,0.41745431,0.4985389619999999,0.4645076625,0.4645076625,0.4645076625,0.4645076625,0.48568184,0.4645076625
71100011002,0.23221791399999997,0.23011291199999998,0.26281342254999995,0.26281342254999995,0.26281342254999995,0.26281342254999995,0.2616169358,0.26281342254999995
71100011003,0.060191203400000004,0.13275156800000001,0.09944135725,0.09944135725,0.09944135725,0.09944135725,0.11790685059999999,0.09944135725
71100011004,0.167210868,0.203921827,0.21166495645,0.21166495645,0.21166495645,0.21166495645,0.22183781319999998,0.21166495645
71100011005,0.0153811128,0.0198023042,0.01749150715,0.01749150715,0.01749150715,0.01749150715,0.01869764485,0.01749150715
71100011006,0.0669957572,0.1173127812,0.090327104,0.090327104,0.090327104,0.090327104,0.10279289185,0.090327104
71100020101,0.0315835172,0.0457812726,0.055058931850000006,0.055058931850000006,0.055058931850000006,0.055058931850000006,0.05840129684999999,0.055058931850000006
71100020102,0.0535080342,0.132476488,0.08902593085,0.08902593085,0.08902593085,0.08902593085,0.10818376064999999,0.08902593085
71100020103,0.0830405776,0.12642949399999998,0.11563218765000001,0.11563218765000001,0.11563218765000001,0.11563218765000001,0.12603873464999998,0.11563218765000001
71100020104,0.0496566906,0.07575671580000001,0.0772574442,0.0772574442,0.0772574442,0.0772574442,0.0826052666,0.0772574442
71100020105,0.0446817868,0.0648658378,0.06471837425,0.06471837425,0.06471837425,0.06471837425,0.06860777674999999,0.06471837425
71100020106,0.0310109442,0.11288763799999998,0.0601920338,0.0601920338,0.0601920338,0.0601920338,0.07855107154999999,0.0601920338
71100020107,0.046489669,0.0794887468,0.07945718739999999,0.07945718739999999,0.07945718739999999,0.07945718739999999,0.0872792139,0.07945718739999999
71100020108,0.020818553,0.062497484400000004,0.039870476700000004,0.039870476700000004,0.039870476700000004,0.039870476700000004,0.04918938785,0.039870476700000004
71100020201,0.051672344599999996,0.07038889499999999,0.06921083795,0.06921083795,0.06921083795,0.06921083795,0.07318969735,0.06921083795
71100020202,0.0371055848,0.0606183204,0.0554928967,0.0554928967,0.0554928967,0.0554928967,0.060622818700000004,0.0554928967
71100020203,0.025890912999999998,0.034624075,0.037179780499999995,0.037179780499999995,0.037179780499999995,0.037179780499999995,0.0391655853,0.037179780499999995
71100020204,0.026646676400000003,0.0371602804,0.03907232065,0.03907232065,0.03907232065,0.03907232065,0.0414667621,0.03907232065
71100020205,0.0094125789,0.0170272034,0.013154797200000002,0.013154797200000002,0.013154797200000002,0.013154797200000002,0.014876043225,0.013154797200000002
71100020206,0.00998200294,0.023542381600000002,0.01659588268,0.01659588268,0.01659588268,0.01659588268,0.019737751004999998,0.01659588268
71100020301,0.050778844600000005,0.10284375859999999,0.077278097,0.077278097,0.077278097,0.077278097,0.0887437535,0.077278097
71100020302,0.0203281423,0.0865099816,0.042850086575,0.042850086575,0.042850086575,0.042850086575,0.058383237825,0.042850086575
71100020303,0.0154010008,0.03274461,0.02419771825,0.02419771825,0.02419771825,0.02419771825,0.028208160700000002,0.02419771825
71100020304,0.0254217862,0.03402054140000001,0.027446180115000003,0.027446180115000003,0.027446180115000003,0.027446180115000003,0.029146006965,0.027446180115000003
71100020305,0.029593265200000003,0.057257064999999996,0.0470920612,0.0470920612,0.0470920612,0.0470920612,0.053645695199999996,0.0470920612
71100020306,0.0422944808,0.057425023799999995,0.054676798049999996,0.054676798049999996,0.054676798049999996,0.054676798049999996,0.05820717075,0.054676798049999996
71100020401,0.0361583664,0.0750957702,0.051123365649999995,0.051123365649999995,0.051123365649999995,0.051123365649999995,0.059661626450000005,0.051123365649999995
71100020402,0.0223334912,0.0588440008,0.040671176749999996,0.040671176749999996,0.040671176749999996,0.040671176749999996,0.0490637675,0.040671176749999996
71100020403,0.015184896600000001,0.021991279100000004,0.02098702725,0.02098702725,0.02098702725,0.02098702725,0.0225852512,0.02098702725
71100020404,0.0313714596,0.050155963000000005,0.04887608365,0.04887608365,0.04887608365,0.04887608365,0.05378340745,0.04887608365
71100020405,0.056463851600000003,0.080983588,0.07747096845,0.07747096845,0.07747096845,0.07747096845,0.0846669181,0.07747096845
71100030101,0.0383134596,0.0902828688,0.0592829072,0.0592829072,0.0592829072,0.0592829072,0.07228815985,0.0592829072
71100030102,0.042419772,0.052939427000000004,0.04855420015,0.04855420015,0.04855420015,0.04855420015,0.0514067013,0.04855420015
71100030103,0.0355584374,0.0857842892,0.05962850815,0.05962850815,0.05962850815,0.05962850815,0.07290495605,0.05962850815
71100030104,0.0143317647,0.0485196184,0.032008960375,0.032008960375,0.032008960375,0.032008960375,0.040386017175,0.032008960375
71100030105,0.0128100022,0.0490637296,0.020011646575,0.020011646575,0.020011646575,0.020011646575,0.02859437805,0.020011646575
71100030106,0.031230040999999997,0.060693886200000005,0.0388429747,0.0388429747,0.0388429747,0.0388429747,0.0461358915,0.0388429747
71100030201,0.0274803276,0.08189401560000001,0.0471189999,0.0471189999,0.0471189999,0.0471189999,0.0594610462,0.0471189999
71100030202,0.0294165355,0.0804901498,0.043303119774999996,0.043303119774999996,0.043303119774999996,0.043303119774999996,0.054793267275,0.043303119774999996
71100030203,0.0538319136,0.0895689328,0.0781261333,0.0781261333,0.0781261333,0.0781261333,0.08496581545000001,0.0781261333
71100030204,0.032656502,0.0474523836,0.047104500199999996,0.047104500199999996,0.047104500199999996,0.047104500199999996,0.05056320045,0.047104500199999996
71100030301,0.022179980499999998,0.085843905,0.040771903925,0.040771903925,0.040771903925,0.040771903925,0.056551473725,0.040771903925
71100030302,0.043365513,0.06585005540000001,0.0511902751,0.0511902751,0.0511902751,0.0511902751,0.0563006248,0.0511902751
71100030303,0.0131716758,0.025881611199999998,0.01725527465,0.01725527465,0.01725527465,0.01725527465,0.019898619149999998,0.01725527465
71100030304,0.0171204168,0.027015766200000003,0.019596259575,0.019596259575,0.019596259575,0.019596259575,0.021794995424999998,0.019596259575
71100030305,0.034704819600000006,0.0900742274,0.0543737422,0.0543737422,0.0543737422,0.0543737422,0.0660086094,0.0543737422
71100030306,0.0316148986,0.0508699738,0.0484279486,0.0484279486,0.0484279486,0.0484279486,0.05195420630000001,0.0484279486
71100030307,0.040823752799999995,0.0704819796,0.05657048845,0.05657048845,0.05657048845,0.05657048845,0.0637038064,0.05657048845
71100030401,0.06545596340000001,0.0964429112,0.09085993225,0.09085993225,0.09085993225,0.09085993225,0.0975431119,0.09085993225
71100030402,0.0475729524,0.090678485,0.06085457585,0.06085457585,0.06085457585,0.06085457585,0.07210443425,0.06085457585
71100040101,0.034480072,0.0584186196,0.045964718475,0.045964718475,0.045964718475,0.045964718475,0.051709626099999996,0.045964718475
71100040102,0.0207109732,0.029603364,0.03071441465,0.03071441465,0.03071441465,0.03071441465,0.033088811499999995,0.03071441465
71100040103,0.026825341999999995,0.0402544194,0.03587480445,0.03587480445,0.03587480445,0.03587480445,0.038665227,0.03587480445
71100040104,0.0354895682,0.0489018944,0.0421856116,0.0421856116,0.0421856116,0.0421856116,0.04539521345,0.0421856116
71100040105,0.037136365,0.060309637000000006,0.05743314475,0.05743314475,0.05743314475,0.05743314475,0.0625442891,0.05743314475
71100040106,0.0350514998,0.067807273,0.055970471099999995,0.055970471099999995,0.055970471099999995,0.055970471099999995,0.0633080986,0.055970471099999995
71100040107,0.0307431876,0.0345976514,0.03940183265,0.03940183265,0.03940183265,0.03940183265,0.0403591959,0.03940183265
71100040108,0.0366230518,0.0518060788,0.05105262055,0.05105262055,0.05105262055,0.05105262055,0.054791821750000004,0.05105262055
71100040109,0.0611424698,0.08336899680000001,0.08273372495,0.08273372495,0.08273372495,0.08273372495,0.08996355014999999,0.08273372495
71100040201,0.107329703,0.129222564,0.12671003995000002,0.12671003995000002,0.12671003995000002,0.12671003995000002,0.1332471322,0.12671003995000002
71100040202,0.15218853400000001,0.169925348,0.1851509512,0.1851509512,0.1851509512,0.1851509512,0.1906190687,0.1851509512
71100040203,0.061102709399999997,0.0554390144,0.0649841848,0.0649841848,0.0649841848,0.0649841848,0.06430052435,0.0649841848
71100040301,0.0265468492,0.030746416999999998,0.028600339800000003,0.028600339800000003,0.028600339800000003,0.028600339800000003,0.0297915681,0.028600339800000003
71100040302,0.0702323206,0.09792037619999999,0.10974675190000001,0.10974675190000001,0.10974675190000001,0.10974675190000001,0.11865834659999999,0.10974675190000001
71100040303,0.173048962,0.1725354078,0.2094616077,0.2094616077,0.2094616077,0.2094616077,0.2111826552,0.2094616077
71100040304,0.0218004274,0.026908417400000002,0.02769028235,0.02769028235,0.02769028235,0.02769028235,0.02946639125,0.02769028235
71100040401,0.11445949899999999,0.1131163288,0.14119720689999998,0.14119720689999998,0.14119720689999998,0.14119720689999998,0.1444371322,0.14119720689999998
71100040402,0.061845997,0.0751850084,0.08055340575,0.08055340575,0.08055340575,0.08055340575,0.0852455148,0.08055340575
71100040403,0.0906434776,0.0919090846,0.1145652403,0.1145652403,0.1145652403,0.1145652403,0.11636817020000001,0.1145652403
71100040501,0.091203634,0.100178272,0.11562725334999999,0.11562725334999999,0.11562725334999999,0.11562725334999999,0.12093391505,0.11562725334999999
71100040502,0.1554621888,0.16474764,0.19231834695,0.19231834695,0.19231834695,0.19231834695,0.19717327045,0.19231834695
71100040503,0.12701447500000002,0.20584287080000002,0.20015227725,0.20015227725,0.20015227725,0.20015227725,0.22156905294999998,0.20015227725
71100040504,0.00922679574,0.009259219939999999,0.01189084539,0.01189084539,0.01189084539,0.01189084539,0.01199319184,0.01189084539
71100040601,0.10693316400000001,0.0857589664,0.128377858,0.128377858,0.128377858,0.128377858,0.12575583365,0.128377858
71100040602,0.141310946,0.22932602800000002,0.21594216419999998,0.21594216419999998,0.21594216419999998,0.21594216419999998,0.2386623955,0.21594216419999998
71100040603,0.040792863400000004,0.043930393400000003,0.0449659629,0.0449659629,0.0449659629,0.0449659629,0.0467883208,0.0449659629
71100040604,0.00566663272,0.0067082006,0.006320347969999999,0.006320347969999999,0.006320347969999999,0.006320347969999999,0.006638984505000001,0.006320347969999999
71100040701,0.00823122626,0.01288013492,0.01008143694,0.01008143694,0.01008143694,0.01008143694,0.01127101821,0.01008143694
71100040702,0.011670336,0.0224101918,0.019022578375,0.019022578375,0.019022578375,0.019022578375,0.02186682745,0.019022578375
71100040703,0.0383779774,0.0244694318,0.04025564425,0.04025564425,0.04025564425,0.04025564425,0.03722394605,0.04025564425
71100040801,0.0466936184,0.0427982514,0.0584155985,0.0584155985,0.0584155985,0.0584155985,0.058166029099999995,0.0584155985
71100040802,0.0660704032,0.0843833906,0.08710404520000001,0.08710404520000001,0.08710404520000001,0.08710404520000001,0.09233979615,0.08710404520000001
71100040803,0.0550745994,0.0866221688,0.07539467635,0.07539467635,0.07539467635,0.07539467635,0.08363194185,0.07539467635
71100040901,0.227450953,0.20443541999999998,0.267550773,0.267550773,0.267550773,0.267550773,0.26739574325,0.267550773
71100040902,0.1550903138,0.149427768,0.1860154182,0.1860154182,0.1860154182,0.1860154182,0.1874921313,0.1860154182
71100040903,0.1141834206,0.115427254,0.1373371185,0.1373371185,0.1373371185,0.1373371185,0.14000381609999998,0.1373371185
71100040904,0.07472868499999999,0.077509108,0.08710786625,0.08710786625,0.08710786625,0.08710786625,0.0892215427,0.08710786625
71100040905,0.082182248,0.0829737308,0.0950819014,0.0950819014,0.0950819014,0.0950819014,0.09677590015,0.0950819014
71100041001,0.0375221468,0.0482980146,0.04560889555,0.04560889555,0.04560889555,0.04560889555,0.04864850175,0.04560889555
71100041002,0.0198397006,0.0182895748,0.0204982001,0.0204982001,0.0204982001,0.0204982001,0.02049128785,0.0204982001
71100041003,0.0151522186,0.0128117819,0.015250362925,0.015250362925,0.015250362925,0.015250362925,0.014944145675000001,0.015250362925
71100041004,0.027856305999999997,0.0251601083,0.0309893372,0.0309893372,0.0309893372,0.0309893372,0.03062465775,0.0309893372
71100041101,0.0074655742,0.0075671876,0.007775357175,0.007775357175,0.007775357175,0.007775357175,0.007832204655,0.007775357175
71100041102,0.20779226899999997,0.1993464502,0.22224220075,0.22224220075,0.22224220075,0.22224220075,0.22911719654999999,0.22224220075
71100041103,0.025135322999999998,0.0251501792,0.03337328255,0.03337328255,0.03337328255,0.03337328255,0.03348669195,0.03337328255
71100041104,0.018589993200000002,0.0191795818,0.020148793275,0.020148793275,0.020148793275,0.020148793275,0.020308781275,0.020148793275
71100041105,0.0211511174,0.0219736494,0.02258062725,0.02258062725,0.02258062725,0.02258062725,0.0230846169,0.02258062725
71100041106,0.017833923,0.015384543,0.0213593158,0.0213593158,0.0213593158,0.0213593158,0.0207758836,0.0213593158
71100041107,0.0418335398,0.0411422174,0.04729039225,0.04729039225,0.04729039225,0.04729039225,0.0484519726,0.04729039225
71100041108,0.016336070200000004,0.03458605,0.01980343445,0.01980343445,0.01980343445,0.01980343445,0.02476286985,0.01980343445
71100041109,0.0123329276,0.00929972954,0.012683007,0.012683007,0.012683007,0.012683007,0.012008302935,0.012683007
71100050101,0.06761394400000001,0.07332638259999999,0.09296418815,0.09296418815,0.09296418815,0.09296418815,0.09537923765,0.09296418815
71100050102,0.0352908878,0.149271408,0.0627238067,0.0627238067,0.0627238067,0.0627238067,0.09164105675,0.0627238067
71100050103,0.0345944742,0.102952012,0.0685637567,0.0685637567,0.0685637567,0.0685637567,0.0865707193,0.0685637567
71100050104,0.0462917834,0.111062869,0.07770281265,0.07770281265,0.07770281265,0.07770281265,0.09464534695,0.07770281265
71100050105,0.0330769098,0.0736563992,0.056202973325,0.056202973325,0.056202973325,0.056202973325,0.06681223389999999,0.056202973325
71100050106,0.0284814122,0.06310052559999998,0.0421002125,0.0421002125,0.0421002125,0.0421002125,0.05100880175,0.0421002125
71100050107,0.026911379200000002,0.1302550922,0.04180379455,0.04180379455,0.04180379455,0.04180379455,0.06875592625,0.04180379455
71100050108,0.0398001188,0.084619693,0.07146582975,0.07146582975,0.07146582975,0.07146582975,0.08477615755,0.07146582975
71100050109,0.024479705600000002,0.0444178684,0.03783733335,0.03783733335,0.03783733335,0.03783733335,0.04324731045000001,0.03783733335
71100050110,0.0213450562,0.0538511422,0.04066731195,0.04066731195,0.04066731195,0.04066731195,0.04882020005,0.04066731195
71100050111,0.0259201234,0.0403826788,0.0328858134,0.0328858134,0.0328858134,0.0328858134,0.0367261546,0.0328858134
71100050201,0.039526761,0.06836664379999999,0.0585939658,0.0585939658,0.0585939658,0.0585939658,0.06591291215,0.0585939658
71100050202,0.046834316800000005,0.059187963200000006,0.06397186415,0.06397186415,0.06397186415,0.06397186415,0.06733214480000001,0.06397186415
71100050301,0.0411464053,0.053831032,0.049627909025,0.049627909025,0.049627909025,0.049627909025,0.053217234275000004,0.049627909025
71100050302,0.0273227728,0.03226101,0.03576615725,0.03576615725,0.03576615725,0.03576615725,0.0373259888,0.03576615725
71100050303,0.0275527992,0.0477841826,0.0416559118,0.0416559118,0.0416559118,0.0416559118,0.04719264675,0.0416559118
71100050401,0.060062355199999994,0.091154311,0.08657278785,0.08657278785,0.08657278785,0.08657278785,0.0956956816,0.08657278785
71100050402,0.036087202400000004,0.060291697600000006,0.052958620649999996,0.052958620649999996,0.052958620649999996,0.052958620649999996,0.059660317399999996,0.052958620649999996
71100050403,0.027814467199999998,0.0367716248,0.0368105751,0.0368105751,0.0368105751,0.0368105751,0.039355870700000004,0.0368105751
71100050404,0.0183795028,0.023700554000000002,0.02459309525,0.02459309525,0.02459309525,0.02459309525,0.0260030536,0.02459309525
71100050501,0.0785146684,0.10127295480000001,0.10013195605,0.10013195605,0.10013195605,0.10013195605,0.10773895235,0.10013195605
71100050502,0.0384435246,0.060849146,0.054544151949999994,0.054544151949999994,0.054544151949999994,0.054544151949999994,0.060847717600000004,0.054544151949999994
71100050503,0.0296326512,0.0369763956,0.0372579774,0.0372579774,0.0372579774,0.0372579774,0.03936389945,0.0372579774
71100050504,0.015506205200000001,0.0126378559,0.01708433936,0.01708433936,0.01708433936,0.01708433936,0.016408095075,0.01708433936
71100060101,0.09967206640000001,0.10772380919999999,0.11117987615,0.11117987615,0.11117987615,0.11117987615,0.11671950440000001,0.11117987615
71100060102,0.12599078419999998,0.11666006300000001,0.1326016893,0.1326016893,0.1326016893,0.1326016893,0.13310134255,0.1326016893
71100060103,0.0899892338,0.0928126676,0.1059456049,0.1059456049,0.1059456049,0.1059456049,0.10864270174999999,0.1059456049
71100060104,0.043817876,0.0537233368,0.060032078749999995,0.060032078749999995,0.060032078749999995,0.060032078749999995,0.06305638925,0.060032078749999995
71100060105,0.030220525399999996,0.0346751986,0.0375915541,0.0375915541,0.0375915541,0.0375915541,0.0391401299,0.0375915541
71100060201,0.05882859580000001,0.14002727720000002,0.0955394475,0.0955394475,0.0955394475,0.0955394475,0.1172255655,0.0955394475
71100060202,0.05638456199999999,0.08004153700000001,0.07958316509999999,0.07958316509999999,0.07958316509999999,0.07958316509999999,0.08658222275,0.07958316509999999
71100060203,0.0192328966,0.02374693,0.02447506625,0.02447506625,0.02447506625,0.02447506625,0.025632536899999996,0.02447506625
71100060204,0.0166955934,0.0436922742,0.029479514024999997,0.029479514024999997,0.029479514024999997,0.029479514024999997,0.036332890675,0.029479514024999997
71100060205,0.0232101985,0.035504273600000004,0.029743891249999998,0.029743891249999998,0.029743891249999998,0.029743891249999998,0.033043118875,0.029743891249999998
71100060206,0.0192070884,0.029643066200000002,0.023989790325,0.023989790325,0.023989790325,0.023989790325,0.02663517835,0.023989790325
71100060207,0.0186288134,0.0364857512,0.02969608935,0.02969608935,0.02969608935,0.02969608935,0.0344418169,0.02969608935
71100060208,0.021601832199999997,0.024569939800000003,0.021927212975,0.021927212975,0.021927212975,0.021927212975,0.0228781827,0.021927212975
71100060301,0.0214963034,0.055543307,0.031057071175,0.031057071175,0.031057071175,0.031057071175,0.039936666674999996,0.031057071175
71100060302,0.0193120992,0.0377922064,0.0271050774,0.0271050774,0.0271050774,0.0271050774,0.0318991587,0.0271050774
71100060303,0.0789387144,0.0909125766,0.0926262866,0.0926262866,0.0926262866,0.0926262866,0.09676256024999999,0.0926262866
71100060304,0.059791019,0.0935477508,0.0917247192,0.0917247192,0.0917247192,0.0917247192,0.10056758415,0.0917247192
71100060305,0.0327526786,0.051496754199999994,0.04523525305,0.04523525305,0.04523525305,0.04523525305,0.050372399449999994,0.04523525305
71100060306,0.0557623424,0.08394774460000001,0.07595635145,0.07595635145,0.07595635145,0.07595635145,0.0837635102,0.07595635145
71100060307,0.0278123858,0.0327527066,0.0334137519,0.0334137519,0.0334137519,0.0334137519,0.035015975649999996,0.0334137519
71100060308,0.020442949999999998,0.027114910199999998,0.027385398975000003,0.027385398975000003,0.027385398975000003,0.027385398975000003,0.029144759949999998,0.027385398975000003
71100060401,0.013730853500000001,0.0230689682,0.0190699761,0.0190699761,0.0190699761,0.0190699761,0.02155908475,0.0190699761
71100060402,0.01193906366,0.024623138,0.0147585038,0.0147585038,0.0147585038,0.0147585038,0.017754561565,0.0147585038
71100060501,0.0796221094,0.0920795692,0.0986477238,0.0986477238,0.0986477238,0.0986477238,0.1026101895,0.0986477238
71100060502,0.06351892719999999,0.058755278,0.07371737354999999,0.07371737354999999,0.07371737354999999,0.07371737354999999,0.0729160862,0.07371737354999999
71100060503,0.0407436544,0.0746236656,0.0509229544,0.0509229544,0.0509229544,0.0509229544,0.0588178109,0.0509229544
71100060504,0.06491394,0.07115900680000001,0.07262389555000001,0.07262389555000001,0.07262389555000001,0.07262389555000001,0.0748626622,0.07262389555000001
71100060505,0.119560692,0.15033488,0.1539431915,0.1539431915,0.1539431915,0.1539431915,0.16516942,0.1539431915
71100060506,0.1138128276,0.13660121,0.13108500895,0.13108500895,0.13108500895,0.13108500895,0.1375351917,0.13108500895
71100060507,0.07232470960000001,0.0829748956,0.0863526429,0.0863526429,0.0863526429,0.0863526429,0.0897247281,0.0863526429
71100060508,0.058719065,0.0560361374,0.06918766540000001,0.06918766540000001,0.06918766540000001,0.06918766540000001,0.06870627825,0.06918766540000001
71100060509,0.0196396344,0.0277893064,0.027213596425000004,0.027213596425000004,0.027213596425000004,0.027213596425000004,0.029360976825000003,0.027213596425000004
71100060510,0.023878097199999997,0.034512601,0.035648902450000006,0.035648902450000006,0.035648902450000006,0.035648902450000006,0.038337915550000004,0.035648902450000006
71100070101,0.0214007157,0.035608271000000004,0.032001560974999996,0.032001560974999996,0.032001560974999996,0.032001560974999996,0.035279319375,0.032001560974999996
71100070102,0.0977436612,0.1096911258,0.12490686705000001,0.12490686705000001,0.12490686705000001,0.12490686705000001,0.1287548025,0.12490686705000001
71100070103,0.0776344732,0.10014772620000001,0.10418488784999999,0.10418488784999999,0.10418488784999999,0.10418488784999999,0.11105072345,0.10418488784999999
71100070104,0.0536128678,0.057211933199999995,0.06673258965,0.06673258965,0.06673258965,0.06673258965,0.0681054527,0.06673258965
71100070105,0.0164671324,0.029793811400000002,0.028991864200000002,0.028991864200000002,0.028991864200000002,0.028991864200000002,0.03225105205,0.028991864200000002
71100070201,0.09875831139999999,0.11615459800000001,0.11490177615,0.11490177615,0.11490177615,0.11490177615,0.11990830985,0.11490177615
71100070202,0.0667871456,0.07793029199999998,0.09041085095,0.09041085095,0.09041085095,0.09041085095,0.09383516550000001,0.09041085095
71100070203,0.0489280552,0.043896612200000004,0.056254664200000006,0.056254664200000006,0.056254664200000006,0.056254664200000006,0.05569421025,0.056254664200000006
71100070204,0.0383584204,0.0397468902,0.0479543022,0.0479543022,0.0479543022,0.0479543022,0.0489523256,0.0479543022
71100070205,0.0341048478,0.0357867628,0.04102191605,0.04102191605,0.04102191605,0.04102191605,0.04215914985,0.04102191605
71100070301,0.0205761158,0.0252288652,0.028017651900000003,0.028017651900000003,0.028017651900000003,0.028017651900000003,0.029247180150000003,0.028017651900000003
71100070302,0.031041663799999997,0.036941746799999994,0.0382926155,0.0382926155,0.0382926155,0.0382926155,0.04004066075,0.0382926155
71100070303,0.042579431,0.03489758080000001,0.0401735901,0.0401735901,0.0401735901,0.0401735901,0.03919680455,0.0401735901
71100070401,0.0299944512,0.024133371,0.03179907715,0.03179907715,0.03179907715,0.03179907715,0.030726363750000003,0.03179907715
71100070402,0.0295016046,0.0405944372,0.035715965700000005,0.035715965700000005,0.035715965700000005,0.035715965700000005,0.03918067705,0.035715965700000005
71100070403,0.007243295780000001,0.0080705908,0.007745536585,0.007745536585,0.007745536585,0.007745536585,0.008112341475,0.007745536585
71100080101,0.171618344,0.16993540000000001,0.189295669,0.189295669,0.189295669,0.189295669,0.191442592,0.189295669
71100080102,0.096276893,0.1178424128,0.12429667074999999,0.12429667074999999,0.12429667074999999,0.12429667074999999,0.13206701705,0.12429667074999999
71100080103,0.0422815426,0.0578567988,0.0612045991,0.0612045991,0.0612045991,0.0612045991,0.06650909834999999,0.0612045991
71100080104,0.0806775984,0.0849322272,0.09552226885000001,0.09552226885000001,0.09552226885000001,0.09552226885000001,0.09829210225,0.09552226885000001
71100080105,0.0777153356,0.09525791800000001,0.0986226798,0.0986226798,0.0986226798,0.0986226798,0.1049707819,0.0986226798
71100080201,0.07086506100000001,0.0783811028,0.09253404535,0.09253404535,0.09253404535,0.09253404535,0.09495387899999999,0.09253404535
71100080202,0.111042002,0.146155339,0.16655207145,0.16655207145,0.16655207145,0.16655207145,0.17885941649999998,0.16655207145
71100080203,0.0398715002,0.0495510252,0.06433013835,0.06433013835,0.06433013835,0.06433013835,0.06756329050000001,0.06433013835
71100080204,0.051749946600000006,0.0667071098,0.06898438755,0.06898438755,0.06898438755,0.06898438755,0.07356853420000001,0.06898438755
71100080205,0.0484812786,0.0713005308,0.0718814779,0.0718814779,0.0718814779,0.0718814779,0.07924089455,0.0718814779
71100080206,0.0672717202,0.08836589219999999,0.096669072,0.096669072,0.096669072,0.096669072,0.103526721,0.096669072
71100080207,0.0269684388,0.027731960600000004,0.0403079448,0.0403079448,0.0403079448,0.0403079448,0.0410490952,0.0403079448
71100080208,0.0260171628,0.0278603306,0.036058440399999996,0.036058440399999996,0.036058440399999996,0.036058440399999996,0.03688783795,0.036058440399999996
71100080301,0.086764762,0.10321807759999999,0.11342180014999999,0.11342180014999999,0.11342180014999999,0.11342180014999999,0.12156405625,0.11342180014999999
71100080302,0.067960807,0.08718201960000001,0.0871278954,0.0871278954,0.0871278954,0.0871278954,0.0948654566,0.0871278954
71100080303,0.060008903999999995,0.071023247,0.08927877334999999,0.08927877334999999,0.08927877334999999,0.08927877334999999,0.09342121755,0.08927877334999999
71100080304,0.08162172999999999,0.09029201499999999,0.11039770135,0.11039770135,0.11039770135,0.11039770135,0.11421759835,0.11039770135
71100080305,0.06767195919999999,0.0684014824,0.08882772185,0.08882772185,0.08882772185,0.08882772185,0.09189201685000001,0.08882772185
71100080306,0.020390032199999998,0.028671132,0.0264286584,0.0264286584,0.0264286584,0.0264286584,0.028815089849999996,0.0264286584
71100080307,0.0434487072,0.039524536,0.05262909485,0.05262909485,0.05262909485,0.05262909485,0.052827419949999996,0.05262909485
71100080308,0.0165426502,0.019035116600000002,0.020105122125,0.020105122125,0.020105122125,0.020105122125,0.020950426675,0.020105122125
71100080309,0.0664647094,0.0644149326,0.08409920174999999,0.08409920174999999,0.08409920174999999,0.08409920174999999,0.08562777755,0.08409920174999999
71100080310,0.0182779618,0.0232957392,0.02222993964,0.02222993964,0.02222993964,0.02222993964,0.023839995565,0.02222993964
71100080401,0.014413578399999998,0.0155268117,0.018137665815000002,0.018137665815000002,0.018137665815000002,0.018137665815000002,0.018577356314999998,0.018137665815000002
71100080402,0.0439733026,0.0508497148,0.07446471115,0.07446471115,0.07446471115,0.07446471115,0.0779172478,0.07446471115
71100080403,0.0404358498,0.0679317748,0.046615604500000005,0.046615604500000005,0.046615604500000005,0.046615604500000005,0.05474009245,0.046615604500000005
71100080404,0.026191137799999997,0.029715213,0.032253155900000004,0.032253155900000004,0.032253155900000004,0.032253155900000004,0.033877942849999995,0.032253155900000004
71100080405,0.0578611014,0.0760302538,0.0828556006,0.0828556006,0.0828556006,0.0828556006,0.08870000105,0.0828556006
71100080406,0.0190495004,0.0195404007,0.021934847099999998,0.021934847099999998,0.021934847099999998,0.021934847099999998,0.022346507199999997,0.021934847099999998
71100080407,0.012678656799999998,0.0134310802,0.013720195700000002,0.013720195700000002,0.013720195700000002,0.013720195700000002,0.014166745050000002,0.013720195700000002
71100080408,0.0269177284,0.0340285458,0.03244265845,0.03244265845,0.03244265845,0.03244265845,0.03485397885,0.03244265845
71100080409,0.013168952000000001,0.014150501199999999,0.014381338575,0.014381338575,0.014381338575,0.014381338575,0.014860245525,0.014381338575
71100080410,0.034294801800000003,0.0349889554,0.0427525761,0.0427525761,0.0427525761,0.0427525761,0.0447648777,0.0427525761
71100080411,0.0311719772,0.030902143,0.03184124125,0.03184124125,0.03184124125,0.03184124125,0.0327216395,0.03184124125
71100090101,0.0277668726,0.059734985399999996,0.0361630065,0.0361630065,0.0361630065,0.0361630065,0.04496134235,0.0361630065
71100090102,0.021905494,0.035244391800000004,0.028071464400000003,0.028071464400000003,0.028071464400000003,0.028071464400000003,0.03200503255,0.028071464400000003
71100090103,0.01540533,0.015368315799999999,0.01736755785,0.01736755785,0.01736755785,0.01736755785,0.0176246961,0.01736755785
71100090104,0.0888154636,0.0639382914,0.0794274789,0.0794274789,0.0794274789,0.0794274789,0.07408605744999999,0.0794274789
71100090105,0.0736740224,0.07407382300000001,0.08155984055,0.08155984055,0.08155984055,0.08155984055,0.08382144565,0.08155984055
71100090106,0.0132966038,0.012469082400000001,0.0134149315,0.0134149315,0.0134149315,0.0134149315,0.013459449975000001,0.0134149315
71100090107,0.0257251162,0.0272602156,0.027505940299999997,0.027505940299999997,0.027505940299999997,0.027505940299999997,0.028412738700000002,0.027505940299999997
71100090201,0.0887579596,0.0914604906,0.09774235175,0.09774235175,0.09774235175,0.09774235175,0.09917239135,0.09774235175
71100090202,0.10281069440000001,0.09982269839999999,0.11361007995000001,0.11361007995000001,0.11361007995000001,0.11361007995000001,0.11480148585000001,0.11361007995000001
71100090203,0.09728837,0.0992586584,0.10291957615,0.10291957615,0.10291957615,0.10291957615,0.10457320285,0.10291957615
71100090204,0.035704684199999996,0.0317259544,0.04058313645,0.04058313645,0.04058313645,0.04058313645,0.0399888651,0.04058313645
71100090301,0.053030438,0.0777783658,0.05907902685000001,0.05907902685000001,0.05907902685000001,0.05907902685000001,0.06572905005,0.05907902685000001
71100090302,0.0422308882,0.0422252866,0.04623606175,0.04623606175,0.04623606175,0.04623606175,0.0469714333,0.04623606175
71100090303,0.046273089,0.056477089599999995,0.0442628205,0.0442628205,0.0442628205,0.0442628205,0.046583377349999996,0.0442628205
71100090304,0.079121109,0.0735458682,0.07576348335000001,0.07576348335000001,0.07576348335000001,0.07576348335000001,0.07375113605,0.07576348335000001
71100090401,0.0264686758,0.026676204199999998,0.028562600799999997,0.028562600799999997,0.028562600799999997,0.028562600799999997,0.029168615250000002,0.028562600799999997
71100090402,0.033436675,0.0311160034,0.03353351985,0.03353351985,0.03353351985,0.03353351985,0.03315131155,0.03353351985
71100090403,0.077186565,0.0820309708,0.07586694245,0.07586694245,0.07586694245,0.07586694245,0.0764644341,0.07586694245
71200010101,0.1218415554,0.1917882838,0.1450440554,0.1450440554,0.1450440554,0.1450440554,0.17023174385,0.1450440554
71200010102,0.21465764520000002,0.20288144,0.2151266808,0.2151266808,0.2151266808,0.2151266808,0.2219789553,0.2151266808
71200010103,0.090434184,0.162009348,0.1102689405,0.1102689405,0.1102689405,0.1102689405,0.1335962487,0.1102689405
71200010104,0.038681922800000004,0.03898464,0.04411026145,0.04411026145,0.04411026145,0.04411026145,0.0447700001,0.04411026145
71200010105,0.1609531318,0.20688878659999999,0.18791350950000002,0.18791350950000002,0.18791350950000002,0.18791350950000002,0.20635075395000002,0.18791350950000002
71200010106,0.160756714,0.21100495800000002,0.19455508425,0.19455508425,0.19455508425,0.19455508425,0.21721654799999998,0.19455508425
71200010201,0.13313586,0.176158197,0.1478764356,0.1478764356,0.1478764356,0.1478764356,0.1634603296,0.1478764356
71200010202,0.07221251840000001,0.13393013120000002,0.0911579847,0.0911579847,0.0911579847,0.0911579847,0.10840269760000001,0.0911579847
71200010203,0.141991184,0.19311203400000002,0.15378768225,0.15378768225,0.15378768225,0.15378768225,0.1748237145,0.15378768225
71200010204,0.246680736,0.333609014,0.257344612,0.257344612,0.257344612,0.257344612,0.2878039635,0.257344612
71200010205,0.141599072,0.191394548,0.155569949,0.155569949,0.155569949,0.155569949,0.17394148199999998,0.155569949
71200010206,0.067006568,0.0680661566,0.06910625455,0.06910625455,0.06910625455,0.06910625455,0.0711374392,0.06910625455
71200010207,0.13705230399999999,0.163500172,0.144583519,0.144583519,0.144583519,0.144583519,0.15624813505,0.144583519
71200010208,0.1121780448,0.110630652,0.10493752195000002,0.10493752195000002,0.10493752195000002,0.10493752195000002,0.10969484515000001,0.10493752195000002
71200010209,0.163388094,0.177041242,0.16009719225000002,0.16009719225000002,0.16009719225000002,0.16009719225000002,0.17406584325000002,0.16009719225000002
71200010301,0.390878184,0.420080136,0.42079821400000006,0.42079821400000006,0.42079821400000006,0.42079821400000006,0.4379656975,0.42079821400000006
71200010302,0.351655788,0.354350972,0.3510062625,0.3510062625,0.3510062625,0.3510062625,0.370432819,0.3510062625
71200010303,0.40657180000000004,0.373712272,0.387602712,0.387602712,0.387602712,0.387602712,0.39849446450000003,0.387602712
71200010304,0.174455016,0.20555628600000003,0.17160601275,0.17160601275,0.17160601275,0.17160601275,0.18743226575,0.17160601275
71200010305,0.194577442,0.19104437400000002,0.19094496649999998,0.19094496649999998,0.19094496649999998,0.19094496649999998,0.200202578,0.19094496649999998
71200010306,0.318115822,0.368591542,0.3518564475,0.3518564475,0.3518564475,0.3518564475,0.3734197965,0.3518564475
71200010307,0.548331556,0.51749155,0.5392928745,0.5392928745,0.5392928745,0.5392928745,0.5541241365,0.5392928745
71200010308,0.46386363799999997,0.45778978600000003,0.46744877,0.46744877,0.46744877,0.46744877,0.4813530335,0.46744877
71200010309,0.299207726,0.320331606,0.30678403,0.30678403,0.30678403,0.30678403,0.3256184305,0.30678403
71200010310,0.28216112400000004,0.27100610399999997,0.2814475245,0.2814475245,0.2814475245,0.2814475245,0.2989733965,0.2814475245
71200010311,0.158074797,0.20820092799999998,0.19245995355,0.19245995355,0.19245995355,0.19245995355,0.21259246295,0.19245995355
71200010312,0.14475147800000002,0.15359040799999998,0.13906847695,0.13906847695,0.13906847695,0.13906847695,0.15077687945,0.13906847695
71200010401,0.07496911419999999,0.0694217964,0.07778028270000001,0.07778028270000001,0.07778028270000001,0.07778028270000001,0.0794948872,0.07778028270000001
71200010402,0.183207968,0.22858885299999998,0.1872575125,0.1872575125,0.1872575125,0.1872575125,0.203183318,0.1872575125
71200010403,0.1163180828,0.13406869800000001,0.1315709899,0.1315709899,0.1315709899,0.1315709899,0.13834394789999999,0.1315709899
71200010404,0.30418084199999995,0.294325356,0.3298823815,0.3298823815,0.3298823815,0.3298823815,0.35161413750000003,0.3298823815
71200010405,0.12530453000000003,0.125156237,0.13668827,0.13668827,0.13668827,0.13668827,0.14490566095,0.13668827
71200010406,0.14073128399999998,0.19267515899999998,0.1650706545,0.1650706545,0.1650706545,0.1650706545,0.18587610425,0.1650706545
71200010407,0.251600628,0.256707624,0.27070860630000004,0.27070860630000004,0.27070860630000004,0.27070860630000004,0.29393476399999996,0.27070860630000004
71200010408,0.155335044,0.172608546,0.17148260275,0.17148260275,0.17148260275,0.17148260275,0.1846853725,0.17148260275
71200010501,0.269794666,0.264427126,0.2831324255,0.2831324255,0.2831324255,0.2831324255,0.300838658,0.2831324255
71200010502,0.10252832199999999,0.132887334,0.12806149675,0.12806149675,0.12806149675,0.12806149675,0.1409334437,0.12806149675
71200010503,0.066430645,0.0747097508,0.06982091915,0.06982091915,0.06982091915,0.06982091915,0.07475318989999999,0.06982091915
71200010504,0.0735215266,0.0646545174,0.06925473465000001,0.06925473465000001,0.06925473465000001,0.06925473465000001,0.06807279865,0.06925473465000001
71200010505,0.060739479,0.068483743,0.06534102715,0.06534102715,0.06534102715,0.06534102715,0.0685040586,0.06534102715
71200010506,0.041639572,0.0368426714,0.04657796745,0.04657796745,0.04657796745,0.04657796745,0.045727827799999995,0.04657796745
71200010601,0.329479482,0.42517807,0.38164778,0.38164778,0.38164778,0.38164778,0.418055515,0.38164778
71200010602,0.185231782,0.21963097,0.22244342700000003,0.22244342700000003,0.22244342700000003,0.22244342700000003,0.23633870675000002,0.22244342700000003
71200010603,0.12475504280000001,0.17300421719999998,0.1639888335,0.1639888335,0.1639888335,0.1639888335,0.17986923770000002,0.1639888335
71200010604,0.25323137,0.23341067799999998,0.25547258,0.25547258,0.25547258,0.25547258,0.2560951105,0.25547258
71200010701,0.11491072719999999,0.173131769,0.12937028945,0.12937028945,0.12937028945,0.12937028945,0.14858549370000002,0.12937028945
71200010702,0.13703932000000002,0.179343252,0.15575418800000002,0.15575418800000002,0.15575418800000002,0.15575418800000002,0.174544699,0.15575418800000002
71200010703,0.22817136200000002,0.327639556,0.2800195105,0.2800195105,0.2800195105,0.2800195105,0.31170846399999996,0.2800195105
71200010704,0.35015131800000004,0.39107441400000004,0.3932197805,0.3932197805,0.3932197805,0.3932197805,0.4148849545,0.3932197805
71200010705,0.033958733000000005,0.0476453872,0.03810682295,0.03810682295,0.03810682295,0.03810682295,0.04259319095,0.03810682295
71200010801,0.35331229,0.333907988,0.357155777,0.357155777,0.357155777,0.357155777,0.37649663050000004,0.357155777
71200010802,0.14334438600000002,0.182309004,0.1608354928,0.1608354928,0.1608354928,0.1608354928,0.179386592,0.1608354928
71200010803,0.355975646,0.38915332199999997,0.404557792,0.404557792,0.404557792,0.404557792,0.4381682275,0.404557792
71200010804,0.33576847,0.34530992,0.362333282,0.362333282,0.362333282,0.362333282,0.3875229175,0.362333282
71200010805,0.322605754,0.36218942200000004,0.35561441299999996,0.35561441299999996,0.35561441299999996,0.35561441299999996,0.386061068,0.35561441299999996
71200010806,0.13287471,0.1535822792,0.1563867468,0.1563867468,0.1563867468,0.1563867468,0.16649581225,0.1563867468
71200010807,0.131772461,0.137822986,0.16144320445,0.16144320445,0.16144320445,0.16144320445,0.16785871775,0.16144320445
71200010808,0.33341110399999996,0.316992538,0.362473412,0.362473412,0.362473412,0.362473412,0.3774995305,0.362473412
71200010809,0.16111289280000002,0.121266442,0.1629984072,0.1629984072,0.1629984072,0.1629984072,0.1567103982,0.1629984072
71200010901,0.379518188,0.355334036,0.3913736015,0.3913736015,0.3913736015,0.3913736015,0.391965369,0.3913736015
71200010902,0.496620626,0.491017526,0.49000471450000005,0.49000471450000005,0.49000471450000005,0.49000471450000005,0.5026443855,0.49000471450000005
71200010903,0.388357324,0.375648804,0.41475216550000005,0.41475216550000005,0.41475216550000005,0.41475216550000005,0.41846872700000004,0.41475216550000005
71200010904,0.32401651,0.37969272,0.368998428,0.368998428,0.368998428,0.368998428,0.389186012,0.368998428
71200011001,0.29251799,0.36454190200000003,0.357630055,0.357630055,0.357630055,0.357630055,0.40298411749999996,0.357630055
71200011002,0.21534266600000002,0.24531370199999997,0.2393343695,0.2393343695,0.2393343695,0.2393343695,0.25816588349999997,0.2393343695
71200011003,0.20667454100000002,0.31399749200000004,0.27112868125,0.27112868125,0.27112868125,0.27112868125,0.30934060325,0.27112868125
71200011004,0.315000846,0.463220606,0.40223400849999996,0.40223400849999996,0.40223400849999996,0.40223400849999996,0.4493524365,0.40223400849999996
71200011005,0.38472634,0.419272082,0.430917306,0.430917306,0.430917306,0.430917306,0.45229615,0.430917306
71200011006,0.43479504,0.42143171199999996,0.473176055,0.473176055,0.473176055,0.473176055,0.48376453799999997,0.473176055
71200011007,0.15389232479999998,0.18955829400000002,0.1986497735,0.1986497735,0.1986497735,0.1986497735,0.2132306015,0.1986497735
71200011008,0.389711224,0.448802846,0.44157058650000003,0.44157058650000003,0.44157058650000003,0.44157058650000003,0.4653870225,0.44157058650000003
71200011009,0.302343878,0.39319283,0.36551001,0.36551001,0.36551001,0.36551001,0.3985418865,0.36551001
71200011010,0.15390088,0.20914302999999998,0.1956102165,0.1956102165,0.1956102165,0.1956102165,0.21382691199999998,0.1956102165
71200011101,0.33564775,0.37841288,0.359900995,0.359900995,0.359900995,0.359900995,0.3798644775,0.359900995
71200011102,0.524890762,0.49015061399999993,0.5083659189999999,0.5083659189999999,0.5083659189999999,0.5083659189999999,0.5296949925,0.5083659189999999
71200011103,0.052905995,0.05397682699999999,0.054710278550000005,0.054710278550000005,0.054710278550000005,0.054710278550000005,0.05579783619999999,0.054710278550000005
71200011201,0.587481932,0.572669142,0.5764447995,0.5764447995,0.5764447995,0.5764447995,0.604075657,0.5764447995
71200011202,0.537393214,0.53777561,0.529080918,0.529080918,0.529080918,0.529080918,0.541045095,0.529080918
71200011203,0.29544967,0.430716166,0.3294136515,0.3294136515,0.3294136515,0.3294136515,0.3723440755,0.3294136515
71200011204,0.288454864,0.366259754,0.335382089,0.335382089,0.335382089,0.335382089,0.3607833335,0.335382089
71200011205,0.054736875399999996,0.0615465132,0.06023978265,0.06023978265,0.06023978265,0.06023978265,0.06335445735,0.06023978265
71200011301,0.105228108,0.171503622,0.1734178723,0.1734178723,0.1734178723,0.1734178723,0.19216896349999998,0.1734178723
71200011302,0.200484948,0.331673542,0.27961268499999997,0.27961268499999997,0.27961268499999997,0.27961268499999997,0.31513052950000003,0.27961268499999997
71200011303,0.203337734,0.290506054,0.2840300288,0.2840300288,0.2840300288,0.2840300288,0.31083253,0.2840300288
71200011304,0.37741259,0.49433764999999996,0.44355064200000005,0.44355064200000005,0.44355064200000005,0.44355064200000005,0.48130629449999995,0.44355064200000005
71200011305,0.41623530200000003,0.521833396,0.46597400499999997,0.46597400499999997,0.46597400499999997,0.46597400499999997,0.5032506695000001,0.46597400499999997
71200011306,0.07496829899999999,0.10381939039999999,0.09887111515,0.09887111515,0.09887111515,0.09887111515,0.10746662659999999,0.09887111515
71200011307,0.44311033,0.47234912399999995,0.47005317350000003,0.47005317350000003,0.47005317350000003,0.47005317350000003,0.49130546300000005,0.47005317350000003
71200011308,0.100497594,0.181005876,0.1443786573,0.1443786573,0.1443786573,0.1443786573,0.165543589,0.1443786573
71200011309,0.14527231599999998,0.27110647,0.2115803577,0.2115803577,0.2115803577,0.2115803577,0.24418362799999999,0.2115803577
71200011310,0.209269372,0.32847444000000003,0.263899863,0.263899863,0.263899863,0.263899863,0.295340404,0.263899863
71200011311,0.361718702,0.5295377379999999,0.451846175,0.451846175,0.451846175,0.451846175,0.5003310215,0.451846175
71200011312,0.491275826,0.6461134740000001,0.5645028175,0.5645028175,0.5645028175,0.5645028175,0.6132221744999999,0.5645028175
71200011313,0.34764514799999996,0.486849134,0.412269592,0.412269592,0.412269592,0.412269592,0.458183782,0.412269592
71200011401,0.45592470799999996,0.6326151720000001,0.518782303,0.518782303,0.518782303,0.518782303,0.5745228465000001,0.518782303
71200011402,0.476575694,0.600860878,0.521648124,0.521648124,0.521648124,0.521648124,0.5604808324999999,0.521648124
71200011403,0.187278798,0.258029146,0.220397803,0.220397803,0.220397803,0.220397803,0.24056820750000002,0.220397803
71200011404,0.410016842,0.549943126,0.4590016665,0.4590016665,0.4590016665,0.4590016665,0.5000046730000001,0.4590016665
71200011405,0.43610021200000004,0.49096023199999994,0.449544484,0.449544484,0.449544484,0.449544484,0.47041134500000004,0.449544484
71200011406,0.32576918,0.49222712199999996,0.380899535,0.380899535,0.380899535,0.380899535,0.427394184,0.380899535
71200011501,0.56451856,0.648126818,0.612038289,0.612038289,0.612038289,0.612038289,0.6401891255,0.612038289
71200011502,0.525997266,0.6397484579999999,0.5841454785,0.5841454785,0.5841454785,0.5841454785,0.615624429,0.5841454785
71200011503,0.501001374,0.601932972,0.549267968,0.549267968,0.549267968,0.549267968,0.5830303625,0.549267968
71200011504,0.42148895,0.5102592140000001,0.474097393,0.474097393,0.474097393,0.474097393,0.5017010025,0.474097393
71200011601,0.435190782,0.613701986,0.5294242735,0.5294242735,0.5294242735,0.5294242735,0.5746317265,0.5294242735
71200011602,0.410783354,0.523398544,0.486822435,0.486822435,0.486822435,0.486822435,0.51939492,0.486822435
71200011603,0.45246331600000006,0.569758514,0.515976376,0.515976376,0.515976376,0.515976376,0.555174017,0.515976376
71200011604,0.272863116,0.42483432600000004,0.34821294599999997,0.34821294599999997,0.34821294599999997,0.34821294599999997,0.3982175645,0.34821294599999997
71200011701,0.6091841779999999,0.712359372,0.6597984,0.6597984,0.6597984,0.6597984,0.6963339405,0.6597984
71200011702,0.567220182,0.688512988,0.6182961215,0.6182961215,0.6182961215,0.6182961215,0.6612601524999999,0.6182961215
71200011703,0.40758775399999997,0.556009856,0.47323134050000004,0.47323134050000004,0.47323134050000004,0.47323134050000004,0.520029041,0.47323134050000004
71200011801,0.48526533,0.632755626,0.5444973675,0.5444973675,0.5444973675,0.5444973675,0.585180248,0.5444973675
71200011802,0.493865512,0.599596328,0.5484228915,0.5484228915,0.5484228915,0.5484228915,0.5880449835,0.5484228915
71200011803,0.413598808,0.55173341,0.47319688300000007,0.47319688300000007,0.47319688300000007,0.47319688300000007,0.510064918,0.47319688300000007
71200011804,0.349251404,0.512970556,0.4296501505,0.4296501505,0.4296501505,0.4296501505,0.47688140199999995,0.4296501505
71200011805,0.25379013,0.326391352,0.2955255745,0.2955255745,0.2955255745,0.2955255745,0.319467204,0.2955255745
71200011806,0.0505189314,0.059953012800000004,0.06481937595000001,0.06481937595000001,0.06481937595000001,0.06481937595000001,0.0681956579,0.06481937595000001
71200011807,0.627397492,0.7567937779999999,0.6832817405,0.6832817405,0.6832817405,0.6832817405,0.725423184,0.6832817405
71200011808,0.08619971600000001,0.12990314600000002,0.10448198175000001,0.10448198175000001,0.10448198175000001,0.10448198175000001,0.11651635684999999,0.10448198175000001
71200011809,0.1440831808,0.234437262,0.179960087,0.179960087,0.179960087,0.179960087,0.20612372799999998,0.179960087
71200020101,0.0711586668,0.055556995399999996,0.0700096324,0.0700096324,0.0700096324,0.0700096324,0.06761189645,0.0700096324
71200020102,0.5503596820000001,0.456640378,0.521706609,0.521706609,0.521706609,0.521706609,0.5170896735,0.521706609
71200020103,0.54774,0.48947094,0.5355670235,0.5355670235,0.5355670235,0.5355670235,0.5413563285,0.5355670235
71200020201,0.538899756,0.547395878,0.5646844695000001,0.5646844695000001,0.5646844695000001,0.5646844695000001,0.575958955,0.5646844695000001
71200020202,0.512701246,0.477548598,0.5461017005,0.5461017005,0.5461017005,0.5461017005,0.5375450645,0.5461017005
71200020203,0.514672762,0.531612464,0.5544599394999999,0.5544599394999999,0.5544599394999999,0.5544599394999999,0.567092272,0.5544599394999999
71200020204,0.696784194,0.581736778,0.660615144,0.660615144,0.660615144,0.660615144,0.666684846,0.660615144
71200020205,0.47401589800000005,0.478525996,0.48854255049999995,0.48854255049999995,0.48854255049999995,0.48854255049999995,0.498846277,0.48854255049999995
71200020206,0.49222725599999995,0.513039632,0.509320121,0.509320121,0.509320121,0.509320121,0.5219013685,0.509320121
71200020301,0.554194082,0.532360704,0.542166393,0.542166393,0.542166393,0.542166393,0.555678723,0.542166393
71200020302,0.5995270460000001,0.545854896,0.6053148285,0.6053148285,0.6053148285,0.6053148285,0.6061703190000001,0.6053148285
71200020303,0.454768626,0.42960917600000004,0.4643214175,0.4643214175,0.4643214175,0.4643214175,0.462571645,0.4643214175
71200020304,0.515797928,0.510686768,0.5483610055,0.5483610055,0.5483610055,0.5483610055,0.5600375795,0.5483610055
71200020305,0.39504219,0.32768347800000003,0.3848616315,0.3848616315,0.3848616315,0.3848616315,0.3794485135,0.3848616315
71200020401,0.6276304319999999,0.488299712,0.57479952,0.57479952,0.57479952,0.57479952,0.5840794585,0.57479952
71200020402,0.377721172,0.373357294,0.39843810300000004,0.39843810300000004,0.39843810300000004,0.39843810300000004,0.40247014449999996,0.39843810300000004
71200020403,0.525006208,0.504689964,0.530567593,0.530567593,0.530567593,0.530567593,0.5486607840000001,0.530567593
71200020404,0.549931284,0.56189142,0.5517103915,0.5517103915,0.5517103915,0.5517103915,0.572771701,0.5517103915
71200020405,0.433639714,0.46053696200000005,0.46326168450000005,0.46326168450000005,0.46326168450000005,0.46326168450000005,0.481131302,0.46326168450000005
71200020501,0.61460446,0.58079668,0.6105323284999999,0.6105323284999999,0.6105323284999999,0.6105323284999999,0.61377035,0.6105323284999999
71200020502,0.583400196,0.618585414,0.6039463955000001,0.6039463955000001,0.6039463955000001,0.6039463955000001,0.628123776,0.6039463955000001
71200020503,0.34002415399999997,0.417212244,0.38782594449999996,0.38782594449999996,0.38782594449999996,0.38782594449999996,0.41259184649999997,0.38782594449999996
71200020504,0.6906821799999999,0.72114228,0.676795522,0.676795522,0.676795522,0.676795522,0.6966345875,0.676795522
71200020505,0.579182656,0.63352794,0.576119229,0.576119229,0.576119229,0.576119229,0.6003384455,0.576119229
71200020506,0.641022996,0.698380098,0.639021798,0.639021798,0.639021798,0.639021798,0.663450815,0.639021798
71200020507,0.602615946,0.70750821,0.6168422425,0.6168422425,0.6168422425,0.6168422425,0.650600576,0.6168422425
71200020508,0.691381796,0.712732412,0.6986135015,0.6986135015,0.6986135015,0.6986135015,0.7118609915,0.6986135015
71200020601,0.5928870319999999,0.573865462,0.592841295,0.592841295,0.592841295,0.592841295,0.60588717,0.592841295
71200020602,0.735454182,0.652853728,0.7093357965,0.7093357965,0.7093357965,0.7093357965,0.724331955,0.7093357965
71200020603,0.7805781919999999,0.7419760120000001,0.7686903105,0.7686903105,0.7686903105,0.7686903105,0.7680440655,0.7686903105
71200020604,0.5585193719999999,0.51200353,0.5632267515,0.5632267515,0.5632267515,0.5632267515,0.5613488855,0.5632267515
71200020605,0.65541507,0.617268378,0.6376399294999999,0.6376399294999999,0.6376399294999999,0.6376399294999999,0.6370465550000001,0.6376399294999999
71200020606,0.72924418,0.685260974,0.716423128,0.716423128,0.716423128,0.716423128,0.7126809869999999,0.716423128
71200020607,0.5565680420000001,0.5257917599999999,0.5473362190000001,0.5473362190000001,0.5473362190000001,0.5473362190000001,0.551378921,0.5473362190000001
71200020608,0.78289369,0.739540034,0.7754141155000001,0.7754141155000001,0.7754141155000001,0.7754141155000001,0.772143448,0.7754141155000001
71200020609,0.797525314,0.78033016,0.7928336965,0.7928336965,0.7928336965,0.7928336965,0.7989478675,0.7928336965
71200020610,0.52596023,0.499242456,0.524233292,0.524233292,0.524233292,0.524233292,0.5304733835,0.524233292
71200020701,0.8041062520000001,0.771350194,0.786657932,0.786657932,0.786657932,0.786657932,0.7919839065,0.786657932
71200020702,0.751099376,0.70819289,0.729631946,0.729631946,0.729631946,0.729631946,0.7372940385,0.729631946
71200020703,0.732618948,0.737521392,0.7387454339999999,0.7387454339999999,0.7387454339999999,0.7387454339999999,0.7489917564999999,0.7387454339999999
71200020704,0.772432666,0.7825737399999999,0.7612364875,0.7612364875,0.7612364875,0.7612364875,0.7768916215,0.7612364875
71200020705,0.6227875660000001,0.613114444,0.601298453,0.601298453,0.601298453,0.601298453,0.6189401535,0.601298453
71200020706,0.8066432920000001,0.793530752,0.801648117,0.801648117,0.801648117,0.801648117,0.8039538294999999,0.801648117
71200020707,0.464982792,0.499472616,0.4736040385,0.4736040385,0.4736040385,0.4736040385,0.49306007449999995,0.4736040385
71200020708,0.626868062,0.6414569,0.6348361505,0.6348361505,0.6348361505,0.6348361505,0.6479784925,0.6348361505
71200020709,0.75365953,0.8248980100000001,0.7766981175,0.7766981175,0.7766981175,0.7766981175,0.799436507,0.7766981175
71200020710,0.643141312,0.710104038,0.662473619,0.662473619,0.662473619,0.662473619,0.6893860679999999,0.662473619
71200020711,0.0909275396,0.0909492654,0.0920979137,0.0920979137,0.0920979137,0.0920979137,0.09463284045,0.0920979137
71200020801,0.5855888300000001,0.540846922,0.575674365,0.575674365,0.575674365,0.575674365,0.5815006075,0.575674365
71200020802,0.68909065,0.675605652,0.7053447150000001,0.7053447150000001,0.7053447150000001,0.7053447150000001,0.710196543,0.7053447150000001
71200020803,0.637507586,0.644346292,0.646698416,0.646698416,0.646698416,0.646698416,0.6565276640000001,0.646698416
71200020804,0.55675852,0.58890056,0.583106036,0.583106036,0.583106036,0.583106036,0.5989596070000001,0.583106036
71200020805,0.46686516200000006,0.42679301399999997,0.468163836,0.468163836,0.468163836,0.468163836,0.470058926,0.468163836
71200020806,0.62103171,0.6326390199999999,0.626789418,0.626789418,0.626789418,0.626789418,0.6460244395,0.626789418
71200020807,0.621262506,0.656623936,0.6474663675,0.6474663675,0.6474663675,0.6474663675,0.6674854960000001,0.6474663675
71200020808,0.389436644,0.398551814,0.41616997099999997,0.41616997099999997,0.41616997099999997,0.41616997099999997,0.4358463935,0.41616997099999997
71200020901,0.569932002,0.641917192,0.6299716815,0.6299716815,0.6299716815,0.6299716815,0.6521845005,0.6299716815
71200020902,0.614387542,0.648282868,0.6503172635000001,0.6503172635000001,0.6503172635000001,0.6503172635000001,0.6680833319999999,0.6503172635000001
71200021001,0.420297168,0.546997784,0.46385108849999995,0.46385108849999995,0.46385108849999995,0.46385108849999995,0.5002676315,0.46385108849999995
71200021002,0.603743772,0.564211012,0.6105137254999999,0.6105137254999999,0.6105137254999999,0.6105137254999999,0.625214763,0.6105137254999999
71200021101,0.70789252,0.705665052,0.7084854785,0.7084854785,0.7084854785,0.7084854785,0.7175335225,0.7084854785
71200021102,0.6756944500000001,0.687238122,0.691083889,0.691083889,0.691083889,0.691083889,0.703796793,0.691083889
71200021201,0.544168796,0.6039383199999999,0.604609295,0.604609295,0.604609295,0.604609295,0.630506298,0.604609295
71200021202,0.584093016,0.636125098,0.6274231315,0.6274231315,0.6274231315,0.6274231315,0.6507137110000001,0.6274231315
71200021301,0.566510504,0.49609476399999997,0.541117386,0.541117386,0.541117386,0.541117386,0.544648275,0.541117386
71200021302,0.631858798,0.5665553919999999,0.5893727275,0.5893727275,0.5893727275,0.5893727275,0.592797236,0.5893727275
71200021303,0.364689622,0.34371177399999997,0.3575247635,0.3575247635,0.3575247635,0.3575247635,0.369330862,0.3575247635
71200021304,0.0236871332,0.024522354200000002,0.02496474925,0.02496474925,0.02496474925,0.02496474925,0.025637665900000002,0.02496474925
71200021305,0.70232855,0.667799578,0.6847810369999999,0.6847810369999999,0.6847810369999999,0.6847810369999999,0.687188218,0.6847810369999999
71200021306,0.23101499799999997,0.234544076,0.253079413,0.253079413,0.253079413,0.253079413,0.258583768,0.253079413
71200021307,0.52195699,0.55847896,0.550571989,0.550571989,0.550571989,0.550571989,0.5662479095,0.550571989
71200021308,0.37228479600000003,0.31740441,0.36740171,0.36740171,0.36740171,0.36740171,0.3736571025,0.36740171
71200021401,0.51852663,0.61353038,0.5491205155000001,0.5491205155000001,0.5491205155000001,0.5491205155000001,0.5846253695,0.5491205155000001
71200021402,0.46998400399999996,0.564022788,0.5079765955,0.5079765955,0.5079765955,0.5079765955,0.5459780935,0.5079765955
71200030101,0.0680391692,0.11729558500000001,0.0824100612,0.0824100612,0.0824100612,0.0824100612,0.09547419609999999,0.0824100612
71200030102,0.034819438800000005,0.057118589600000005,0.0400787753,0.0400787753,0.0400787753,0.0400787753,0.04604324885,0.0400787753
71200030103,0.127376332,0.193030868,0.14878079675,0.14878079675,0.14878079675,0.14878079675,0.16641725425,0.14878079675
71200030104,0.161594398,0.239758068,0.1909187095,0.1909187095,0.1909187095,0.1909187095,0.2117515225,0.1909187095
71200030105,0.0968338128,0.14314998,0.11598507529999999,0.11598507529999999,0.11598507529999999,0.11598507529999999,0.1284925351,0.11598507529999999
71200030106,0.163553442,0.24448930200000002,0.190331487,0.190331487,0.190331487,0.190331487,0.211101619,0.190331487
71200030107,0.15960189,0.22854766999999998,0.1917211675,0.1917211675,0.1917211675,0.1917211675,0.2092485295,0.1917211675
71200030201,0.1292228292,0.13937088879999998,0.1605983386,0.1605983386,0.1605983386,0.1605983386,0.1646969668,0.1605983386
71200030202,0.11494938299999999,0.151929796,0.13280392825,0.13280392825,0.13280392825,0.13280392825,0.14161030724999998,0.13280392825
71200030203,0.0574087528,0.0799523876,0.071131415,0.071131415,0.071131415,0.071131415,0.07608197205,0.071131415
71200030204,0.041118638400000004,0.046226677199999996,0.04634395805,0.04634395805,0.04634395805,0.04634395805,0.04778768835,0.04634395805
71200030301,0.160102972,0.20648954000000003,0.1863177243,0.1863177243,0.1863177243,0.1863177243,0.2009577705,0.1863177243
71200030302,0.0398272444,0.0416402582,0.04616744525,0.04616744525,0.04616744525,0.04616744525,0.0470802574,0.04616744525
71200030303,0.046035739799999996,0.06971167,0.055753090549999995,0.055753090549999995,0.055753090549999995,0.055753090549999995,0.06176940215,0.055753090549999995
71200030304,0.11521332119999998,0.18591032200000002,0.14440781535,0.14440781535,0.14440781535,0.14440781535,0.16178697079999999,0.14440781535
71200030305,0.069433597,0.0977768212,0.08448568365,0.08448568365,0.08448568365,0.08448568365,0.09156070185000001,0.08448568365
71200030401,0.15437048879999998,0.226497978,0.1851578909,0.1851578909,0.1851578909,0.1851578909,0.20414860469999999,0.1851578909
71200030402,0.0234332516,0.027126618400000004,0.02542413395,0.02542413395,0.02542413395,0.02542413395,0.026464204499999998,0.02542413395
71200030403,0.125525061,0.17825697000000001,0.1484100485,0.1484100485,0.1484100485,0.1484100485,0.16205471925,0.1484100485
71200030404,0.09235776300000001,0.13594877,0.11002233214999999,0.11002233214999999,0.11002233214999999,0.11002233214999999,0.12113682885000002,0.11002233214999999
71200030405,0.12189640800000001,0.16606841,0.1414822168,0.1414822168,0.1414822168,0.1414822168,0.152571071,0.1414822168
71200030406,0.0678651558,0.0833507364,0.07576425005,0.07576425005,0.07576425005,0.07576425005,0.0800492491,0.07576425005
71200030407,0.11083456,0.152359182,0.1317482085,0.1317482085,0.1317482085,0.1317482085,0.1424212915,0.1317482085
71200040101,0.0469865826,0.0849306846,0.054569235550000005,0.054569235550000005,0.054569235550000005,0.054569235550000005,0.06374413479999999,0.054569235550000005
71200040102,0.203497416,0.355077996,0.242087758,0.242087758,0.242087758,0.242087758,0.281670598,0.242087758
71200040103,0.176796456,0.328058126,0.20995840775,0.20995840775,0.20995840775,0.20995840775,0.2490595925,0.20995840775
71200040104,0.048171071200000005,0.06938426760000001,0.0525977988,0.0525977988,0.0525977988,0.0525977988,0.058324242449999994,0.0525977988
71200040201,0.060168434800000004,0.11166214199999999,0.07237079425000001,0.07237079425000001,0.07237079425000001,0.07237079425000001,0.08513656285,0.07237079425000001
71200040202,0.0606498696,0.10681030080000001,0.07565323004999999,0.07565323004999999,0.07565323004999999,0.07565323004999999,0.08717859959999999,0.07565323004999999
71200040301,0.032242389999999996,0.0408671148,0.034593726549999995,0.034593726549999995,0.034593726549999995,0.034593726549999995,0.0367915599,0.034593726549999995
71200040302,0.060683591,0.101610385,0.0662126365,0.0662126365,0.0662126365,0.0662126365,0.0766870459,0.0662126365
71200040401,0.091346492,0.134397493,0.1065884775,0.1065884775,0.1065884775,0.1065884775,0.1179505519,0.1065884775
71200040402,0.131039988,0.187950258,0.1526218875,0.1526218875,0.1526218875,0.1526218875,0.167780456,0.1526218875
71200040403,0.153222366,0.223269838,0.17915507349999998,0.17915507349999998,0.17915507349999998,0.17915507349999998,0.1979606765,0.17915507349999998
71200040404,0.0872537154,0.132648692,0.10507046010000001,0.10507046010000001,0.10507046010000001,0.10507046010000001,0.11663498855000001,0.10507046010000001
71200040501,0.09537510639999999,0.165238178,0.11384971495,0.11384971495,0.11384971495,0.11384971495,0.1315385181,0.11384971495
71200040502,0.062522676,0.10244331500000001,0.07427125030000001,0.07427125030000001,0.07427125030000001,0.07427125030000001,0.0846237519,0.07427125030000001
71200040503,0.0317083962,0.0474675664,0.03558734455,0.03558734455,0.03558734455,0.03558734455,0.03985532805,0.03558734455
71200040504,0.13193042800000002,0.200366166,0.1591740455,0.1591740455,0.1591740455,0.1591740455,0.1776913315,0.1591740455
71200040505,0.098023904,0.148098342,0.1159768535,0.1159768535,0.1159768535,0.1159768535,0.1294399863,0.1159768535
71200040506,0.088668664,0.1387856628,0.1062011759,0.1062011759,0.1062011759,0.1062011759,0.11951685464999999,0.1062011759
71200040601,0.11054746600000001,0.15879373000000002,0.136899096,0.136899096,0.136899096,0.136899096,0.1491559335,0.136899096
71200040602,0.0775990842,0.0851729806,0.08940212085,0.08940212085,0.08940212085,0.08940212085,0.09249532234999999,0.08940212085
71200040603,0.1087472212,0.14502915119999998,0.13555882889999998,0.13555882889999998,0.13555882889999998,0.13555882889999998,0.1457306334,0.13555882889999998
71200040701,0.14321889999999998,0.215182876,0.17082379279999999,0.17082379279999999,0.17082379279999999,0.17082379279999999,0.1890912458,0.17082379279999999
71200040702,0.008746611999999999,0.0103755354,0.0098106237,0.0098106237,0.0098106237,0.0098106237,0.01030174705,0.0098106237
71200040703,0.0552269056,0.0627961318,0.06203688585,0.06203688585,0.06203688585,0.06203688585,0.06417046265000001,0.06203688585
71200040704,0.0448435034,0.07297607619999999,0.055089716200000007,0.055089716200000007,0.055089716200000007,0.055089716200000007,0.0621562643,0.055089716200000007
71200040705,0.10767191140000001,0.131860266,0.11970558795,0.11970558795,0.11970558795,0.11970558795,0.12681926594999998,0.11970558795
71200040706,0.10732161599999998,0.145294182,0.1327640853,0.1327640853,0.1327640853,0.1327640853,0.14320658579999998,0.1327640853
71200040801,0.1010282982,0.182127839,0.124232207,0.124232207,0.124232207,0.124232207,0.1450864125,0.124232207
71200040802,0.0991450712,0.1340473868,0.12083703425,0.12083703425,0.12083703425,0.12083703425,0.1308024769,0.12083703425
71200040803,0.09582296800000001,0.1465466,0.1153207547,0.1153207547,0.1153207547,0.1153207547,0.1277274314,0.1153207547
71200040804,0.0839823948,0.131874875,0.1017781436,0.1017781436,0.1017781436,0.1017781436,0.1132405474,0.1017781436
71200040805,0.06716062860000001,0.103806358,0.08395505535,0.08395505535,0.08395505535,0.08395505535,0.09343451725,0.08395505535
71200040806,0.243504632,0.35458956399999997,0.288310405,0.288310405,0.288310405,0.288310405,0.31805321,0.288310405
71200040807,0.16856917200000002,0.25301004,0.223215165,0.223215165,0.223215165,0.223215165,0.2451754695,0.223215165
71200040808,0.37779582200000006,0.577108964,0.45790430750000005,0.45790430750000005,0.45790430750000005,0.45790430750000005,0.5138684265,0.45790430750000005
71200040809,0.0787644972,0.1393220572,0.10318938305,0.10318938305,0.10318938305,0.10318938305,0.12061484954999999,0.10318938305
71200040810,0.16773912200000002,0.281484048,0.2041767775,0.2041767775,0.2041767775,0.2041767775,0.236591554,0.2041767775
71200040901,0.37039647000000003,0.554795126,0.439339466,0.439339466,0.439339466,0.439339466,0.488642559,0.439339466
71200040902,0.538191056,0.696368364,0.5905575585,0.5905575585,0.5905575585,0.5905575585,0.6366376739999999,0.5905575585
71200040903,0.173482164,0.320605018,0.2228596305,0.2228596305,0.2228596305,0.2228596305,0.263363903,0.2228596305
71200040904,0.0427201206,0.04812790979999999,0.0439859014,0.0439859014,0.0439859014,0.0439859014,0.0455728973,0.0439859014
71200040905,0.051526843,0.09325988,0.06507030795,0.06507030795,0.06507030795,0.06507030795,0.07615434785,0.06507030795
71200050101,0.5292795339999999,0.747659142,0.6220944389999999,0.6220944389999999,0.6220944389999999,0.6220944389999999,0.6807006525,0.6220944389999999
71200050102,0.5759602800000001,0.7270019160000001,0.634493882,0.634493882,0.634493882,0.634493882,0.681555934,0.634493882
71200050103,0.492130228,0.694690428,0.573277165,0.573277165,0.573277165,0.573277165,0.6293150095000001,0.573277165
71200050104,0.303844774,0.481800348,0.3646925215,0.3646925215,0.3646925215,0.3646925215,0.4171368475,0.3646925215
71200050105,0.604453766,0.7897949559999999,0.6756212505,0.6756212505,0.6756212505,0.6756212505,0.725635943,0.6756212505
71200050106,0.41213995800000003,0.6005338800000001,0.47191766749999997,0.47191766749999997,0.47191766749999997,0.47191766749999997,0.5280122620000001,0.47191766749999997
71200050201,0.555703132,0.62022916,0.5961775045,0.5961775045,0.5961775045,0.5961775045,0.6151678859999999,0.5961775045
71200050202,0.486184814,0.6100069619999999,0.5642551690000001,0.5642551690000001,0.5642551690000001,0.5642551690000001,0.5977045485,0.5642551690000001
71200050203,0.48520389999999997,0.587739062,0.540736361,0.540736361,0.540736361,0.540736361,0.5692827745,0.540736361
71200050204,0.337909788,0.46423362199999996,0.402062062,0.402062062,0.402062062,0.402062062,0.4382568235,0.402062062
71200050205,0.55752281,0.665026152,0.6158525765,0.6158525765,0.6158525765,0.6158525765,0.6477313055,0.6158525765
71200050206,0.208619726,0.283056386,0.24132516850000002,0.24132516850000002,0.24132516850000002,0.24132516850000002,0.2623816505,0.24132516850000002
71200050301,0.48146501399999997,0.64159285,0.548215161,0.548215161,0.548215161,0.548215161,0.593909309,0.548215161
71200050302,0.43395427799999997,0.5467972600000001,0.491967685,0.491967685,0.491967685,0.491967685,0.5289100825,0.491967685
71200050303,0.511133262,0.64875876,0.584593396,0.584593396,0.584593396,0.584593396,0.6230974545,0.584593396
71200050304,0.622805654,0.76794364,0.6896929565,0.6896929565,0.6896929565,0.6896929565,0.728003569,0.6896929565
71200050401,0.495595328,0.604223934,0.5555968615,0.5555968615,0.5555968615,0.5555968615,0.592998021,0.5555968615
71200050402,0.641085464,0.8134039319999999,0.7023079845,0.7023079845,0.7023079845,0.7023079845,0.7469439075000001,0.7023079845
71200050501,0.6300391860000001,0.7650737839999999,0.679493235,0.679493235,0.679493235,0.679493235,0.7195378625,0.679493235
71200050502,0.21712867200000002,0.322878174,0.253618106,0.253618106,0.253618106,0.253618106,0.2846685115,0.253618106
71200050503,0.6361204060000001,0.793697106,0.686538844,0.686538844,0.686538844,0.686538844,0.7272995975,0.686538844
71200050601,0.624529256,0.771369214,0.6737431715000001,0.6737431715000001,0.6737431715000001,0.6737431715000001,0.714397721,0.6737431715000001
71200050602,0.603702142,0.740743958,0.660008309,0.660008309,0.660008309,0.660008309,0.6989468685,0.660008309
71200050701,0.060957492,0.07934837260000001,0.0672102745,0.0672102745,0.0672102745,0.0672102745,0.07357696825,0.0672102745
71200050702,0.496669548,0.6701061859999999,0.57890261,0.57890261,0.57890261,0.57890261,0.6273702295,0.57890261
71200050703,0.593800738,0.74377621,0.6582196875,0.6582196875,0.6582196875,0.6582196875,0.700815333,0.6582196875
71200050704,0.357143694,0.477863138,0.4186814635,0.4186814635,0.4186814635,0.4186814635,0.45400326900000004,0.4186814635
71200050705,0.267666852,0.337773822,0.3045328032,0.3045328032,0.3045328032,0.3045328032,0.3276776547,0.3045328032
71200050801,0.049802990199999994,0.0666846316,0.0587194897,0.0587194897,0.0587194897,0.0587194897,0.0639690565,0.0587194897
71200050802,0.06825337840000001,0.084934303,0.07599823825,0.07599823825,0.07599823825,0.07599823825,0.08118367115,0.07599823825
71200050803,0.1477300788,0.23616667800000002,0.19362900225000002,0.19362900225000002,0.19362900225000002,0.19362900225000002,0.21784365405,0.19362900225000002
71200060101,0.048634068600000004,0.0689832624,0.056118501050000005,0.056118501050000005,0.056118501050000005,0.056118501050000005,0.060552845450000004,0.056118501050000005
71200060102,0.0431793832,0.056443286800000006,0.049761578449999996,0.049761578449999996,0.049761578449999996,0.049761578449999996,0.0529050727,0.049761578449999996
71200060103,0.0590182274,0.0833784328,0.07607109079999999,0.07607109079999999,0.07607109079999999,0.07607109079999999,0.08152503915,0.07607109079999999
71200060104,0.0735464534,0.079604937,0.0714879249,0.0714879249,0.0714879249,0.0714879249,0.0724652979,0.0714879249
71200060105,0.0890426868,0.14524284,0.1101692111,0.1101692111,0.1101692111,0.1101692111,0.1230263399,0.1101692111
71200060201,0.069932823,0.0750965424,0.06788379885,0.06788379885,0.06788379885,0.06788379885,0.06894163789999999,0.06788379885
71200060202,0.0676651846,0.09750544800000001,0.0751685119,0.0751685119,0.0751685119,0.0751685119,0.08186937695,0.0751685119
71200060203,0.0388532698,0.0504330896,0.044220779,0.044220779,0.044220779,0.044220779,0.04681712025,0.044220779
71200060301,0.0594396116,0.093722304,0.0705545746,0.0705545746,0.0705545746,0.0705545746,0.0783279029,0.0705545746
71200060302,0.042420649,0.049839879,0.0472260024,0.0472260024,0.0472260024,0.0472260024,0.0486286419,0.0472260024
71200060303,0.30628827200000003,0.458075776,0.3615581675,0.3615581675,0.3615581675,0.3615581675,0.3969767105,0.3615581675
71200060304,0.06529696,0.0706604212,0.07619504775,0.07619504775,0.07619504775,0.07619504775,0.0769743144,0.07619504775
71200060401,0.0932821932,0.1193224642,0.10910703715,0.10910703715,0.10910703715,0.10910703715,0.11547954065000002,0.10910703715
71200060402,0.14979402,0.26084121800000004,0.1834779078,0.1834779078,0.1834779078,0.1834779078,0.21082956149999998,0.1834779078
71200060403,0.0351444942,0.0513873028,0.040356593149999995,0.040356593149999995,0.040356593149999995,0.040356593149999995,0.04408757745,0.040356593149999995
71200060404,0.045460019000000004,0.076176173,0.058211700850000006,0.058211700850000006,0.058211700850000006,0.058211700850000006,0.06503849284999999,0.058211700850000006
71200060501,0.0691640746,0.12435946099999999,0.0834861257,0.0834861257,0.0834861257,0.0834861257,0.09656245620000001,0.0834861257
71200060502,0.0628521078,0.09163475400000001,0.07998506215,0.07998506215,0.07998506215,0.07998506215,0.0867285338,0.07998506215
71200060503,0.0515749656,0.07403873379999999,0.059003743100000006,0.059003743100000006,0.059003743100000006,0.059003743100000006,0.0638623194,0.059003743100000006
71200060601,0.05651352860000001,0.10687737639999999,0.0687299562,0.0687299562,0.0687299562,0.0687299562,0.08012382059999999,0.0687299562
71200060602,0.0722395948,0.1240119492,0.09967517715,0.09967517715,0.09967517715,0.09967517715,0.11180550845,0.09967517715
71200060603,0.092696992,0.227919292,0.14234426775,0.14234426775,0.14234426775,0.14234426775,0.17418460335000002,0.14234426775
71200060604,0.039752622,0.0570349346,0.04505141975,0.04505141975,0.04505141975,0.04505141975,0.04873399735,0.04505141975
71200060701,0.0337852182,0.043313343,0.0378700602,0.0378700602,0.0378700602,0.0378700602,0.04006399315,0.0378700602
71200060702,0.034568057,0.0464652914,0.03903460525,0.03903460525,0.03903460525,0.03903460525,0.04166168555,0.03903460525
71200060703,0.0323668296,0.0432777236,0.0357479396,0.0357479396,0.0357479396,0.0357479396,0.03821933405,0.0357479396
71200060704,0.041182579399999995,0.0519684344,0.045547162349999996,0.045547162349999996,0.045547162349999996,0.045547162349999996,0.04789281375,0.045547162349999996
71200060705,0.044183906,0.057709878000000006,0.05039561620000001,0.05039561620000001,0.05039561620000001,0.05039561620000001,0.053073566,0.05039561620000001
71200060706,0.17897482199999998,0.286204896,0.21153424599999998,0.21153424599999998,0.21153424599999998,0.21153424599999998,0.23642540799999998,0.21153424599999998
71200060707,0.025777623,0.0326021456,0.028738745849999997,0.028738745849999997,0.028738745849999997,0.028738745849999997,0.0302073686,0.028738745849999997
71200060801,0.08001760399999999,0.13767700700000002,0.09736063365,0.09736063365,0.09736063365,0.09736063365,0.11351892715,0.09736063365
71200060802,0.060738266400000004,0.111651459,0.0751230707,0.0751230707,0.0751230707,0.0751230707,0.0865829456,0.0751230707
71200060901,0.1149883702,0.29116864200000003,0.16123479624999998,0.16123479624999998,0.16123479624999998,0.16123479624999998,0.20326054454999998,0.16123479624999998
71200060902,0.125463298,0.289390452,0.1647519175,0.1647519175,0.1647519175,0.1647519175,0.20595121349999998,0.1647519175
71200060903,0.21676274599999998,0.44410976,0.2991262855,0.2991262855,0.2991262855,0.2991262855,0.3575055075,0.2991262855
71200060904,0.24575886200000002,0.446278718,0.3176253665,0.3176253665,0.3176253665,0.3176253665,0.366396615,0.3176253665
71200060905,0.12412708879999998,0.288302234,0.16214677405,0.16214677405,0.16214677405,0.16214677405,0.20288308685,0.16214677405
71200060906,0.06527971839999999,0.133521774,0.08715410955,0.08715410955,0.08715410955,0.08715410955,0.10321257605,0.08715410955
71200060907,0.155173864,0.30552188199999997,0.177954127,0.177954127,0.177954127,0.177954127,0.21346961699999997,0.177954127
71200061001,0.070461578,0.1326438008,0.08377893374999999,0.08377893374999999,0.08377893374999999,0.08377893374999999,0.09835370705,0.08377893374999999
71200061002,0.0482886244,0.0634760248,0.053757293100000006,0.053757293100000006,0.053757293100000006,0.053757293100000006,0.05723081995,0.053757293100000006
71200061003,0.0497428678,0.07266247740000001,0.05518607034999999,0.05518607034999999,0.05518607034999999,0.05518607034999999,0.0606943213,0.05518607034999999
71200061004,0.037451295,0.051516815199999996,0.0418616073,0.0418616073,0.0418616073,0.0418616073,0.044896063050000004,0.0418616073
71200061005,0.035343893599999995,0.051794837399999995,0.0416972469,0.0416972469,0.0416972469,0.0416972469,0.045357523899999995,0.0416972469
71200061006,0.038125291,0.0473166676,0.04064470745,0.04064470745,0.04064470745,0.04064470745,0.0425414337,0.04064470745
71200061007,0.058334136,0.11890675180000002,0.0723084613,0.0723084613,0.0723084613,0.0723084613,0.0868329158,0.0723084613
71200061008,0.049461564199999995,0.09215878920000001,0.06345035759999999,0.06345035759999999,0.06345035759999999,0.06345035759999999,0.0739517345,0.06345035759999999
71200061009,0.036577454200000005,0.047798810600000005,0.0411075525,0.0411075525,0.0411075525,0.0411075525,0.04346466705,0.0411075525
71200061010,0.0460716942,0.060711373199999995,0.05147955595,0.05147955595,0.05147955595,0.05147955595,0.05521328515,0.05147955595
71200061101,0.083854822,0.11175642899999998,0.08904199085,0.08904199085,0.08904199085,0.08904199085,0.09695754835,0.08904199085
71200061102,0.0620353148,0.117642396,0.0801264002,0.0801264002,0.0801264002,0.0801264002,0.09447592875000001,0.0801264002
71200061103,0.0471547812,0.068882951,0.061042876700000005,0.061042876700000005,0.061042876700000005,0.061042876700000005,0.06667584775,0.061042876700000005
71200061104,0.0335398446,0.0482379936,0.04014249585,0.04014249585,0.04014249585,0.04014249585,0.04389859315,0.04014249585
71200061105,0.0453940754,0.089972256,0.056399007599999995,0.056399007599999995,0.056399007599999995,0.056399007599999995,0.0675628444,0.056399007599999995
71200061201,0.325692206,0.45121183600000003,0.375359943,0.375359943,0.375359943,0.375359943,0.409331885,0.375359943
71200061202,0.0264192116,0.0289694884,0.02719770055,0.02719770055,0.02719770055,0.02719770055,0.027962138749999997,0.02719770055
71200061203,0.40444380999999996,0.68512409,0.4960333345,0.4960333345,0.4960333345,0.4960333345,0.5734934375,0.4960333345
71200061204,0.15654361,0.22527977200000002,0.17670512245,0.17670512245,0.17670512245,0.17670512245,0.19632139875000001,0.17670512245
71200061205,0.040778676800000004,0.0560399428,0.04886775395,0.04886775395,0.04886775395,0.04886775395,0.05307111825000001,0.04886775395
71200061206,0.12751418399999997,0.212929168,0.1745743873,0.1745743873,0.1745743873,0.1745743873,0.1977383378,0.1745743873
71200070101,0.0431055968,0.066497002,0.052638819850000004,0.052638819850000004,0.052638819850000004,0.052638819850000004,0.0588080351,0.052638819850000004
71200070102,0.354861102,0.5186681479999999,0.4040261395,0.4040261395,0.4040261395,0.4040261395,0.450807878,0.4040261395
71200070103,0.095669085,0.1494159888,0.15648071000000002,0.15648071000000002,0.15648071000000002,0.15648071000000002,0.1710806295,0.15648071000000002
71200070104,0.0831542462,0.0879693904,0.09617480705,0.09617480705,0.09617480705,0.09617480705,0.09791444535,0.09617480705
71200070105,0.25585181,0.45519947599999994,0.3307885025,0.3307885025,0.3307885025,0.3307885025,0.3855933205,0.3307885025
71200070106,0.13294488799999998,0.21023228600000002,0.15871629599999998,0.15871629599999998,0.15871629599999998,0.15871629599999998,0.17856188150000002,0.15871629599999998
71200070107,0.0534136458,0.0856889288,0.06335200690000001,0.06335200690000001,0.06335200690000001,0.06335200690000001,0.07149451095,0.06335200690000001
71200070108,0.275719748,0.48892883200000004,0.34994320500000003,0.34994320500000003,0.34994320500000003,0.34994320500000003,0.406385387,0.34994320500000003
71200070109,0.1631844,0.27151916800000003,0.1925206915,0.1925206915,0.1925206915,0.1925206915,0.21930612850000003,0.1925206915
71200070110,0.26828469200000005,0.446573858,0.3374915095,0.3374915095,0.3374915095,0.3374915095,0.3859959925,0.3374915095
71200070111,0.164238212,0.251267208,0.21348120379999996,0.21348120379999996,0.21348120379999996,0.21348120379999996,0.2358949478,0.21348120379999996
71200070201,0.28825788,0.385867364,0.34662112500000003,0.34662112500000003,0.34662112500000003,0.34662112500000003,0.38032538050000003,0.34662112500000003
71200070202,0.271152104,0.441693554,0.3222938275,0.3222938275,0.3222938275,0.3222938275,0.3694631875,0.3222938275
71200070301,0.49255626,0.67661398,0.5662512719999999,0.5662512719999999,0.5662512719999999,0.5662512719999999,0.6189996544999999,0.5662512719999999
71200070302,0.5431335519999999,0.725141398,0.617727206,0.617727206,0.617727206,0.617727206,0.6664089394999999,0.617727206
71200070303,0.572935088,0.7026718479999999,0.6269230365,0.6269230365,0.6269230365,0.6269230365,0.666611247,0.6269230365
71200070304,0.565875216,0.755414768,0.6399731985,0.6399731985,0.6399731985,0.6399731985,0.690174005,0.6399731985
71200070305,0.5025772,0.738397398,0.590959254,0.590959254,0.590959254,0.590959254,0.6528312075,0.590959254
71200070306,0.41210179799999996,0.648514594,0.4975319655,0.4975319655,0.4975319655,0.4975319655,0.560906619,0.4975319655
71200070307,0.385863792,0.548821904,0.457142378,0.457142378,0.457142378,0.457142378,0.5073398865,0.457142378
71200070401,0.5555439520000001,0.7407149260000001,0.630909097,0.630909097,0.630909097,0.630909097,0.6814010589999999,0.630909097
71200070402,0.39471137599999995,0.618545486,0.472491269,0.472491269,0.472491269,0.472491269,0.53178283,0.472491269
71200070403,0.47667034199999997,0.703079642,0.5494543795,0.5494543795,0.5494543795,0.5494543795,0.613711932,0.5494543795
71200070404,0.234174258,0.41066101999999993,0.311002784,0.311002784,0.311002784,0.311002784,0.3647830675,0.311002784
71200070501,0.49804359600000003,0.674271098,0.5660573154999999,0.5660573154999999,0.5660573154999999,0.5660573154999999,0.612214805,0.5660573154999999
71200070502,0.48935693799999996,0.67752097,0.569560352,0.569560352,0.569560352,0.569560352,0.621745012,0.569560352
71200070503,0.49084997399999997,0.71431198,0.5880100500000001,0.5880100500000001,0.5880100500000001,0.5880100500000001,0.6462676725,0.5880100500000001
71200070504,0.400689614,0.626931788,0.504200409,0.504200409,0.504200409,0.504200409,0.5578648135,0.504200409
71200070505,0.542691524,0.707977886,0.611882997,0.611882997,0.611882997,0.611882997,0.655788032,0.611882997
71200070506,0.566247858,0.7457505720000001,0.6380540585000001,0.6380540585000001,0.6380540585000001,0.6380540585000001,0.6840699425000001,0.6380540585000001
71200070507,0.53409248,0.755548168,0.622467487,0.622467487,0.622467487,0.622467487,0.683298134,0.622467487
71200070508,0.489999172,0.72672491,0.573024564,0.573024564,0.573024564,0.573024564,0.6396445995,0.573024564
71200070509,0.605443088,0.7777722920000001,0.669440527,0.669440527,0.669440527,0.669440527,0.71695711,0.669440527
71200070510,0.29422908400000003,0.473475106,0.3670791485,0.3670791485,0.3670791485,0.3670791485,0.42228181200000003,0.3670791485
71200070601,0.47630966399999997,0.677992752,0.5613924275,0.5613924275,0.5613924275,0.5613924275,0.6170018565,0.5613924275
71200070602,0.26184892,0.379185492,0.3163741825,0.3163741825,0.3163741825,0.3163741825,0.35006664249999997,0.3163741825
71200070603,0.333449702,0.575616806,0.4308875855,0.4308875855,0.4308875855,0.4308875855,0.496688083,0.4308875855
71200070604,0.40956066199999996,0.56317732,0.4747229665,0.4747229665,0.4747229665,0.4747229665,0.5175304485,0.4747229665
71200070605,0.419678166,0.593248182,0.484469947,0.484469947,0.484469947,0.484469947,0.5402562845000001,0.484469947
71200070606,0.30501533,0.434100952,0.3623335335,0.3623335335,0.3623335335,0.3623335335,0.4049063869999999,0.3623335335
71200070607,0.5675482460000001,0.7318740420000001,0.6303099045,0.6303099045,0.6303099045,0.6303099045,0.674205362,0.6303099045
71200070608,0.541625846,0.74805508,0.619328596,0.619328596,0.619328596,0.619328596,0.6781257365,0.619328596
71200070609,0.314534214,0.46208189,0.38293071900000003,0.38293071900000003,0.38293071900000003,0.38293071900000003,0.4280629975,0.38293071900000003
71300010101,0.59571672,0.737499906,0.652614908,0.652614908,0.652614908,0.652614908,0.6991258455,0.652614908
71300010102,0.49619556400000003,0.6500979100000001,0.5612082445000001,0.5612082445000001,0.5612082445000001,0.5612082445000001,0.6154731465000001,0.5612082445000001
71300010201,0.16196677799999998,0.29235239,0.22131857849999997,0.22131857849999997,0.22131857849999997,0.22131857849999997,0.25770687150000005,0.22131857849999997
71300010202,0.530396302,0.6790561260000001,0.590322369,0.590322369,0.590322369,0.590322369,0.6325645805,0.590322369
71300010203,0.07206023339999999,0.13378141100000002,0.09663489659999999,0.09663489659999999,0.09663489659999999,0.09663489659999999,0.11379267959999999,0.09663489659999999
71300010301,0.49548999600000004,0.655254906,0.547560204,0.547560204,0.547560204,0.547560204,0.5964849565,0.547560204
71300010302,0.517216068,0.727103936,0.592769509,0.592769509,0.592769509,0.592769509,0.6496462045,0.592769509
71300010303,0.554506886,0.6788179339999999,0.6132668525,0.6132668525,0.6132668525,0.6132668525,0.6531309445,0.6132668525
71300010304,0.346012758,0.512650256,0.425203988,0.425203988,0.425203988,0.425203988,0.469585538,0.425203988
71300010401,0.6363092079999999,0.7613182039999999,0.6808606505,0.6808606505,0.6808606505,0.6808606505,0.725624693,0.6808606505
71300010402,0.545656434,0.6641991519999999,0.5763452735,0.5763452735,0.5763452735,0.5763452735,0.6203939945,0.5763452735
71300010501,0.46801924,0.661656486,0.542205079,0.542205079,0.542205079,0.542205079,0.5966159415,0.542205079
71300010502,0.48560849800000006,0.7019760500000001,0.5577226605,0.5577226605,0.5577226605,0.5577226605,0.615675761,0.5577226605
71300010503,0.614039486,0.764959552,0.680503549,0.680503549,0.680503549,0.680503549,0.721733305,0.680503549
71300010504,0.40266692,0.634294996,0.4920710015,0.4920710015,0.4920710015,0.4920710015,0.5512434365,0.4920710015
71300010505,0.266637256,0.39458414999999997,0.310917144,0.310917144,0.310917144,0.310917144,0.34899491,0.310917144
71300010601,0.489571534,0.6676773039999999,0.5595908635,0.5595908635,0.5595908635,0.5595908635,0.609971127,0.5595908635
71300010602,0.39520027199999996,0.557132944,0.467687604,0.467687604,0.467687604,0.467687604,0.514683531,0.467687604
71300010603,0.19370205199999999,0.276314548,0.24531045850000002,0.24531045850000002,0.24531045850000002,0.24531045850000002,0.2750272795,0.24531045850000002
71300010701,0.354647128,0.536763166,0.411965298,0.411965298,0.411965298,0.411965298,0.46716450400000004,0.411965298
71300010702,0.103131822,0.163216588,0.13544201095,0.13544201095,0.13544201095,0.13544201095,0.1555805444,0.13544201095
71300010703,0.0154877252,0.0177492061,0.0169619146,0.0169619146,0.0169619146,0.0169619146,0.01776501755,0.0169619146
71300010801,0.42074973799999993,0.6431322859999999,0.501528672,0.501528672,0.501528672,0.501528672,0.563918567,0.501528672
71300010802,0.471552246,0.656783924,0.5468550055,0.5468550055,0.5468550055,0.5468550055,0.598977948,0.5468550055
71300010803,0.295974254,0.421555236,0.3561523445,0.3561523445,0.3561523445,0.3561523445,0.3995233335,0.3561523445
71300010804,0.0408107094,0.0702323404,0.0560851738,0.0560851738,0.0560851738,0.0560851738,0.06496227504999999,0.0560851738
71300010901,0.556176428,0.6820378440000001,0.6248020280000001,0.6248020280000001,0.6248020280000001,0.6248020280000001,0.6639982155,0.6248020280000001
71300010902,0.444064474,0.629883878,0.5164357425,0.5164357425,0.5164357425,0.5164357425,0.574598332,0.5164357425
71300010903,0.421017226,0.553560312,0.47371636549999996,0.47371636549999996,0.47371636549999996,0.47371636549999996,0.517782627,0.47371636549999996
71300010904,0.1331215732,0.163279029,0.1599232113,0.1599232113,0.1599232113,0.1599232113,0.1752109398,0.1599232113
71300011001,0.0499280654,0.0608763014,0.05983382405,0.05983382405,0.05983382405,0.05983382405,0.06397883060000001,0.05983382405
71300011002,0.235106706,0.40017632599999997,0.293983983,0.293983983,0.293983983,0.293983983,0.3459307975,0.293983983
71300011003,0.179253428,0.285759646,0.2589691975,0.2589691975,0.2589691975,0.2589691975,0.2930755725,0.2589691975
71300011004,0.0349136356,0.0408955776,0.03918608975,0.03918608975,0.03918608975,0.03918608975,0.0415462562,0.03918608975
71300011101,0.51926601,0.65269046,0.592150146,0.592150146,0.592150146,0.592150146,0.6334004474999999,0.592150146
71300011102,0.215973778,0.33079601200000003,0.2727413123,0.2727413123,0.2727413123,0.2727413123,0.3111458383,0.2727413123
71300011201,0.5643170879999999,0.711365224,0.6430899840000001,0.6430899840000001,0.6430899840000001,0.6430899840000001,0.6841140649999999,0.6430899840000001
71300011202,0.494875314,0.620699882,0.572094901,0.572094901,0.572094901,0.572094901,0.614928829,0.572094901
71300011203,0.496502528,0.5873430660000001,0.5516042415,0.5516042415,0.5516042415,0.5516042415,0.5884890395,0.5516042415
71300011204,0.111842429,0.135782877,0.13642693344999998,0.13642693344999998,0.13642693344999998,0.13642693344999998,0.14685048095,0.13642693344999998
71300011301,0.071866506,0.09055899,0.08737846255000001,0.08737846255000001,0.08737846255000001,0.08737846255000001,0.09416705505,0.08737846255000001
71300011302,0.043889703,0.054191188,0.05481049965,0.05481049965,0.05481049965,0.05481049965,0.05822132985,0.05481049965
71300011401,0.5694553339999999,0.65859614,0.6237424745,0.6237424745,0.6237424745,0.6237424745,0.651472877,0.6237424745
71300011402,0.29645795399999997,0.339423472,0.328897672,0.328897672,0.328897672,0.328897672,0.351837709,0.328897672
71300011403,0.0401008942,0.056287876800000004,0.0501396152,0.0501396152,0.0501396152,0.0501396152,0.05414156455,0.0501396152
71300011501,0.49191577999999997,0.630003168,0.5728755635,0.5728755635,0.5728755635,0.5728755635,0.616926114,0.5728755635
71300011502,0.18599158,0.270927506,0.24069644495000003,0.24069644495000003,0.24069644495000003,0.24069644495000003,0.27833994225,0.24069644495000003
71300011503,0.0450743378,0.0564676026,0.0592725182,0.0592725182,0.0592725182,0.0592725182,0.06391397585,0.0592725182
71300011601,0.23363808600000002,0.277642276,0.26223466525,0.26223466525,0.26223466525,0.26223466525,0.27797004925,0.26223466525
71300011602,0.0556216086,0.0752490054,0.06815232615,0.06815232615,0.06815232615,0.06815232615,0.0743019274,0.06815232615
71300011701,0.0872117518,0.109123456,0.09850359439999999,0.09850359439999999,0.09850359439999999,0.09850359439999999,0.1092346212,0.09850359439999999
71300011702,0.07980867579999999,0.1120686692,0.0983039688,0.0983039688,0.0983039688,0.0983039688,0.10985169884999998,0.0983039688
71300011703,0.0558751862,0.1044309148,0.0799150181,0.0799150181,0.0799150181,0.0799150181,0.09339276985,0.0799150181
71300011704,0.056519849,0.0632780874,0.05122565275,0.05122565275,0.05122565275,0.05122565275,0.05448665500000001,0.05122565275
71300011705,0.0388124368,0.049323751000000006,0.047286008899999996,0.047286008899999996,0.047286008899999996,0.047286008899999996,0.050559109899999996,0.047286008899999996
71300020101,0.634528164,0.623614756,0.63105816,0.63105816,0.63105816,0.63105816,0.6368646835,0.63105816
71300020102,0.6955592,0.71148669,0.6990583945,0.6990583945,0.6990583945,0.6990583945,0.7108042130000001,0.6990583945
71300020103,0.559830956,0.620731836,0.5969310555,0.5969310555,0.5969310555,0.5969310555,0.626144229,0.5969310555
71300020104,0.684586896,0.761194096,0.718307513,0.718307513,0.718307513,0.718307513,0.7425997879999999,0.718307513
71300020105,0.615219116,0.662613334,0.629335645,0.629335645,0.629335645,0.629335645,0.649879543,0.629335645
71300020201,0.660904368,0.605186212,0.6408355115,0.6408355115,0.6408355115,0.6408355115,0.6376122365000001,0.6408355115
71300020202,0.63644592,0.6345126999999999,0.6327695170000001,0.6327695170000001,0.6327695170000001,0.6327695170000001,0.646582059,0.6327695170000001
71300020203,0.5965085,0.593586872,0.616101139,0.616101139,0.616101139,0.616101139,0.624950299,0.616101139
71300020204,0.436592368,0.4491637519999999,0.4467352035,0.4467352035,0.4467352035,0.4467352035,0.46206232300000005,0.4467352035
71300020205,0.54028824,0.58840245,0.5596889380000001,0.5596889380000001,0.5596889380000001,0.5596889380000001,0.5891460165,0.5596889380000001
71300020206,0.506749912,0.5898530080000001,0.53176343,0.53176343,0.53176343,0.53176343,0.5668880350000001,0.53176343
71300020301,0.503393046,0.5700184260000001,0.5378788285,0.5378788285,0.5378788285,0.5378788285,0.5639957195,0.5378788285
71300020302,0.412673054,0.495483704,0.457098691,0.457098691,0.457098691,0.457098691,0.48697544,0.457098691
71300020303,0.557623968,0.61125996,0.5774754195,0.5774754195,0.5774754195,0.5774754195,0.599373748,0.5774754195
71300020304,0.54360056,0.675512818,0.5981082554999999,0.5981082554999999,0.5981082554999999,0.5981082554999999,0.635973852,0.5981082554999999
71300020305,0.44841905000000004,0.5299539980000001,0.482202517,0.482202517,0.482202517,0.482202517,0.513389023,0.482202517
71300020401,0.556464832,0.66247628,0.6081284375,0.6081284375,0.6081284375,0.6081284375,0.6421681865,0.6081284375
71300020402,0.526729308,0.649567876,0.590179591,0.590179591,0.590179591,0.590179591,0.626236832,0.590179591
71300020403,0.6766045940000001,0.781746694,0.714783044,0.714783044,0.714783044,0.714783044,0.7451817465,0.714783044
71300020404,0.61370473,0.724606274,0.659397928,0.659397928,0.659397928,0.659397928,0.6963528195,0.659397928
71300020501,0.696970946,0.7711083999999999,0.7393297145,0.7393297145,0.7393297145,0.7393297145,0.7621977025,0.7393297145
71300020502,0.65390269,0.76075932,0.7057236345,0.7057236345,0.7057236345,0.7057236345,0.7352068540000001,0.7057236345
71300020503,0.674805466,0.7614355500000001,0.7113075705,0.7113075705,0.7113075705,0.7113075705,0.7395295315,0.7113075705
71300020601,0.525036726,0.62155505,0.5695583144999999,0.5695583144999999,0.5695583144999999,0.5695583144999999,0.6135051545,0.5695583144999999
71300020602,0.49613114999999997,0.651897598,0.5786929035,0.5786929035,0.5786929035,0.5786929035,0.62983682,0.5786929035
71300020603,0.4518954,0.623951648,0.5234683275,0.5234683275,0.5234683275,0.5234683275,0.5760839345,0.5234683275
71300020701,0.623061682,0.743703166,0.6798670785,0.6798670785,0.6798670785,0.6798670785,0.7144772450000001,0.6798670785
71300020702,0.636362114,0.7409810139999999,0.692101082,0.692101082,0.692101082,0.692101082,0.722110354,0.692101082
71300020703,0.572361896,0.7010595439999999,0.6305292065,0.6305292065,0.6305292065,0.6305292065,0.672278771,0.6305292065
71300020801,0.500506658,0.5949528159999999,0.5600780280000001,0.5600780280000001,0.5600780280000001,0.5600780280000001,0.594480788,0.5600780280000001
71300020802,0.602471686,0.748075024,0.6623344010000001,0.6623344010000001,0.6623344010000001,0.6623344010000001,0.7030193665,0.6623344010000001
71300020803,0.611777522,0.735877142,0.6669009755,0.6669009755,0.6669009755,0.6669009755,0.7083155084999999,0.6669009755
71300020804,0.6455821260000001,0.78271011,0.7008762964999999,0.7008762964999999,0.7008762964999999,0.7008762964999999,0.741482159,0.7008762964999999
71300020805,0.462198252,0.5835193679999999,0.519709757,0.519709757,0.519709757,0.519709757,0.5626099339999999,0.519709757
71300020901,0.42373765399999996,0.5568255599999999,0.49715015850000005,0.49715015850000005,0.49715015850000005,0.49715015850000005,0.5416115175,0.49715015850000005
71300020902,0.593335528,0.754852298,0.658713629,0.658713629,0.658713629,0.658713629,0.7058832605,0.658713629
71300020903,0.436826708,0.620616974,0.5129098995,0.5129098995,0.5129098995,0.5129098995,0.567079165,0.5129098995
71300020904,0.39221174599999997,0.510047412,0.445188319,0.445188319,0.445188319,0.445188319,0.48876975749999996,0.445188319
71300020905,0.482478756,0.66241882,0.5488994665,0.5488994665,0.5488994665,0.5488994665,0.6000270615,0.5488994665
71300020906,0.19280428600000002,0.30203536799999997,0.23931956950000002,0.23931956950000002,0.23931956950000002,0.23931956950000002,0.2722452455,0.23931956950000002
71300030101,0.268323942,0.39957534,0.343286036,0.343286036,0.343286036,0.343286036,0.378281823,0.343286036
71300030102,0.0581175008,0.09909850519999999,0.0806016332,0.0806016332,0.0806016332,0.0806016332,0.0905072831,0.0806016332
71300030103,0.183363576,0.30379829599999997,0.24958759549999998,0.24958759549999998,0.24958759549999998,0.24958759549999998,0.284040885,0.24958759549999998
71300030201,0.478691322,0.605041448,0.559677488,0.559677488,0.559677488,0.559677488,0.594777003,0.559677488
71300030202,0.309344756,0.419730908,0.387320384,0.387320384,0.387320384,0.387320384,0.426982046,0.387320384
71300030203,0.1146510044,0.196956832,0.156109806,0.156109806,0.156109806,0.156109806,0.17828077545,0.156109806
71300030204,0.06635409540000001,0.1186441448,0.09886292205,0.09886292205,0.09886292205,0.09886292205,0.11320783235000001,0.09886292205
71300030205,0.038245526200000005,0.050142560200000005,0.04870567805,0.04870567805,0.04870567805,0.04870567805,0.052116927800000004,0.04870567805
71300030206,0.0522276404,0.0730271016,0.0627260989,0.0627260989,0.0627260989,0.0627260989,0.06852876835,0.0627260989
71300030301,0.18151889999999998,0.185820918,0.18246946365,0.18246946365,0.18246946365,0.18246946365,0.18686729689999998,0.18246946365
71300030302,0.282201624,0.279614156,0.3000998675,0.3000998675,0.3000998675,0.3000998675,0.305117684,0.3000998675
71300030303,0.08738753,0.14998003,0.108648149,0.108648149,0.108648149,0.108648149,0.12701425275,0.108648149
71300030304,0.0513322522,0.058615264599999994,0.056118569900000005,0.056118569900000005,0.056118569900000005,0.056118569900000005,0.05939539470000001,0.056118569900000005
71300030401,0.2209960468,0.256914828,0.2666525123,0.2666525123,0.2666525123,0.2666525123,0.2844045348,0.2666525123
71300030402,0.1151666496,0.186739221,0.1559099739,0.1559099739,0.1559099739,0.1559099739,0.1783865883,0.1559099739
71300030403,0.0642026234,0.10745382159999999,0.0944783695,0.0944783695,0.0944783695,0.0944783695,0.10698011905,0.0944783695
71300030404,0.10637355479999999,0.130401473,0.13271081769999998,0.13271081769999998,0.13271081769999998,0.13271081769999998,0.1413131597,0.13271081769999998
71300030405,0.0618587192,0.076272755,0.0754495905,0.0754495905,0.0754495905,0.0754495905,0.08113101745,0.0754495905
71300030501,0.551422598,0.597026158,0.567332773,0.567332773,0.567332773,0.567332773,0.587137032,0.567332773
71300030502,0.60228592,0.6212742120000001,0.6143073594999999,0.6143073594999999,0.6143073594999999,0.6143073594999999,0.633365498,0.6143073594999999
71300030503,0.5070119639999999,0.525688312,0.5254694040000001,0.5254694040000001,0.5254694040000001,0.5254694040000001,0.5450740345,0.5254694040000001
71300030504,0.344402016,0.370425064,0.389045924,0.389045924,0.389045924,0.389045924,0.399343422,0.389045924
71300030505,0.313858522,0.353287768,0.368182511,0.368182511,0.368182511,0.368182511,0.3835548355,0.368182511
71300030506,0.21746659,0.26495956,0.26554108425,0.26554108425,0.26554108425,0.26554108425,0.284102374,0.26554108425
71300030507,0.199271606,0.26125488799999996,0.2547739885,0.2547739885,0.2547739885,0.2547739885,0.2748899045,0.2547739885
71300030601,0.025183046799999997,0.029802353999999996,0.028979258749999997,0.028979258749999997,0.028979258749999997,0.028979258749999997,0.03055126125,0.028979258749999997
71300030602,0.324434336,0.28996585,0.33673060050000003,0.33673060050000003,0.33673060050000003,0.33673060050000003,0.336935057,0.33673060050000003
71300030603,0.02176476,0.0274487482,0.025331342099999998,0.025331342099999998,0.025331342099999998,0.025331342099999998,0.0272579719,0.025331342099999998
71300030604,0.122341005,0.167609884,0.1581141142,0.1581141142,0.1581141142,0.1581141142,0.17401289385000002,0.1581141142
71300030605,0.036653797,0.0448660768,0.05026447625,0.05026447625,0.05026447625,0.05026447625,0.0531380375,0.05026447625
71300030606,0.099134592,0.15498831,0.1433272718,0.1433272718,0.1433272718,0.1433272718,0.1614106353,0.1433272718
71300030701,0.1895989592,0.260126996,0.22191072455,0.22191072455,0.22191072455,0.22191072455,0.2440201843,0.22191072455
71300030702,0.0995117954,0.1326279628,0.11466026365,0.11466026365,0.11466026365,0.11466026365,0.1258183594,0.11466026365
71300030703,0.0611234352,0.08075840679999999,0.0742243238,0.0742243238,0.0742243238,0.0742243238,0.08161763629999999,0.0742243238
71300030801,0.26665574400000003,0.35659587200000004,0.3167956035,0.3167956035,0.3167956035,0.3167956035,0.348133385,0.3167956035
71300030802,0.0689308548,0.0712335368,0.0679838544,0.0679838544,0.0679838544,0.0679838544,0.07003560905,0.0679838544
71300030901,0.1433811178,0.1922755828,0.1687340224,0.1687340224,0.1687340224,0.1687340224,0.18361847585,0.1687340224
71300030902,0.0618230052,0.097994738,0.0785049629,0.0785049629,0.0785049629,0.0785049629,0.08869866575,0.0785049629
71300030903,0.037701212,0.04911139999999999,0.0445045964,0.0445045964,0.0445045964,0.0445045964,0.0477908554,0.0445045964
71300030904,0.0243771582,0.0316269738,0.027470564375,0.027470564375,0.027470564375,0.027470564375,0.029639582600000002,0.027470564375
71300031001,0.269025366,0.312664356,0.2983288435,0.2983288435,0.2983288435,0.2983288435,0.31889143249999996,0.2983288435
71300031002,0.159049536,0.14906391619999998,0.1860074268,0.1860074268,0.1860074268,0.1860074268,0.190617874,0.1860074268
71300031003,0.0285860292,0.030823804599999997,0.02999520625,0.02999520625,0.02999520625,0.02999520625,0.031052889150000002,0.02999520625
71300031004,0.025885370600000002,0.028427576599999997,0.027647536150000002,0.027647536150000002,0.027647536150000002,0.027647536150000002,0.0285823024,0.027647536150000002
71300031005,0.00520586508,0.00655629526,0.005666470605,0.005666470605,0.005666470605,0.005666470605,0.006087143425,0.005666470605
71300031101,0.07806962939999999,0.1141212766,0.10341418520000001,0.10341418520000001,0.10341418520000001,0.10341418520000001,0.11350702804999999,0.10341418520000001
71300031102,0.0206510096,0.0340881154,0.024456088,0.024456088,0.024456088,0.024456088,0.0281209282,0.024456088
71300040101,0.638396552,0.660196668,0.6611014275,0.6611014275,0.6611014275,0.6611014275,0.677333899,0.6611014275
71300040102,0.6427590519999999,0.665276786,0.6671070335,0.6671070335,0.6671070335,0.6671070335,0.6804408279999999,0.6671070335
71300040103,0.577471188,0.618234492,0.6081631705,0.6081631705,0.6081631705,0.6081631705,0.6378861419999999,0.6081631705
71300040104,0.64144978,0.680074808,0.6603845235,0.6603845235,0.6603845235,0.6603845235,0.681536986,0.6603845235
71300040105,0.574465902,0.635679708,0.6127774065,0.6127774065,0.6127774065,0.6127774065,0.6340491175,0.6127774065
71300040201,0.611808948,0.6422728959999999,0.6465825875,0.6465825875,0.6465825875,0.6465825875,0.6670196655,0.6465825875
71300040202,0.43004184199999995,0.452884042,0.473613728,0.473613728,0.473613728,0.473613728,0.48644603399999997,0.473613728
71300040301,0.579202216,0.615280708,0.608970888,0.608970888,0.608970888,0.608970888,0.638797514,0.608970888
71300040302,0.6007933599999999,0.662300432,0.6553617039999999,0.6553617039999999,0.6553617039999999,0.6553617039999999,0.678369765,0.6553617039999999
71300040303,0.600180502,0.6910643679999999,0.646855796,0.646855796,0.646855796,0.646855796,0.6791967435,0.646855796
71300040304,0.603700942,0.64246048,0.642824947,0.642824947,0.642824947,0.642824947,0.6606009035,0.642824947
71300040305,0.47092353600000003,0.506258356,0.5213006825,0.5213006825,0.5213006825,0.5213006825,0.5374275205,0.5213006825
71300040401,0.584324262,0.671336076,0.638928481,0.638928481,0.638928481,0.638928481,0.6712874529999999,0.638928481
71300040402,0.5997782899999999,0.643849998,0.643670487,0.643670487,0.643670487,0.643670487,0.6586769109999999,0.643670487
71300040403,0.5605369020000001,0.6822952179999999,0.612915828,0.612915828,0.612915828,0.612915828,0.6578379445,0.612915828
71300040404,0.40614331200000003,0.413132384,0.4333644285,0.4333644285,0.4333644285,0.4333644285,0.44892074849999997,0.4333644285
71300040501,0.536339948,0.557222518,0.5824022335000001,0.5824022335000001,0.5824022335000001,0.5824022335000001,0.591780752,0.5824022335000001
71300040502,0.520832396,0.561905216,0.5764768965,0.5764768965,0.5764768965,0.5764768965,0.593722186,0.5764768965
71300040503,0.1420020912,0.1197368992,0.1540552585,0.1540552585,0.1540552585,0.1540552585,0.15249979975,0.1540552585
71300040601,0.67741263,0.77069928,0.710914584,0.710914584,0.710914584,0.710914584,0.7489008420000001,0.710914584
71300040602,0.3979419,0.44283115000000006,0.42703279099999997,0.42703279099999997,0.42703279099999997,0.42703279099999997,0.46334931900000004,0.42703279099999997
71300040701,0.482963186,0.42199417399999994,0.478617572,0.478617572,0.478617572,0.478617572,0.47861187550000006,0.478617572
71300040702,0.10324409640000001,0.10140993000000001,0.11985994600000001,0.11985994600000001,0.11985994600000001,0.11985994600000001,0.1232990352,0.11985994600000001
71300040703,0.52468488,0.525399308,0.5477335355,0.5477335355,0.5477335355,0.5477335355,0.5599086640000001,0.5477335355
71300040801,0.466857144,0.473380632,0.4818689655,0.4818689655,0.4818689655,0.4818689655,0.4952819495,0.4818689655
71300040802,0.610567558,0.5982466580000001,0.6242575775,0.6242575775,0.6242575775,0.6242575775,0.6345287745,0.6242575775
71300040803,0.47541925999999995,0.481277108,0.4915957955,0.4915957955,0.4915957955,0.4915957955,0.5024385285,0.4915957955
71300040804,0.41182812,0.441262554,0.403733286,0.403733286,0.403733286,0.403733286,0.42668490449999996,0.403733286
71300040805,0.525313806,0.517782682,0.540290751,0.540290751,0.540290751,0.540290751,0.5461556185,0.540290751
71300040806,0.225938666,0.211896244,0.2340546372,0.2340546372,0.2340546372,0.2340546372,0.23867713969999999,0.2340546372
71300040807,0.300853442,0.339061386,0.3416844315,0.3416844315,0.3416844315,0.3416844315,0.3639927705,0.3416844315
71300040808,0.277028292,0.249827378,0.2836926727,0.2836926727,0.2836926727,0.2836926727,0.2937660957,0.2836926727
71300050101,0.613485644,0.731462074,0.6898389515,0.6898389515,0.6898389515,0.6898389515,0.7255290905,0.6898389515
71300050102,0.6175674179999999,0.746197244,0.6682519245,0.6682519245,0.6682519245,0.6682519245,0.708129844,0.6682519245
71300050103,0.548464532,0.670984408,0.62261064,0.62261064,0.62261064,0.62261064,0.658532873,0.62261064
71300050104,0.48641630999999996,0.599763894,0.5503703625,0.5503703625,0.5503703625,0.5503703625,0.5878433935,0.5503703625
71300050105,0.633827974,0.719080634,0.6882428925,0.6882428925,0.6882428925,0.6882428925,0.7166447735,0.6882428925
71300050106,0.484176426,0.557458708,0.5345239310000001,0.5345239310000001,0.5345239310000001,0.5345239310000001,0.5647185720000001,0.5345239310000001
71300050107,0.6411632239999999,0.746467554,0.688705366,0.688705366,0.688705366,0.688705366,0.7226499005,0.688705366
71300050108,0.40136354999999996,0.51285179,0.47464406600000003,0.47464406600000003,0.47464406600000003,0.47464406600000003,0.508144834,0.47464406600000003
71300050201,0.5736184480000001,0.625532258,0.620724219,0.620724219,0.620724219,0.620724219,0.643620385,0.620724219
71300050202,0.395534116,0.55071512,0.4645267115,0.4645267115,0.4645267115,0.4645267115,0.504399499,0.4645267115
71300050203,0.484173588,0.563456956,0.5374132255,0.5374132255,0.5374132255,0.5374132255,0.5652951785,0.5374132255
71300050204,0.5908084760000001,0.688961348,0.659180519,0.659180519,0.659180519,0.659180519,0.6865225865,0.659180519
71300050301,0.600780034,0.6850391140000001,0.657777289,0.657777289,0.657777289,0.657777289,0.6879145915,0.657777289
71300050302,0.515180854,0.612817618,0.5869854245,0.5869854245,0.5869854245,0.5869854245,0.6150738450000001,0.5869854245
71300050401,0.666546692,0.827145346,0.733087395,0.733087395,0.733087395,0.733087395,0.7772604685,0.733087395
71300050402,0.609182436,0.793891002,0.671791714,0.671791714,0.671791714,0.671791714,0.7223098649999999,0.671791714
71300050403,0.469207018,0.616379134,0.5269949075,0.5269949075,0.5269949075,0.5269949075,0.5711164615000001,0.5269949075
71300050404,0.48381089599999993,0.660638666,0.5494982989999999,0.5494982989999999,0.5494982989999999,0.5494982989999999,0.604022547,0.5494982989999999
71300050405,0.5247909820000001,0.662681442,0.583663351,0.583663351,0.583663351,0.583663351,0.6231150325,0.583663351
71300050501,0.2406872048,0.34454642199999996,0.2970187359,0.2970187359,0.2970187359,0.2970187359,0.3262596642,0.2970187359
71300050502,0.11263342000000001,0.19750693800000002,0.15749849359999998,0.15749849359999998,0.15749849359999998,0.15749849359999998,0.17968870605,0.15749849359999998
71300050503,0.0513524168,0.0739823904,0.060409871250000004,0.060409871250000004,0.060409871250000004,0.060409871250000004,0.06603581,0.060409871250000004
71300050504,0.15308229099999998,0.23882557599999998,0.20043397155,0.20043397155,0.20043397155,0.20043397155,0.22252908775,0.20043397155
71300050601,0.54929878,0.650387704,0.619631537,0.619631537,0.619631537,0.619631537,0.6486390915,0.619631537
71300050602,0.419764348,0.558875132,0.4973035995,0.4973035995,0.4973035995,0.4973035995,0.533926069,0.4973035995
71300050603,0.49293061600000004,0.5574407459999999,0.5568452275,0.5568452275,0.5568452275,0.5568452275,0.580906826,0.5568452275
71300050701,0.52852329,0.6124317340000001,0.5878307685,0.5878307685,0.5878307685,0.5878307685,0.6171952205,0.5878307685
71300050702,0.313935956,0.415891374,0.379276291,0.379276291,0.379276291,0.379276291,0.4102215815,0.379276291
71300050703,0.31180728799999996,0.44868349399999996,0.381029223,0.381029223,0.381029223,0.381029223,0.41934212049999997,0.381029223
71300050704,0.07657924499999999,0.11549017219999999,0.10123599215000001,0.10123599215000001,0.10123599215000001,0.10123599215000001,0.11188531985000001,0.10123599215000001
71300050705,0.170156674,0.21294502799999998,0.2165395115,0.2165395115,0.2165395115,0.2165395115,0.23069439175,0.2165395115
71300050801,0.31918100000000005,0.406992516,0.38707287949999997,0.38707287949999997,0.38707287949999997,0.38707287949999997,0.413361294,0.38707287949999997
71300050802,0.22726902,0.285502554,0.28548578325,0.28548578325,0.28548578325,0.28548578325,0.3037860395,0.28548578325
71300050803,0.279890832,0.30584118,0.3169172265,0.3169172265,0.3169172265,0.3169172265,0.3302842755,0.3169172265
71300050901,0.46582156799999996,0.523277616,0.5114300095,0.5114300095,0.5114300095,0.5114300095,0.5282765535,0.5114300095
71300050902,0.618515526,0.6718590799999999,0.655248817,0.655248817,0.655248817,0.655248817,0.6737461265,0.655248817
71300050903,0.381579314,0.44091781599999996,0.43963190250000006,0.43963190250000006,0.43963190250000006,0.43963190250000006,0.46117141500000003,0.43963190250000006
71300050904,0.5644365739999999,0.575596962,0.593717179,0.593717179,0.593717179,0.593717179,0.6022672585,0.593717179
71300050905,0.5175306080000001,0.5571202239999999,0.5608009,0.5608009,0.5608009,0.5608009,0.5791614700000001,0.5608009
71300050906,0.630695152,0.6636384879999999,0.6604419189999999,0.6604419189999999,0.6604419189999999,0.6604419189999999,0.6739767825,0.6604419189999999
71300050907,0.504741006,0.501990394,0.5307903905,0.5307903905,0.5307903905,0.5307903905,0.5435173520000001,0.5307903905
71300050908,0.48847245600000005,0.500061522,0.5214890010000001,0.5214890010000001,0.5214890010000001,0.5214890010000001,0.533615961,0.5214890010000001
71300050909,0.390156214,0.42056938400000005,0.437847906,0.437847906,0.437847906,0.437847906,0.45102727299999995,0.437847906
71300050910,0.170318386,0.16716794899999998,0.20020046480000003,0.20020046480000003,0.20020046480000003,0.20020046480000003,0.2057991388,0.20020046480000003
71300051001,0.1381749132,0.17620436599999997,0.18338724705,0.18338724705,0.18338724705,0.18338724705,0.19618744505000002,0.18338724705
71300051002,0.20181700600000002,0.20316612799999997,0.2419316525,0.2419316525,0.2419316525,0.2419316525,0.2472778275,0.2419316525
71300051003,0.0732291152,0.0967056044,0.09986933575,0.09986933575,0.09986933575,0.09986933575,0.10641309155,0.09986933575
71300051004,0.28855103,0.29497290400000004,0.33119531150000003,0.33119531150000003,0.33119531150000003,0.33119531150000003,0.3391053825,0.33119531150000003
71300051101,0.1399663772,0.164840397,0.17924867165,0.17924867165,0.17924867165,0.17924867165,0.18739476415,0.17924867165
71300051102,0.15272199,0.1967987072,0.20657305374999999,0.20657305374999999,0.20657305374999999,0.20657305374999999,0.219192485,0.20657305374999999
71300051103,0.1415661708,0.162796238,0.1869278407,0.1869278407,0.1869278407,0.1869278407,0.1947524194,0.1869278407
71300051104,0.061107053,0.074881937,0.07496077095,0.07496077095,0.07496077095,0.07496077095,0.07994987545,0.07496077095
71300051201,0.0908794578,0.095789714,0.10242941875,0.10242941875,0.10242941875,0.10242941875,0.10600117410000001,0.10242941875
71300051202,0.179014968,0.233158842,0.2116893825,0.2116893825,0.2116893825,0.2116893825,0.22761640500000002,0.2116893825
71300051203,0.204357832,0.22838758600000003,0.2372688145,0.2372688145,0.2372688145,0.2372688145,0.248070328,0.2372688145
71300051204,0.064674087,0.0921234608,0.08007687770000001,0.08007687770000001,0.08007687770000001,0.08007687770000001,0.0881834087,0.08007687770000001
71300051301,0.15007056400000002,0.166429893,0.19808923,0.19808923,0.19808923,0.19808923,0.20365973350000002,0.19808923
71300051302,0.0456716778,0.054979784399999995,0.05751579885,0.05751579885,0.05751579885,0.05751579885,0.060362190999999996,0.05751579885
71300051401,0.104139925,0.14123844000000002,0.1312806335,0.1312806335,0.1312806335,0.1312806335,0.1409673803,0.1312806335
71300051402,0.0381881162,0.05490348460000001,0.0474357054,0.0474357054,0.0474357054,0.0474357054,0.0520989143,0.0474357054
71300051403,0.058879901400000004,0.0782386798,0.07504074205,0.07504074205,0.07504074205,0.07504074205,0.08098242060000001,0.07504074205
71300051404,0.20078035600000002,0.26460724199999996,0.24188970849999997,0.24188970849999997,0.24188970849999997,0.24188970849999997,0.263525869,0.24188970849999997
71300051405,0.09935771239999999,0.13280085800000002,0.129838337,0.129838337,0.129838337,0.129838337,0.14266870510000002,0.129838337
71300060101,0.638219012,0.615369148,0.6570180459999999,0.6570180459999999,0.6570180459999999,0.6570180459999999,0.6608855275,0.6570180459999999
71300060102,0.656964276,0.700855672,0.669064465,0.669064465,0.669064465,0.669064465,0.6869934375,0.669064465
71300060103,0.541211506,0.576409148,0.5661390255,0.5661390255,0.5661390255,0.5661390255,0.5846734650000001,0.5661390255
71300060104,0.709164684,0.6993649740000001,0.714811404,0.714811404,0.714811404,0.714811404,0.7195540924999999,0.714811404
71300060105,0.610927652,0.583610578,0.604402668,0.604402668,0.604402668,0.604402668,0.6150497500000001,0.604402668
71300060106,0.6330351399999999,0.6321451440000001,0.6374628445,0.6374628445,0.6374628445,0.6374628445,0.6408930045,0.6374628445
71300060107,0.2953452,0.336863646,0.3294309685,0.3294309685,0.3294309685,0.3294309685,0.342219498,0.3294309685
71300060201,0.552490258,0.5962287959999999,0.5768057900000001,0.5768057900000001,0.5768057900000001,0.5768057900000001,0.5930786635,0.5768057900000001
71300060202,0.6200992120000001,0.6126690480000001,0.6275273625000001,0.6275273625000001,0.6275273625000001,0.6275273625000001,0.6311369124999999,0.6275273625000001
71300060203,0.48124037,0.490378004,0.50585802,0.50585802,0.50585802,0.50585802,0.511791294,0.50585802
71300060204,0.377694612,0.3699352,0.399306209,0.399306209,0.399306209,0.399306209,0.401691763,0.399306209
71300060205,0.58118057,0.5440430839999999,0.5903485285000001,0.5903485285000001,0.5903485285000001,0.5903485285000001,0.588004675,0.5903485285000001
71300060206,0.28266293400000003,0.2461777368,0.2947038695,0.2947038695,0.2947038695,0.2947038695,0.2974781195,0.2947038695
71300060207,0.41953700199999994,0.393270212,0.435018542,0.435018542,0.435018542,0.435018542,0.43999024899999994,0.435018542
71300060301,0.539987322,0.526452008,0.5650173215,0.5650173215,0.5650173215,0.5650173215,0.56718979,0.5650173215
71300060302,0.533804744,0.514436754,0.5632967875,0.5632967875,0.5632967875,0.5632967875,0.563249304,0.5632967875
71300060303,0.518520848,0.481360882,0.5446230475,0.5446230475,0.5446230475,0.5446230475,0.542955697,0.5446230475
71300060304,0.30641619000000003,0.310469946,0.33777999599999997,0.33777999599999997,0.33777999599999997,0.33777999599999997,0.345240311,0.33777999599999997
71300060401,0.7101964599999999,0.714460832,0.7224969715,0.7224969715,0.7224969715,0.7224969715,0.730003123,0.7224969715
71300060402,0.567833236,0.597622798,0.5900368665,0.5900368665,0.5900368665,0.5900368665,0.6082584384999999,0.5900368665
71300060403,0.653342854,0.649944466,0.6559046225,0.6559046225,0.6559046225,0.6559046225,0.6697572970000001,0.6559046225
71300060404,0.0962035618,0.093086988,0.104029047,0.104029047,0.104029047,0.104029047,0.1051699594,0.104029047
71300060405,0.344237584,0.29158776799999997,0.3297626245,0.3297626245,0.3297626245,0.3297626245,0.3335610345,0.3297626245
71300060406,0.6209171019999999,0.542481086,0.5974845555,0.5974845555,0.5974845555,0.5974845555,0.600248898,0.5974845555
71300060407,0.44837260199999995,0.454147328,0.4725343275,0.4725343275,0.4725343275,0.4725343275,0.4826490535,0.4725343275
71300060408,0.357276834,0.36210914,0.375431386,0.375431386,0.375431386,0.375431386,0.385115945,0.375431386
71300060409,0.393240252,0.39336057,0.4097235295,0.4097235295,0.4097235295,0.4097235295,0.418926618,0.4097235295
71300060501,0.399828344,0.39961793,0.42908340100000003,0.42908340100000003,0.42908340100000003,0.42908340100000003,0.43522058999999996,0.42908340100000003
71300060502,0.420444362,0.384633642,0.4275322935,0.4275322935,0.4275322935,0.4275322935,0.42793688450000006,0.4275322935
71300060503,0.347992434,0.31084316,0.35699945775,0.35699945775,0.35699945775,0.35699945775,0.35693106525,0.35699945775
71300060601,0.57083809,0.506539986,0.554097735,0.554097735,0.554097735,0.554097735,0.5481062775,0.554097735
71300060602,0.264105128,0.304193324,0.28308698649999997,0.28308698649999997,0.28308698649999997,0.28308698649999997,0.29973618,0.28308698649999997
71300060701,0.32134651399999997,0.35278644200000003,0.3355570105,0.3355570105,0.3355570105,0.3355570105,0.3474812055,0.3355570105
71300060702,0.335190078,0.371324626,0.346517645,0.346517645,0.346517645,0.346517645,0.3586266175,0.346517645
71300060703,0.29601466800000004,0.309127946,0.3040532357,0.3040532357,0.3040532357,0.3040532357,0.3150322382,0.3040532357
71300060801,0.11866350080000002,0.1335411028,0.13585138255,0.13585138255,0.13585138255,0.13585138255,0.1418383071,0.13585138255
71300060802,0.629472658,0.6220766839999999,0.6310313665,0.6310313665,0.6310313665,0.6310313665,0.6367007665,0.6310313665
71300060803,0.51687706,0.5159135100000001,0.5239180055,0.5239180055,0.5239180055,0.5239180055,0.529856628,0.5239180055
71300060804,0.32201575400000004,0.2976917,0.326743002,0.326743002,0.326743002,0.326743002,0.33025283299999997,0.326743002
71300060805,0.33562579800000003,0.32398362,0.3369112335,0.3369112335,0.3369112335,0.3369112335,0.3434154705,0.3369112335
71300060806,0.08556888,0.08380682440000001,0.08822756165,0.08822756165,0.08822756165,0.08822756165,0.09159105910000001,0.08822756165
71300070101,0.48193702,0.5131037,0.47715050950000004,0.47715050950000004,0.47715050950000004,0.47715050950000004,0.4940150235,0.47715050950000004
71300070102,0.298610926,0.34302667,0.3100923695,0.3100923695,0.3100923695,0.3100923695,0.33362912100000003,0.3100923695
71300070103,0.253627736,0.310072186,0.2722823103,0.2722823103,0.2722823103,0.2722823103,0.2924011778,0.2722823103
71300070104,0.53805529,0.584457912,0.5469105825,0.5469105825,0.5469105825,0.5469105825,0.566468509,0.5469105825
71300070105,0.417640294,0.387354632,0.42579471350000003,0.42579471350000003,0.42579471350000003,0.42579471350000003,0.431051196,0.42579471350000003
71300070106,0.553443958,0.519687974,0.545975943,0.545975943,0.545975943,0.545975943,0.5480820245,0.545975943
71300070107,0.290385934,0.32315064800000004,0.2993141385,0.2993141385,0.2993141385,0.2993141385,0.3133436885,0.2993141385
71300070108,0.5211804640000001,0.583393292,0.535596864,0.535596864,0.535596864,0.535596864,0.558502309,0.535596864
71300070109,0.118150057,0.124015805,0.12221328584999999,0.12221328584999999,0.12221328584999999,0.12221328584999999,0.12629141185,0.12221328584999999
71300070201,0.46215971600000005,0.444439562,0.46128020000000003,0.46128020000000003,0.46128020000000003,0.46128020000000003,0.4647546395,0.46128020000000003
71300070202,0.45076967999999995,0.46250308,0.442560615,0.442560615,0.442560615,0.442560615,0.4498600285,0.442560615
71300070203,0.49980256,0.52634218,0.49450814899999995,0.49450814899999995,0.49450814899999995,0.49450814899999995,0.5075589325000001,0.49450814899999995
71300070301,0.542179516,0.5464325,0.5530756515,0.5530756515,0.5530756515,0.5530756515,0.5582626024999999,0.5530756515
71300070302,0.47025217599999997,0.46884560200000003,0.4667480795,0.4667480795,0.4667480795,0.4667480795,0.473827857,0.4667480795
71300070303,0.38839756599999997,0.40587048000000003,0.3946837365,0.3946837365,0.3946837365,0.3946837365,0.40655615650000004,0.3946837365
71300070401,0.380692868,0.418003126,0.3926327695,0.3926327695,0.3926327695,0.3926327695,0.40459677650000003,0.3926327695
71300070402,0.43184777199999996,0.474681096,0.44003114749999994,0.44003114749999994,0.44003114749999994,0.44003114749999994,0.45376128250000003,0.44003114749999994
71300070501,0.137261212,0.14544650239999998,0.13904573744999998,0.13904573744999998,0.13904573744999998,0.13904573744999998,0.14354362675000001,0.13904573744999998
71300070502,0.30791449000000004,0.33482537999999995,0.3258768025,0.3258768025,0.3258768025,0.3258768025,0.335040701,0.3258768025
71300070503,0.127189532,0.134071818,0.13064283585,0.13064283585,0.13064283585,0.13064283585,0.13536243990000002,0.13064283585
71300070601,0.38051002,0.386428692,0.3865570965,0.3865570965,0.3865570965,0.3865570965,0.3937375475,0.3865570965
71300070602,0.44120036999999995,0.437963384,0.447798587,0.447798587,0.447798587,0.447798587,0.449136208,0.447798587
71300070603,0.43352901,0.506635308,0.45972150850000004,0.45972150850000004,0.45972150850000004,0.45972150850000004,0.47906513850000004,0.45972150850000004
71300070604,0.302407312,0.37107198399999997,0.313131219,0.313131219,0.313131219,0.313131219,0.3360140285,0.313131219
71300070605,0.28471259,0.323878966,0.29246015550000004,0.29246015550000004,0.29246015550000004,0.29246015550000004,0.31106153550000004,0.29246015550000004
71300070701,0.398805466,0.45607415399999995,0.43038585500000004,0.43038585500000004,0.43038585500000004,0.43038585500000004,0.44457372,0.43038585500000004
71300070702,0.5743354860000001,0.6312473,0.5822901075,0.5822901075,0.5822901075,0.5822901075,0.603093439,0.5822901075
71300070703,0.39758761000000004,0.46366256000000006,0.4054840315,0.4054840315,0.4054840315,0.4054840315,0.428145605,0.4054840315
71300070704,0.5429459480000001,0.552477324,0.551164233,0.551164233,0.551164233,0.551164233,0.5578922835,0.551164233
71300070705,0.375536184,0.385311628,0.39326118449999997,0.39326118449999997,0.39326118449999997,0.39326118449999997,0.40059488449999997,0.39326118449999997
71300070706,0.32648065600000004,0.365636214,0.344755451,0.344755451,0.344755451,0.344755451,0.36126374499999997,0.344755451
71300070707,0.19376209800000002,0.23787082399999998,0.2200289298,0.2200289298,0.2200289298,0.2200289298,0.2353936453,0.2200289298
71300070708,0.128145328,0.14453542879999998,0.14191652495,0.14191652495,0.14191652495,0.14191652495,0.15027544445000002,0.14191652495
71300070801,0.195979688,0.22573333280000002,0.2052847925,0.2052847925,0.2052847925,0.2052847925,0.2191719025,0.2052847925
71300070802,0.163365804,0.18551716599999998,0.17401185045,0.17401185045,0.17401185045,0.17401185045,0.1871625375,0.17401185045
71300080101,0.45009255000000004,0.48333882,0.455100531,0.455100531,0.455100531,0.455100531,0.47443017200000004,0.455100531
71300080102,0.42331004000000005,0.455568786,0.443529367,0.443529367,0.443529367,0.443529367,0.46245114750000005,0.443529367
71300080201,0.30480394,0.37342724,0.33148989100000004,0.33148989100000004,0.33148989100000004,0.33148989100000004,0.3527816325,0.33148989100000004
71300080202,0.371064572,0.415250126,0.399531097,0.399531097,0.399531097,0.399531097,0.4169157645,0.399531097
71300080203,0.24333662599999997,0.276701504,0.2601678488,0.2601678488,0.2601678488,0.2601678488,0.2742004373,0.2601678488
71300080301,0.33255794,0.386595622,0.3532096225,0.3532096225,0.3532096225,0.3532096225,0.37089409949999996,0.3532096225
71300080302,0.371720296,0.42900110399999997,0.391426838,0.391426838,0.391426838,0.391426838,0.4113468555,0.391426838
71300080303,0.128483398,0.170722482,0.14829108535,0.14829108535,0.14829108535,0.14829108535,0.16526455375,0.14829108535
71300080401,0.326636558,0.331452976,0.3518427233,0.3518427233,0.3518427233,0.3518427233,0.36234115229999997,0.3518427233
71300080402,0.0375384928,0.041454357600000005,0.03992392905,0.03992392905,0.03992392905,0.03992392905,0.04226951845,0.03992392905
71300080403,0.042263776600000004,0.0498273046,0.0479977616,0.0479977616,0.0479977616,0.0479977616,0.05217790095,0.0479977616
71300080404,0.181520132,0.23392592199999998,0.21406933975000003,0.21406933975000003,0.21406933975000003,0.21406933975000003,0.23625672025000002,0.21406933975000003
71300080405,0.14650042000000002,0.18819541,0.16831188415,0.16831188415,0.16831188415,0.16831188415,0.18450316885,0.16831188415
71300080406,0.0681734826,0.0689950716,0.07341765755,0.07341765755,0.07341765755,0.07341765755,0.07659919525,0.07341765755
71300080501,0.330012404,0.323672344,0.36780818449999997,0.36780818449999997,0.36780818449999997,0.36780818449999997,0.376326787,0.36780818449999997
71300080502,0.345303766,0.343317308,0.38658249499999997,0.38658249499999997,0.38658249499999997,0.38658249499999997,0.395759215,0.38658249499999997
71300080503,0.11923193039999999,0.10971630839999999,0.12093668355000001,0.12093668355000001,0.12093668355000001,0.12093668355000001,0.12248773735,0.12093668355000001
71300080504,0.241588168,0.256728472,0.275826904,0.275826904,0.275826904,0.275826904,0.287693526,0.275826904
71300080601,0.178740356,0.1880446604,0.2030681515,0.2030681515,0.2030681515,0.2030681515,0.21164600925000002,0.2030681515
71300080602,0.20352129400000002,0.19898848600000002,0.230859463,0.230859463,0.230859463,0.230859463,0.23548569525000002,0.230859463
71300080603,0.21272135800000003,0.2176789942,0.23343544624999998,0.23343544624999998,0.23343544624999998,0.23343544624999998,0.24414751350000002,0.23343544624999998
71300080604,0.1218769788,0.095233868,0.12645405505,0.12645405505,0.12645405505,0.12645405505,0.12680575615,0.12645405505
71300080701,0.103828623,0.1015340154,0.11506208744999999,0.11506208744999999,0.11506208744999999,0.11506208744999999,0.11744660744999999,0.11506208744999999
71300080702,0.065374111,0.0654894154,0.07612192355,0.07612192355,0.07612192355,0.07612192355,0.07759587925,0.07612192355
71300080801,0.1671005648,0.1849616772,0.1992772302,0.1992772302,0.1992772302,0.1992772302,0.2089444838,0.1992772302
71300080802,0.0661290792,0.07117072799999999,0.07498904014999999,0.07498904014999999,0.07498904014999999,0.07498904014999999,0.07765783585,0.07498904014999999
71300080803,0.0731229948,0.080442054,0.092249055,0.092249055,0.092249055,0.092249055,0.0966587665,0.092249055
71300080804,0.027274257000000003,0.02742116,0.0292803767,0.0292803767,0.0292803767,0.0292803767,0.02976008445,0.0292803767
71300080805,0.0903210132,0.09715866799999999,0.10456813265,0.10456813265,0.10456813265,0.10456813265,0.1080598092,0.10456813265
71300090101,0.7421537579999999,0.7381608,0.749178637,0.749178637,0.749178637,0.749178637,0.7589925465,0.749178637
71300090102,0.7229625439999999,0.7130625700000001,0.729737557,0.729737557,0.729737557,0.729737557,0.7380136055,0.729737557
71300090103,0.6486549979999999,0.625655242,0.67585889,0.67585889,0.67585889,0.67585889,0.6757982714999999,0.67585889
71300090104,0.588385154,0.551967754,0.6031522055,0.6031522055,0.6031522055,0.6031522055,0.599399423,0.6031522055
71300090105,0.419366138,0.36717064,0.433436877,0.433436877,0.433436877,0.433436877,0.4288673675,0.433436877
71300090106,0.1855523,0.16406491399999998,0.19971414375000002,0.19971414375000002,0.19971414375000002,0.19971414375000002,0.2004203485,0.19971414375000002
71300090201,0.645501974,0.64563226,0.669720827,0.669720827,0.669720827,0.669720827,0.6815130015,0.669720827
71300090202,0.517297414,0.49770546800000004,0.5489120510000001,0.5489120510000001,0.5489120510000001,0.5489120510000001,0.5608304135,0.5489120510000001
71300090203,0.504394282,0.508429958,0.537746223,0.537746223,0.537746223,0.537746223,0.5461241515,0.537746223
71300090204,0.14464214800000003,0.152297662,0.1699605562,0.1699605562,0.1699605562,0.1699605562,0.1767947699,0.1699605562
71300090301,0.60041772,0.577348074,0.5824806309999999,0.5824806309999999,0.5824806309999999,0.5824806309999999,0.5839003765,0.5824806309999999
71300090302,0.44833122000000003,0.466240428,0.46039070449999997,0.46039070449999997,0.46039070449999997,0.46039070449999997,0.4756800135,0.46039070449999997
71300090303,0.504279986,0.51738603,0.5098333334999999,0.5098333334999999,0.5098333334999999,0.5098333334999999,0.5239288304999999,0.5098333334999999
71300090304,0.42921680999999995,0.44297397800000005,0.44963111299999997,0.44963111299999997,0.44963111299999997,0.44963111299999997,0.46180426350000003,0.44963111299999997
71300090305,0.5133798620000001,0.563945762,0.532222695,0.532222695,0.532222695,0.532222695,0.5501401905,0.532222695
71300090306,0.47992546599999997,0.530195762,0.487504676,0.487504676,0.487504676,0.487504676,0.505910088,0.487504676
71300090307,0.46850698599999996,0.441795872,0.46749171599999995,0.46749171599999995,0.46749171599999995,0.46749171599999995,0.479753666,0.46749171599999995
71300090308,0.482433476,0.519111914,0.48500178800000004,0.48500178800000004,0.48500178800000004,0.48500178800000004,0.503496684,0.48500178800000004
71300090309,0.23310695199999998,0.26391017,0.24265324700000002,0.24265324700000002,0.24265324700000002,0.24265324700000002,0.2548290535,0.24265324700000002
71300090310,0.5156408,0.510250554,0.5272336025000001,0.5272336025000001,0.5272336025000001,0.5272336025000001,0.534671941,0.5272336025000001
71300090401,0.36534697400000005,0.356879962,0.38982917549999996,0.38982917549999996,0.38982917549999996,0.38982917549999996,0.401958363,0.38982917549999996
71300090402,0.393965132,0.44614293800000004,0.43729132149999994,0.43729132149999994,0.43729132149999994,0.43729132149999994,0.45747331950000003,0.43729132149999994
71300090403,0.11287759,0.1143773266,0.12683295105,0.12683295105,0.12683295105,0.12683295105,0.130565591,0.12683295105
71300090404,0.49336000599999996,0.489932868,0.5086256925,0.5086256925,0.5086256925,0.5086256925,0.5150661000000001,0.5086256925
71300090405,0.373776756,0.385896206,0.390039432,0.390039432,0.390039432,0.390039432,0.40339910850000005,0.390039432
71300090406,0.614027224,0.58557662,0.6227364200000001,0.6227364200000001,0.6227364200000001,0.6227364200000001,0.6252784809999999,0.6227364200000001
71300090407,0.468499336,0.466073858,0.493784503,0.493784503,0.493784503,0.493784503,0.5011433795,0.493784503
71300090408,0.179205272,0.17803281399999998,0.212015741,0.212015741,0.212015741,0.212015741,0.2201948875,0.212015741
71300090501,0.6387097,0.648799598,0.6710936395,0.6710936395,0.6710936395,0.6710936395,0.6844035345,0.6710936395
71300090502,0.509949472,0.5227378399999999,0.550581521,0.550581521,0.550581521,0.550581521,0.5673098915,0.550581521
71300090503,0.49758143,0.534791098,0.544797314,0.544797314,0.544797314,0.544797314,0.5641061265,0.544797314
71300090504,0.522436428,0.508809258,0.545799584,0.545799584,0.545799584,0.545799584,0.5576965345,0.545799584
71300090505,0.52851159,0.56324632,0.570482339,0.570482339,0.570482339,0.570482339,0.583450433,0.570482339
71300090506,0.424643206,0.484293738,0.47538598500000007,0.47538598500000007,0.47538598500000007,0.47538598500000007,0.500308239,0.47538598500000007
71300090507,0.587595952,0.53489187,0.5987704285000001,0.5987704285000001,0.5987704285000001,0.5987704285000001,0.6018539549999999,0.5987704285000001
71300090508,0.540076022,0.485316698,0.562029706,0.562029706,0.562029706,0.562029706,0.5575552115,0.562029706
71300090509,0.548441804,0.46742343999999997,0.5390870215,0.5390870215,0.5390870215,0.5390870215,0.5285353644999999,0.5390870215
71300090510,0.543878446,0.413307922,0.5095838825000001,0.5095838825000001,0.5095838825000001,0.5095838825000001,0.48630926150000003,0.5095838825000001
71300090511,0.308102318,0.26659365199999996,0.312277492,0.312277492,0.312277492,0.312277492,0.3111068805,0.312277492
71300090601,0.6093508599999999,0.5836284700000001,0.6342376974999999,0.6342376974999999,0.6342376974999999,0.6342376974999999,0.634326659,0.6342376974999999
71300090602,0.668554986,0.6589289700000001,0.6826558229999999,0.6826558229999999,0.6826558229999999,0.6826558229999999,0.688662181,0.6826558229999999
71300090603,0.718184938,0.7193547020000001,0.724970138,0.724970138,0.724970138,0.724970138,0.7321213,0.724970138
71300090604,0.602275792,0.5923364400000001,0.6079135775,0.6079135775,0.6079135775,0.6079135775,0.614401837,0.6079135775
71300090605,0.6334788579999999,0.675420484,0.62898869,0.62898869,0.62898869,0.62898869,0.6460811855,0.62898869
71300090606,0.593100506,0.6156545999999999,0.613162889,0.613162889,0.613162889,0.613162889,0.627212057,0.613162889
71300090607,0.443605716,0.399318754,0.435691728,0.435691728,0.435691728,0.435691728,0.43502030649999995,0.435691728
71300090701,0.295453042,0.395437924,0.366517225,0.366517225,0.366517225,0.366517225,0.392826634,0.366517225
71300090702,0.596903732,0.547520546,0.6010297849999999,0.6010297849999999,0.6010297849999999,0.6010297849999999,0.60529443,0.6010297849999999
71300090703,0.561267328,0.554193666,0.569751255,0.569751255,0.569751255,0.569751255,0.5813740495,0.569751255
71300090704,0.49267276200000004,0.42523014200000003,0.4925027195,0.4925027195,0.4925027195,0.4925027195,0.487280606,0.4925027195
71300090705,0.39036550999999997,0.357900634,0.3979250962,0.3979250962,0.3979250962,0.3979250962,0.39819205069999997,0.3979250962
71300090706,0.58064462,0.54914064,0.5852762505,0.5852762505,0.5852762505,0.5852762505,0.5856051405,0.5852762505
71300090707,0.654382484,0.650468222,0.6462943755,0.6462943755,0.6462943755,0.6462943755,0.6579583455,0.6462943755
71300090708,0.6080686820000001,0.6349586580000001,0.625222752,0.625222752,0.625222752,0.625222752,0.6435739619999999,0.625222752
71300090709,0.43076949000000003,0.40496447599999996,0.45204605649999996,0.45204605649999996,0.45204605649999996,0.45204605649999996,0.4574976885,0.45204605649999996
71300090710,0.6375056139999999,0.593082624,0.6331681535,0.6331681535,0.6331681535,0.6331681535,0.6300337540000001,0.6331681535
71300090801,0.391895734,0.33292687,0.3989333045,0.3989333045,0.3989333045,0.3989333045,0.39434983300000004,0.3989333045
71300090802,0.469175334,0.415468658,0.471490161,0.471490161,0.471490161,0.471490161,0.46789643649999996,0.471490161
71300090803,0.38327067600000003,0.332853976,0.3910690175,0.3910690175,0.3910690175,0.3910690175,0.3840536135,0.3910690175
71300090804,0.45206268200000005,0.428807296,0.4560372695,0.4560372695,0.4560372695,0.4560372695,0.45757226300000003,0.4560372695
71300090805,0.48373055000000004,0.433708702,0.48841627,0.48841627,0.48841627,0.48841627,0.4863075535,0.48841627
71300090806,0.248885344,0.19212859399999999,0.2589740475,0.2589740475,0.2589740475,0.2589740475,0.25001223775,0.2589740475
71300100101,0.25095242,0.255378376,0.27591351,0.27591351,0.27591351,0.27591351,0.283973741,0.27591351
71300100102,0.338157616,0.312909554,0.364187266,0.364187266,0.364187266,0.364187266,0.365743769,0.364187266
71300100103,0.267672136,0.276958442,0.3022870365,0.3022870365,0.3022870365,0.3022870365,0.309984766,0.3022870365
71300100104,0.1275540932,0.13828873000000003,0.1561667507,0.1561667507,0.1561667507,0.1561667507,0.16104142065,0.1561667507
71300100201,0.300165738,0.247007284,0.317218753,0.317218753,0.317218753,0.317218753,0.312299855,0.317218753
71300100202,0.25920823400000004,0.26208183799999996,0.295752248,0.295752248,0.295752248,0.295752248,0.3006836475,0.295752248
71300100203,0.253073008,0.2874997,0.279703231,0.279703231,0.279703231,0.279703231,0.2902759245,0.279703231
71300100204,0.2633067968,0.293510232,0.30618582019999996,0.30618582019999996,0.30618582019999996,0.30618582019999996,0.3162335777,0.30618582019999996
71300100205,0.26779284,0.28064731,0.2864241405,0.2864241405,0.2864241405,0.2864241405,0.291626386,0.2864241405
71300100206,0.330096654,0.367550994,0.35971178,0.35971178,0.35971178,0.35971178,0.373411144,0.35971178
71300100301,0.5358641559999999,0.5901388479999999,0.5606642315,0.5606642315,0.5606642315,0.5606642315,0.579645576,0.5606642315
71300100302,0.507075418,0.558921658,0.537520318,0.537520318,0.537520318,0.537520318,0.55632073,0.537520318
71300100303,0.565360834,0.633411454,0.5981947830000001,0.5981947830000001,0.5981947830000001,0.5981947830000001,0.6200720685000001,0.5981947830000001
71300100304,0.15530404999999997,0.16839238280000002,0.1712507751,0.1712507751,0.1712507751,0.1712507751,0.1787793351,0.1712507751
71300100305,0.100375536,0.12564851459999998,0.110232423,0.110232423,0.110232423,0.110232423,0.11967436199999999,0.110232423
71300100306,0.0573580704,0.054438188,0.0626404725,0.0626404725,0.0626404725,0.0626404725,0.06266458815,0.0626404725
71300100401,0.16667594400000002,0.20091404659999998,0.17949860025,0.17949860025,0.17949860025,0.17949860025,0.189879174,0.17949860025
71300100402,0.247097128,0.2878611728,0.2603701895,0.2603701895,0.2603701895,0.2603701895,0.273307054,0.2603701895
71300100501,0.286542912,0.340529458,0.314526926,0.314526926,0.314526926,0.314526926,0.334344462,0.314526926
71300100502,0.1075486932,0.128893961,0.12536897245,0.12536897245,0.12536897245,0.12536897245,0.13355487955,0.12536897245
71300100601,0.48314728999999995,0.600546854,0.5362711815,0.5362711815,0.5362711815,0.5362711815,0.5690528054999999,0.5362711815
71300100602,0.23633544,0.28535165399999995,0.2715265455,0.2715265455,0.2715265455,0.2715265455,0.2928447705,0.2715265455
71300100603,0.27831357199999995,0.297942096,0.296906612,0.296906612,0.296906612,0.296906612,0.3102332685,0.296906612
71300100701,0.193007806,0.18386201,0.21488609575,0.21488609575,0.21488609575,0.21488609575,0.21717691705000003,0.21488609575
71300100702,0.14096256199999999,0.16113086999999998,0.150522548,0.150522548,0.150522548,0.150522548,0.15659371975,0.150522548
71300100703,0.0566431206,0.0791390612,0.06582073395,0.06582073395,0.06582073395,0.06582073395,0.07278225229999999,0.06582073395
71300100704,0.093663198,0.0846491264,0.0935874273,0.0935874273,0.0935874273,0.0935874273,0.09478985214999999,0.0935874273
71300100801,0.22128583200000002,0.314626477,0.25929569680000003,0.25929569680000003,0.25929569680000003,0.25929569680000003,0.28433506055,0.25929569680000003
71300100802,0.13030232879999998,0.198732797,0.1529486728,0.1529486728,0.1529486728,0.1529486728,0.17115340815,0.1529486728
71300100901,0.243080732,0.282340968,0.26348133915,0.26348133915,0.26348133915,0.26348133915,0.27253479765,0.26348133915
71300100902,0.07456863899999999,0.102342008,0.07893081199999999,0.07893081199999999,0.07893081199999999,0.07893081199999999,0.08510253905000001,0.07893081199999999
71300101001,0.05692590039999999,0.0806852742,0.07038709205,0.07038709205,0.07038709205,0.07038709205,0.07671532825,0.07038709205
71300101002,0.0476680692,0.062790871,0.0506601219,0.0506601219,0.0506601219,0.0506601219,0.055052846600000004,0.0506601219
71300101003,0.0402362414,0.053507471200000004,0.043159731800000004,0.043159731800000004,0.043159731800000004,0.043159731800000004,0.04710062285,0.043159731800000004
71300101004,0.0261271358,0.0309812698,0.026473767949999998,0.026473767949999998,0.026473767949999998,0.026473767949999998,0.0278884232,0.026473767949999998
71300101101,0.072659136,0.0795405774,0.08075743205,0.08075743205,0.08075743205,0.08075743205,0.0829896973,0.08075743205
71300101102,0.0320107492,0.050343370799999995,0.0405339245,0.0405339245,0.0405339245,0.0405339245,0.0450877157,0.0405339245
71300101103,0.0588561266,0.07403025199999999,0.06912432175000001,0.06912432175000001,0.06912432175000001,0.06912432175000001,0.07359600525,0.06912432175000001
71300101201,0.0629898756,0.0783034808,0.07325154205,0.07325154205,0.07325154205,0.07325154205,0.0775758657,0.07325154205
71300101202,0.0485263122,0.06557153639999999,0.062464677950000005,0.062464677950000005,0.062464677950000005,0.062464677950000005,0.0671639589,0.062464677950000005
71300101203,0.028068814799999998,0.028807489399999997,0.02960272015,0.02960272015,0.02960272015,0.02960272015,0.030246590950000003,0.02960272015
71300101204,0.06317661919999999,0.0761909344,0.07397062825,0.07397062825,0.07397062825,0.07397062825,0.0781167748,0.07397062825
71300110101,0.346295944,0.36186833999999996,0.3770135525,0.3770135525,0.3770135525,0.3770135525,0.3885143265,0.3770135525
71300110102,0.284503449,0.29373172799999997,0.32896339750000003,0.32896339750000003,0.32896339750000003,0.32896339750000003,0.34084631325000003,0.32896339750000003
71300110103,0.24948004199999999,0.26288754999999997,0.2757258485,0.2757258485,0.2757258485,0.2757258485,0.293913019,0.2757258485
71300110104,0.329118552,0.396171766,0.37171946299999997,0.37171946299999997,0.37171946299999997,0.37171946299999997,0.396230654,0.37171946299999997
71300110105,0.225706786,0.248719046,0.25638969845,0.25638969845,0.25638969845,0.25638969845,0.26797164544999996,0.25638969845
71300110106,0.166814534,0.180764304,0.1909476192,0.1909476192,0.1909476192,0.1909476192,0.1972604218,0.1909476192
71300110201,0.19329818599999998,0.23965180519999998,0.24557067500000002,0.24557067500000002,0.24557067500000002,0.24557067500000002,0.25660608799999995,0.24557067500000002
71300110202,0.086200814,0.0814421656,0.09931371735,0.09931371735,0.09931371735,0.09931371735,0.09823289505,0.09931371735
71300110203,0.1274617246,0.149821892,0.1628661628,0.1628661628,0.1628661628,0.1628661628,0.16901951605,0.1628661628
71300110204,0.0391728662,0.0404220208,0.03641833295,0.03641833295,0.03641833295,0.03641833295,0.0372426322,0.03641833295
71300110205,0.0350074622,0.0375027162,0.04049865115,0.04049865115,0.04049865115,0.04049865115,0.041658302950000003,0.04049865115
71300110206,0.035816594,0.0383220538,0.0394421163,0.0394421163,0.0394421163,0.0394421163,0.040657039049999996,0.0394421163
71300110207,0.035310230799999995,0.0338132798,0.0406099755,0.0406099755,0.0406099755,0.0406099755,0.04047905615,0.0406099755
71300110208,0.104484893,0.10081712400000001,0.1328335655,0.1328335655,0.1328335655,0.1328335655,0.1343076908,0.1328335655
71300110209,0.0866104044,0.0873215364,0.11059341405,0.11059341405,0.11059341405,0.11059341405,0.11186127559999999,0.11059341405
71300110210,0.046095828,0.0496590808,0.054119032899999996,0.054119032899999996,0.054119032899999996,0.054119032899999996,0.0557353239,0.054119032899999996
71300110301,0.0658363596,0.0657154342,0.07123336525,0.07123336525,0.07123336525,0.07123336525,0.07417599335,0.07123336525
71300110302,0.1594389512,0.2150786268,0.19983886055,0.19983886055,0.19983886055,0.19983886055,0.21649451179999998,0.19983886055
71300110303,0.22386145200000002,0.213899933,0.23831567480000002,0.23831567480000002,0.23831567480000002,0.23831567480000002,0.2466236618,0.23831567480000002
71300110304,0.0212473716,0.019879475,0.0219287554,0.0219287554,0.0219287554,0.0219287554,0.02189070625,0.0219287554
71300110401,0.45641112,0.45102380000000003,0.4940822775,0.4940822775,0.4940822775,0.4940822775,0.502015997,0.4940822775
71300110402,0.39154819,0.36222119999999997,0.43078444950000006,0.43078444950000006,0.43078444950000006,0.43078444950000006,0.43388207850000005,0.43078444950000006
71300110403,0.231964578,0.259168126,0.25890514875,0.25890514875,0.25890514875,0.25890514875,0.27762805775,0.25890514875
71300110404,0.22666943879999998,0.20690311,0.2532641889,0.2532641889,0.2532641889,0.2532641889,0.25394881869999997,0.2532641889
71300110501,0.24453797100000002,0.2386688,0.27860667975,0.27860667975,0.27860667975,0.27860667975,0.28315186524999997,0.27860667975
71300110502,0.181832114,0.16955238,0.21305896845,0.21305896845,0.21305896845,0.21305896845,0.21458688320000002,0.21305896845
71300110503,0.16473836,0.148692591,0.1921903685,0.1921903685,0.1921903685,0.1921903685,0.1913633315,0.1921903685
71300110504,0.094364213,0.1060707874,0.1059414162,0.1059414162,0.1059414162,0.1059414162,0.11092309520000002,0.1059414162
71300110505,0.1846359752,0.19299528380000003,0.22173936580000003,0.22173936580000003,0.22173936580000003,0.22173936580000003,0.23008923879999998,0.22173936580000003
71300110601,0.1492028,0.147417212,0.165464497,0.165464497,0.165464497,0.165464497,0.16869273199999998,0.165464497
71300110602,0.22347011600000002,0.21189703999999998,0.22388931950000002,0.22388931950000002,0.22388931950000002,0.22388931950000002,0.22994758050000003,0.22388931950000002
71300110603,0.13192367600000002,0.113991731,0.13635854865,0.13635854865,0.13635854865,0.13635854865,0.13547109635000001,0.13635854865
71300110604,0.138582626,0.12089469020000002,0.15108475329999999,0.15108475329999999,0.15108475329999999,0.15108475329999999,0.15140643505,0.15108475329999999
71300110605,0.188092566,0.16100321,0.20708312145000002,0.20708312145000002,0.20708312145000002,0.20708312145000002,0.20877095625000003,0.20708312145000002
71300110606,0.097360296,0.0867822568,0.10583012405,0.10583012405,0.10583012405,0.10583012405,0.1047049184,0.10583012405
71300110607,0.08708917000000001,0.078912682,0.0940502555,0.0940502555,0.0940502555,0.0940502555,0.09410370005,0.0940502555
71300110701,0.127972702,0.10785103039999999,0.14487596645,0.14487596645,0.14487596645,0.14487596645,0.14138911235,0.14487596645
71300110702,0.16951047,0.1691658128,0.19578110475,0.19578110475,0.19578110475,0.19578110475,0.19860395749999998,0.19578110475
71300110703,0.10118376520000001,0.090187801,0.10881208369999999,0.10881208369999999,0.10881208369999999,0.10881208369999999,0.1076819161,0.10881208369999999
71300110704,0.029696068,0.031190916200000002,0.031858193550000004,0.031858193550000004,0.031858193550000004,0.031858193550000004,0.0328315547,0.031858193550000004
71300110801,0.0781842974,0.0600809138,0.09155746405000001,0.09155746405000001,0.09155746405000001,0.09155746405000001,0.08861793405,0.09155746405000001
71300110802,0.079450317,0.09330375799999999,0.10119680305,0.10119680305,0.10119680305,0.10119680305,0.10584831130000001,0.10119680305
71300110803,0.270353668,0.28141541800000003,0.3099696262,0.3099696262,0.3099696262,0.3099696262,0.3163783845,0.3099696262
71300110804,0.24979157000000002,0.22764869999999998,0.2762516505,0.2762516505,0.2762516505,0.2762516505,0.2759763082,0.2762516505
71300110805,0.1106614462,0.11595705139999998,0.1399430522,0.1399430522,0.1399430522,0.1399430522,0.1425595878,0.1399430522
71300110806,0.105986552,0.1023710546,0.118149239,0.118149239,0.118149239,0.118149239,0.119362934,0.118149239
71300110807,0.058772694599999994,0.0850148102,0.07404213105,0.07404213105,0.07404213105,0.07404213105,0.0820136889,0.07404213105
71300110808,0.245694204,0.31041463199999997,0.2697726162,0.2697726162,0.2697726162,0.2697726162,0.29297767220000004,0.2697726162
71300110809,0.0219612134,0.0270872618,0.024603881675,0.024603881675,0.024603881675,0.024603881675,0.026263791175000002,0.024603881675
71300110901,0.212675436,0.186474385,0.23036179505,0.23036179505,0.23036179505,0.23036179505,0.22618691155,0.23036179505
71300110902,0.0370557896,0.0277505484,0.03916908175,0.03916908175,0.03916908175,0.03916908175,0.03751461525,0.03916908175
71300110903,0.0143976914,0.009999337399999999,0.01282464958,0.01282464958,0.01282464958,0.01282464958,0.011853279805,0.01282464958
71300111001,0.10723016919999999,0.13888961179999998,0.12401075295,0.12401075295,0.12401075295,0.12401075295,0.13359343445,0.12401075295
71300111002,0.0095437779,0.00943507838,0.009963059345,0.009963059345,0.009963059345,0.009963059345,0.010051147005,0.009963059345
71300111003,0.0043165346399999995,0.00423493576,0.0045869815,0.0045869815,0.0045869815,0.0045869815,0.00461187339,0.0045869815
71300111004,0.021267683,0.021501415200000002,0.0236131256,0.0236131256,0.0236131256,0.0236131256,0.02394650435,0.0236131256
71300111005,0.037895208599999994,0.0392469706,0.0398949298,0.0398949298,0.0398949298,0.0398949298,0.040757819699999996,0.0398949298
71300111006,0.0052970034999999995,0.0048414019,0.005408008210000001,0.005408008210000001,0.005408008210000001,0.005408008210000001,0.005372109785000001,0.005408008210000001
71300120101,0.297886906,0.315358154,0.315250881,0.315250881,0.315250881,0.315250881,0.32429773100000003,0.315250881
71300120102,0.24454034,0.26177423600000005,0.27224629899999997,0.27224629899999997,0.27224629899999997,0.27224629899999997,0.2777634745,0.27224629899999997
71300120103,0.211587208,0.26042140599999997,0.2366512475,0.2366512475,0.2366512475,0.2366512475,0.249719956,0.2366512475
71300120104,0.228043646,0.256802564,0.25039451420000003,0.25039451420000003,0.25039451420000003,0.25039451420000003,0.2600893272,0.25039451420000003
71300120105,0.122024752,0.1260661128,0.12939275475,0.12939275475,0.12939275475,0.12939275475,0.1333612036,0.12939275475
71300120106,0.0694683794,0.0734324696,0.0778936345,0.0778936345,0.0778936345,0.0778936345,0.08079669005,0.0778936345
71300120107,0.152699264,0.186218312,0.1720500395,0.1720500395,0.1720500395,0.1720500395,0.182561103,0.1720500395
71300120108,0.0928340988,0.0894308402,0.09394024185,0.09394024185,0.09394024185,0.09394024185,0.094582387,0.09394024185
71300120109,0.089220894,0.091673244,0.094731287,0.094731287,0.094731287,0.094731287,0.09693556075000001,0.094731287
71300120201,0.092446399,0.1225186372,0.11155280305,0.11155280305,0.11155280305,0.11155280305,0.1192213081,0.11155280305
71300120202,0.153100132,0.1747209668,0.1690201367,0.1690201367,0.1690201367,0.1690201367,0.1750339409,0.1690201367
71300120203,0.1060516708,0.1289057092,0.11895962715,0.11895962715,0.11895962715,0.11895962715,0.1256881852,0.11895962715
71300120204,0.0920970354,0.10447410399999998,0.10913424995000001,0.10913424995000001,0.10913424995000001,0.10913424995000001,0.11339489254999999,0.10913424995000001
71300120205,0.06902463140000001,0.0807479368,0.0789408505,0.0789408505,0.0789408505,0.0789408505,0.0834121835,0.0789408505
71300120206,0.10972652199999999,0.12909218,0.12537962949999998,0.12537962949999998,0.12537962949999998,0.12537962949999998,0.1327832528,0.12537962949999998
71300120207,0.1067098216,0.10578261,0.11891117765,0.11891117765,0.11891117765,0.11891117765,0.12079424409999999,0.11891117765
71300120301,0.151849016,0.164426888,0.17522961669999998,0.17522961669999998,0.17522961669999998,0.17522961669999998,0.18103498675000002,0.17522961669999998
71300120302,0.20409413719999997,0.207089248,0.2272730718,0.2272730718,0.2272730718,0.2272730718,0.2307279688,0.2272730718
71300120401,0.11643736900000001,0.1284020864,0.1266617997,0.1266617997,0.1266617997,0.1266617997,0.13121532924999998,0.1266617997
71300120402,0.0664042834,0.04889560280000001,0.06315129,0.06315129,0.06315129,0.06315129,0.0596961262,0.06315129
71300120403,0.09134711599999999,0.089140286,0.09760474925,0.09760474925,0.09760474925,0.09760474925,0.09803793325,0.09760474925
71300120404,0.268425108,0.274128208,0.2934217525,0.2934217525,0.2934217525,0.2934217525,0.2943936625,0.2934217525
71300120501,0.343667046,0.40737091200000003,0.3804482,0.3804482,0.3804482,0.3804482,0.397327905,0.3804482
71300120502,0.343363806,0.328118756,0.373025604,0.373025604,0.373025604,0.373025604,0.37092682,0.373025604
71300120601,0.16782666200000002,0.175810987,0.193952195,0.193952195,0.193952195,0.193952195,0.1979764451,0.193952195
71300120602,0.160106342,0.15115682,0.1670392383,0.1670392383,0.1670392383,0.1670392383,0.16723878355,0.1670392383
71300120603,0.0504986968,0.051264857799999994,0.0580951074,0.0580951074,0.0580951074,0.0580951074,0.059270670000000004,0.0580951074
71300120604,0.0553968024,0.05678662059999999,0.06528142695,0.06528142695,0.06528142695,0.06528142695,0.06695791245,0.06528142695
71401010101,0.1584266698,0.138344303,0.15449638275,0.15449638275,0.15449638275,0.15449638275,0.15007332395,0.15449638275
71401010102,0.048314069,0.05388269180000001,0.0524054826,0.0524054826,0.0524054826,0.0524054826,0.05458009425,0.0524054826
71401010201,0.0928248998,0.0876580146,0.09529548935000001,0.09529548935000001,0.09529548935000001,0.09529548935000001,0.09568314330000001,0.09529548935000001
71401010202,0.0355214062,0.0437608496,0.042275358299999996,0.042275358299999996,0.042275358299999996,0.042275358299999996,0.0444705674,0.042275358299999996
71401010203,0.105626408,0.157805842,0.12807880575,0.12807880575,0.12807880575,0.12807880575,0.14054038975,0.12807880575
71401010204,0.0750278898,0.0932104486,0.0819029614,0.0819029614,0.0819029614,0.0819029614,0.0869078053,0.0819029614
71401010205,0.0663467038,0.084908571,0.07607228,0.07607228,0.07607228,0.07607228,0.08028466655000001,0.07607228
71401010206,0.18173036,0.203915122,0.19024457795,0.19024457795,0.19024457795,0.19024457795,0.19687061795,0.19024457795
71401010207,0.060237010800000004,0.063417074,0.0615381557,0.0615381557,0.0615381557,0.0615381557,0.062101590250000005,0.0615381557
71401010301,0.0625400826,0.116710183,0.07854400730000001,0.07854400730000001,0.07854400730000001,0.07854400730000001,0.09190387585000001,0.07854400730000001
71401010302,0.057710430800000004,0.1201309086,0.06874447295,0.06874447295,0.06874447295,0.06874447295,0.0849525867,0.06874447295
71401010303,0.030278993999999997,0.037706466,0.03549197515,0.03549197515,0.03549197515,0.03549197515,0.0376297131,0.03549197515
71401010401,0.0780255018,0.083362345,0.0756823117,0.0756823117,0.0756823117,0.0756823117,0.07802160295,0.0756823117
71401010402,0.0584920298,0.0750636832,0.06273874765000001,0.06273874765000001,0.06273874765000001,0.06273874765000001,0.0673429547,0.06273874765000001
71401010403,0.0909940466,0.1097839172,0.095359836,0.095359836,0.095359836,0.095359836,0.1014022314,0.095359836
71401010501,0.05144972960000001,0.0789834452,0.0619248766,0.0619248766,0.0619248766,0.0619248766,0.0706702967,0.0619248766
71401010502,0.0270551494,0.0346616474,0.0291886914,0.0291886914,0.0291886914,0.0291886914,0.03151848635,0.0291886914
71401010503,0.0460182702,0.07782956760000001,0.05652523375,0.05652523375,0.05652523375,0.05652523375,0.0655330821,0.05652523375
71401010504,0.16881273400000002,0.1894225092,0.1739534882,0.1739534882,0.1739534882,0.1739534882,0.1811249867,0.1739534882
71401010505,0.1599642008,0.199183724,0.1685072884,0.1685072884,0.1685072884,0.1685072884,0.1803223162,0.1685072884
71401010506,0.176115768,0.220880778,0.18643381575,0.18643381575,0.18643381575,0.18643381575,0.19975022855,0.18643381575
71401010507,0.0663007556,0.0921196342,0.0736394188,0.0736394188,0.0736394188,0.0736394188,0.081587183,0.0736394188
71401010601,0.013334448399999999,0.0155001334,0.01440317435,0.01440317435,0.01440317435,0.01440317435,0.015186467200000001,0.01440317435
71401010602,0.010202283199999999,0.01193792766,0.010897871234999999,0.010897871234999999,0.010897871234999999,0.010897871234999999,0.011503708985,0.010897871234999999
71401010603,0.023964096,0.0264496962,0.025308878675,0.025308878675,0.025308878675,0.025308878675,0.026333652725,0.025308878675
71401010701,0.11368814000000001,0.15527996100000002,0.1093050405,0.1093050405,0.1093050405,0.1093050405,0.1241017458,0.1093050405
71401010702,0.0312075718,0.05482327,0.04307242605,0.04307242605,0.04307242605,0.04307242605,0.0502061285,0.04307242605
71401010703,0.0816070848,0.11166400680000002,0.09674842154999999,0.09674842154999999,0.09674842154999999,0.09674842154999999,0.10702911835,0.09674842154999999
71401010801,0.0105142079,0.0124222686,0.011211129125,0.011211129125,0.011211129125,0.011211129125,0.01187466435,0.011211129125
71401010802,0.009410863,0.0113059972,0.010103575605000002,0.010103575605000002,0.010103575605000002,0.010103575605000002,0.01075568883,0.010103575605000002
71401010803,0.013892822800000001,0.0166087618,0.014856278550000001,0.014856278550000001,0.014856278550000001,0.014856278550000001,0.015824600850000002,0.014856278550000001
71401010804,0.0121122538,0.0150589586,0.013163321784999998,0.013163321784999998,0.013163321784999998,0.013163321784999998,0.014123922335,0.013163321784999998
71401010805,0.00558399324,0.00637438116,0.005954810905,0.005954810905,0.005954810905,0.005954810905,0.006254149515,0.005954810905
71401010806,0.0106099942,0.012811373300000001,0.011413880769999999,0.011413880769999999,0.011413880769999999,0.011413880769999999,0.01216703307,0.011413880769999999
71401010807,0.008722811899999999,0.010275875200000001,0.009370016275,0.009370016275,0.009370016275,0.009370016275,0.00990103615,0.009370016275
71401010901,0.028241331,0.042410707400000004,0.03244679985,0.03244679985,0.03244679985,0.03244679985,0.036920670350000004,0.03244679985
71401010902,0.0190828462,0.0277803446,0.02316278135,0.02316278135,0.02316278135,0.02316278135,0.02594817435,0.02316278135
71401010903,0.00582665702,0.00726334126,0.0064389145549999995,0.0064389145549999995,0.0064389145549999995,0.0064389145549999995,0.006899849164999999,0.0064389145549999995
71401010904,0.009829318200000001,0.012128424,0.011202006415,0.011202006415,0.011202006415,0.011202006415,0.011957511464999999,0.011202006415
71401010905,0.005182737299999999,0.00585503662,0.00550221092,0.00550221092,0.00550221092,0.00550221092,0.005738402995,0.00550221092
71401010906,0.00789978914,0.00926081066,0.009284717000000001,0.009284717000000001,0.009284717000000001,0.009284717000000001,0.009752800165,0.009284717000000001
71401010907,0.0080417852,0.0095707861,0.00879846638,0.00879846638,0.00879846638,0.00879846638,0.009289206155,0.00879846638
71401010908,0.009751686,0.012540508680000001,0.0116653199,0.0116653199,0.0116653199,0.0116653199,0.0124814056,0.0116653199
71401010909,0.0192058024,0.0221099992,0.021845535399999998,0.021845535399999998,0.021845535399999998,0.021845535399999998,0.02293248375,0.021845535399999998
71401010910,0.0193901154,0.0291229964,0.0240186412,0.0240186412,0.0240186412,0.0240186412,0.026577764349999998,0.0240186412
71401020101,0.018141432199999998,0.022219123200000003,0.0205901366,0.0205901366,0.0205901366,0.0205901366,0.021422555000000003,0.0205901366
71401020102,0.0226597938,0.0314535738,0.02675109845,0.02675109845,0.02675109845,0.02675109845,0.02867520085,0.02675109845
71401020103,0.023039744600000002,0.0306069408,0.0264884919,0.0264884919,0.0264884919,0.0264884919,0.0280673606,0.0264884919
71401020104,0.0208074078,0.026229032399999998,0.02357210155,0.02357210155,0.02357210155,0.02357210155,0.024684951099999998,0.02357210155
71401020105,0.019316975,0.022052144000000003,0.021026974400000002,0.021026974400000002,0.021026974400000002,0.021026974400000002,0.02171789235,0.021026974400000002
71401020106,0.018003831,0.019375272399999997,0.0193037445,0.0193037445,0.0193037445,0.0193037445,0.0197746319,0.0193037445
71401020107,0.0151999887,0.0171068338,0.01633212485,0.01633212485,0.01633212485,0.01633212485,0.016865956775000003,0.01633212485
71401020108,0.033443888399999996,0.0373854914,0.038063922449999996,0.038063922449999996,0.038063922449999996,0.038063922449999996,0.0393886049,0.038063922449999996
71401020109,0.0127113536,0.0140195968,0.013632371774999999,0.013632371774999999,0.013632371774999999,0.013632371774999999,0.014083366225,0.013632371774999999
71401020201,0.0075087886800000005,0.00900042904,0.00814669881,0.00814669881,0.00814669881,0.00814669881,0.008588026145,0.00814669881
71401020202,0.0181697624,0.023405466399999998,0.019927851599999998,0.019927851599999998,0.019927851599999998,0.019927851599999998,0.0211169013,0.019927851599999998
71401020203,0.00805923048,0.0095365802,0.00861697208,0.00861697208,0.00861697208,0.00861697208,0.00901750734,0.00861697208
71401020204,0.00716809814,0.00874834736,0.007811574985,0.007811574985,0.007811574985,0.007811574985,0.008211199125,0.007811574985
71401020205,0.0056665254,0.006893111259999999,0.00626620292,0.00626620292,0.00626620292,0.00626620292,0.00660984377,0.00626620292
71401020206,0.00747139856,0.0090652928,0.00811263619,0.00811263619,0.00811263619,0.00811263619,0.0085716851,0.00811263619
71401020207,0.0078876517,0.0091669762,0.00854538104,0.00854538104,0.00854538104,0.00854538104,0.008906078565,0.00854538104
71401020208,0.009110162500000001,0.010156421799999999,0.009753939100000001,0.009753939100000001,0.009753939100000001,0.009753939100000001,0.010065139425,0.009753939100000001
71401020209,0.009931559,0.0111175685,0.010664714275,0.010664714275,0.010664714275,0.010664714275,0.011044438925,0.010664714275
71401020301,0.00411086596,0.00467979684,0.004367793625,0.004367793625,0.004367793625,0.004367793625,0.004585287045,0.004367793625
71401020302,0.00417476918,0.00470307882,0.00437599514,0.00437599514,0.00437599514,0.00437599514,0.00457591184,0.00437599514
71401020303,0.0042103004,0.004754428220000001,0.00444157814,0.00444157814,0.00444157814,0.00444157814,0.004659178175,0.00444157814
71401020304,0.0052501653999999995,0.00601952632,0.005509758035,0.005509758035,0.005509758035,0.005509758035,0.00579243631,0.005509758035
71401020305,0.005378485739999999,0.0062918340000000005,0.00560390845,0.00560390845,0.00560390845,0.00560390845,0.005874729815,0.00560390845
71401020401,0.00628446788,0.007637891900000001,0.006800158820000001,0.006800158820000001,0.006800158820000001,0.006800158820000001,0.00722147908,0.006800158820000001
71401020402,0.00503947068,0.0059141370999999995,0.00534970643,0.00534970643,0.00534970643,0.00534970643,0.005636564974999999,0.00534970643
71401020403,0.0051068840999999995,0.00615992706,0.0054232754549999995,0.0054232754549999995,0.0054232754549999995,0.0054232754549999995,0.00576641724,0.0054232754549999995
71401020404,0.005047260600000001,0.00605777152,0.0053121675,0.0053121675,0.0053121675,0.0053121675,0.005638293495,0.0053121675
71401020405,0.0084944281,0.0102746451,0.008934726649999999,0.008934726649999999,0.008934726649999999,0.008934726649999999,0.009501603374999999,0.008934726649999999
71401020406,0.014164034,0.018682782000000002,0.01543253175,0.01543253175,0.01543253175,0.01543253175,0.0166947279,0.01543253175
71401020407,0.0081594186,0.00983784914,0.008710221365,0.008710221365,0.008710221365,0.008710221365,0.009222794395000001,0.008710221365
71401020408,0.00784727224,0.0094896992,0.00833476268,0.00833476268,0.00833476268,0.00833476268,0.00881254117,0.00833476268
71401020501,0.0200136544,0.0258480284,0.022505321949999997,0.022505321949999997,0.022505321949999997,0.022505321949999997,0.024138329450000003,0.022505321949999997
71401020502,0.0099441564,0.0113351583,0.0105918921,0.0105918921,0.0105918921,0.0105918921,0.0110359521,0.0105918921
71401020503,0.00881446252,0.010467276860000001,0.00941436274,0.00941436274,0.00941436274,0.00941436274,0.00989497401,0.00941436274
71401020601,0.004712289079999999,0.00551399444,0.00493366014,0.00493366014,0.00493366014,0.00493366014,0.005203193165,0.00493366014
71401020602,0.00476498308,0.00560138622,0.00504749496,0.00504749496,0.00504749496,0.00504749496,0.00531200201,0.00504749496
71401020603,0.00578107292,0.00663067846,0.00609837514,0.00609837514,0.00609837514,0.00609837514,0.00638717642,0.00609837514
71401020604,0.0057785029,0.006998280899999999,0.006221822645000001,0.006221822645000001,0.006221822645000001,0.006221822645000001,0.006563115405,0.006221822645000001
71401020701,0.00506694884,0.00598187642,0.005320508575,0.005320508575,0.005320508575,0.005320508575,0.0055971811449999995,0.005320508575
71401020702,0.00781589154,0.009352535419999999,0.008365418820000001,0.008365418820000001,0.008365418820000001,0.008365418820000001,0.00880286156,0.008365418820000001
71401020703,0.00692942634,0.00842307154,0.0074175076950000005,0.0074175076950000005,0.0074175076950000005,0.0074175076950000005,0.007849612235000001,0.0074175076950000005
71401020704,0.00579104054,0.00704019996,0.00627621285,0.00627621285,0.00627621285,0.00627621285,0.006613321725,0.00627621285
71401020705,0.0110145398,0.0134431582,0.011880391835,0.011880391835,0.011880391835,0.011880391835,0.012513059560000001,0.011880391835
71401020801,0.0156261632,0.0172899933,0.016361339199999998,0.016361339199999998,0.016361339199999998,0.016361339199999998,0.01689594565,0.016361339199999998
71401020802,0.010922723,0.0125431252,0.01152972908,0.01152972908,0.01152972908,0.01152972908,0.01195599138,0.01152972908
71401020803,0.008737142600000001,0.00979150648,0.00918048209,0.00918048209,0.00918048209,0.00918048209,0.00945343145,0.00918048209
71401020901,0.010850554,0.011717678300000001,0.011379252165000001,0.011379252165000001,0.011379252165000001,0.011379252165000001,0.011677606515,0.011379252165000001
71401020902,0.0118696917,0.0131414286,0.013413688674999999,0.013413688674999999,0.013413688674999999,0.013413688674999999,0.013863305349999999,0.013413688674999999
71401020903,0.01158889054,0.01484802674,0.01624680197,0.01624680197,0.01624680197,0.01624680197,0.01729110851,0.01624680197
71401021001,0.0140063169,0.01104757348,0.01419572969,0.01419572969,0.01419572969,0.01419572969,0.013642001640000002,0.01419572969
71401021002,0.052854736,0.0662087824,0.0555784838,0.0555784838,0.0555784838,0.0555784838,0.05957857295,0.0555784838
71401021003,0.0236101516,0.0285128594,0.025576176200000002,0.025576176200000002,0.025576176200000002,0.025576176200000002,0.02714984115,0.025576176200000002
71401021004,0.0326598946,0.0448050262,0.0381811752,0.0381811752,0.0381811752,0.0381811752,0.0417001553,0.0381811752
71401030101,0.022642647199999998,0.0254514232,0.024321461375,0.024321461375,0.024321461375,0.024321461375,0.025382018175,0.024321461375
71401030102,0.0152271713,0.018309065399999998,0.015976757675,0.015976757675,0.015976757675,0.015976757675,0.016972590225,0.015976757675
71401030201,0.026816157,0.0292530254,0.029030186000000003,0.029030186000000003,0.029030186000000003,0.029030186000000003,0.029939976099999998,0.029030186000000003
71401030202,0.021600813400000002,0.023898188600000002,0.02342172175,0.02342172175,0.02342172175,0.02342172175,0.0242769353,0.02342172175
71401030203,0.0150038004,0.016462977400000002,0.015760394599999998,0.015760394599999998,0.015760394599999998,0.015760394599999998,0.01629583125,0.015760394599999998
71401030204,0.017417571200000002,0.0193426286,0.0182821547,0.0182821547,0.0182821547,0.0182821547,0.018949473,0.0182821547
71401030205,0.0225107216,0.0262880214,0.02399945285,0.02399945285,0.02399945285,0.02399945285,0.025137065400000002,0.02399945285
71401030206,0.013904493100000002,0.015310748600000002,0.014488482925,0.014488482925,0.014488482925,0.014488482925,0.014967975225,0.014488482925
71401030207,0.0178386576,0.0198021596,0.018677179199999998,0.018677179199999998,0.018677179199999998,0.018677179199999998,0.0193422912,0.018677179199999998
71401030301,0.020313102,0.0238774076,0.0217182501,0.0217182501,0.0217182501,0.0217182501,0.02276441635,0.0217182501
71401030302,0.013800465000000001,0.014941770000000002,0.014463191275,0.014463191275,0.014463191275,0.014463191275,0.01490060475,0.014463191275
71401030303,0.0188280132,0.034656545999999996,0.0199725995,0.0199725995,0.0199725995,0.0199725995,0.024138308650000002,0.0199725995
71401030304,0.011037582,0.011924045599999999,0.01173560835,0.01173560835,0.01173560835,0.01173560835,0.012098180775,0.01173560835
71401030305,0.0273199758,0.0330340254,0.030355982999999996,0.030355982999999996,0.030355982999999996,0.030355982999999996,0.03194539885,0.030355982999999996
71401030306,0.0170609482,0.0186738186,0.0179316853,0.0179316853,0.0179316853,0.0179316853,0.01856188805,0.0179316853
71401030401,0.015463374399999999,0.017384069199999998,0.016537809025,0.016537809025,0.016537809025,0.016537809025,0.017185028825,0.016537809025
71401030402,0.015681284099999998,0.0186625232,0.0169983574,0.0169983574,0.0169983574,0.0169983574,0.0178577771,0.0169983574
71401030403,0.012114475199999999,0.0136528892,0.012945828705,0.012945828705,0.012945828705,0.012945828705,0.01344150278,0.012945828705
71401030404,0.011587122,0.0140819278,0.012655252524999999,0.012655252524999999,0.012655252524999999,0.012655252524999999,0.013209472024999998,0.012655252524999999
71401030405,0.0189609368,0.023578667600000002,0.020731716650000002,0.020731716650000002,0.020731716650000002,0.020731716650000002,0.0216861721,0.020731716650000002
71401040101,0.00685470034,0.0077136496,0.007188830685,0.007188830685,0.007188830685,0.007188830685,0.007539679865,0.007188830685
71401040102,0.013616342600000001,0.0155351186,0.01403762045,0.01403762045,0.01403762045,0.01403762045,0.01477442675,0.01403762045
71401040103,0.011809042799999999,0.0136090364,0.012372259985,0.012372259985,0.012372259985,0.012372259985,0.013065036685,0.012372259985
71401040104,0.008528694020000002,0.01003972692,0.00897231142,0.00897231142,0.00897231142,0.00897231142,0.009547743165,0.00897231142
71401040105,0.0084027289,0.0098239498,0.00901009155,0.00901009155,0.00901009155,0.00901009155,0.009581300800000001,0.00901009155
71401040106,0.0089691022,0.01112007928,0.009703237525,0.009703237525,0.009703237525,0.009703237525,0.01045795695,0.009703237525
71401040107,0.0077995864,0.0101419853,0.00857437929,0.00857437929,0.00857437929,0.00857437929,0.00935707609,0.00857437929
71401040108,0.016378915799999998,0.0189385834,0.0172419379,0.0172419379,0.0172419379,0.0172419379,0.01822359585,0.0172419379
71401040109,0.023643622800000003,0.0278856206,0.02533317325,0.02533317325,0.02533317325,0.02533317325,0.026886362000000004,0.02533317325
71401040110,0.0196821644,0.0233573426,0.02124415205,0.02124415205,0.02124415205,0.02124415205,0.022543304349999998,0.02124415205
71401040111,0.010050986100000001,0.0118067269,0.010816654325,0.010816654325,0.010816654325,0.010816654325,0.011454583175,0.010816654325
71401040201,0.0070038698199999996,0.008258658739999999,0.007469898375000001,0.007469898375000001,0.007469898375000001,0.007469898375000001,0.007965280925,0.007469898375000001
71401040202,0.00573245634,0.00665867052,0.006174380795,0.006174380795,0.006174380795,0.006174380795,0.0065599821350000006,0.006174380795
71401040203,0.0064412229799999995,0.007387375339999999,0.00678087163,0.00678087163,0.00678087163,0.00678087163,0.007150214885000001,0.00678087163
71401040204,0.00396018758,0.00453514568,0.0041726194049999995,0.0041726194049999995,0.0041726194049999995,0.0041726194049999995,0.004391666775,0.0041726194049999995
71401040205,0.00477615208,0.00571365212,0.00509904167,0.00509904167,0.00509904167,0.00509904167,0.0054439442250000004,0.00509904167
71401040206,0.0037529513800000002,0.00435960472,0.00396004871,0.00396004871,0.00396004871,0.00396004871,0.00418381147,0.00396004871
71401040301,0.00488925676,0.00596623336,0.00524390353,0.00524390353,0.00524390353,0.00524390353,0.005637830315,0.00524390353
71401040302,0.0064381071400000005,0.007582869139999999,0.006889691185,0.006889691185,0.006889691185,0.006889691185,0.007312113915,0.006889691185
71401040303,0.00663586652,0.007955571120000001,0.007074291250000001,0.007074291250000001,0.007074291250000001,0.007074291250000001,0.007530105975,0.007074291250000001
71401040401,0.0057373329,0.00693697412,0.006022996105,0.006022996105,0.006022996105,0.006022996105,0.006421693420000001,0.006022996105
71401040402,0.010538577,0.012667585700000001,0.01103480707,0.01103480707,0.01103480707,0.01103480707,0.011767852245,0.01103480707
71401040403,0.006797087039999999,0.00785715566,0.007104645785,0.007104645785,0.007104645785,0.007104645785,0.00747309476,0.007104645785
71401040404,0.0117811286,0.013914568399999999,0.01254245535,0.01254245535,0.01254245535,0.01254245535,0.013287151775,0.01254245535
71401040405,0.00959809,0.010283618659999999,0.009877749995,0.009877749995,0.009877749995,0.009877749995,0.01023497417,0.009877749995
71401040406,0.008591738540000001,0.0097106262,0.009028170735,0.009028170735,0.009028170735,0.009028170735,0.00944248949,0.009028170735
71401040407,0.0122341254,0.0192818664,0.014082103500000002,0.014082103500000002,0.014082103500000002,0.014082103500000002,0.016078729575,0.014082103500000002
71401050101,0.1155569684,0.155861673,0.13822099635,0.13822099635,0.13822099635,0.13822099635,0.14813106585,0.13822099635
71401050102,0.00578788352,0.00688493104,0.00618510907,0.00618510907,0.00618510907,0.00618510907,0.006554935454999999,0.00618510907
71401050103,0.0046665487,0.00545781698,0.0049668478,0.0049668478,0.0049668478,0.0049668478,0.00523745178,0.0049668478
71401050104,0.010412966899999999,0.013805135200000002,0.011388780465,0.011388780465,0.011388780465,0.011388780465,0.01231028719,0.011388780465
71401050105,0.008781605100000001,0.0103978764,0.009692696595,0.009692696595,0.009692696595,0.009692696595,0.010152039094999999,0.009692696595
71401050106,0.016708318399999998,0.0207176478,0.018126785325,0.018126785325,0.018126785325,0.018126785325,0.019354728874999998,0.018126785325
71401050107,0.00524206602,0.00617537512,0.005589026455,0.005589026455,0.005589026455,0.005589026455,0.00591192177,0.005589026455
71401050108,0.00363611218,0.00445542438,0.003932795615,0.003932795615,0.003932795615,0.003932795615,0.00417960304,0.003932795615
71401050109,0.00968835656,0.0181783542,0.012638724725,0.012638724725,0.012638724725,0.012638724725,0.014846164225,0.012638724725
71401050110,0.0050550972799999995,0.00603718466,0.005526032285,0.005526032285,0.005526032285,0.005526032285,0.005815341260000001,0.005526032285
71401050111,0.00487492162,0.0059458677,0.00530794866,0.00530794866,0.00530794866,0.00530794866,0.00562238476,0.00530794866
71401050112,0.00916401052,0.0111708521,0.010030183475,0.010030183475,0.010030183475,0.010030183475,0.01060345057,0.010030183475
71401050113,0.0127559644,0.02052211,0.017179813199999998,0.017179813199999998,0.017179813199999998,0.017179813199999998,0.0192844634,0.017179813199999998
71401050114,0.0208818468,0.0298835084,0.024775943550000002,0.024775943550000002,0.024775943550000002,0.024775943550000002,0.02719994375,0.024775943550000002
71401050201,0.0965195686,0.11526125920000001,0.1170708452,0.1170708452,0.1170708452,0.1170708452,0.12491929794999998,0.1170708452
71401050202,0.0474317888,0.0725685616,0.058377366900000005,0.058377366900000005,0.058377366900000005,0.058377366900000005,0.0655686559,0.058377366900000005
71401050203,0.127652344,0.184970678,0.13428615355,0.13428615355,0.13428615355,0.13428615355,0.15245083085,0.13428615355
71401050204,0.025875612799999996,0.0273944592,0.02767657715,0.02767657715,0.02767657715,0.02767657715,0.028226146400000002,0.02767657715
71401050205,0.0199720576,0.0429292346,0.029215989850000002,0.029215989850000002,0.029215989850000002,0.029215989850000002,0.0354827759,0.029215989850000002
71401050206,0.0245238266,0.019017882399999998,0.026903488375,0.026903488375,0.026903488375,0.026903488375,0.02564296855,0.026903488375
71401050301,0.0740931392,0.10900558600000002,0.0934976124,0.0934976124,0.0934976124,0.0934976124,0.1041033375,0.0934976124
71401050302,0.037718928400000004,0.0680123064,0.05716672145,0.05716672145,0.05716672145,0.05716672145,0.0661222941,0.05716672145
71401050303,0.19803600799999999,0.252434552,0.23205419324999998,0.23205419324999998,0.23205419324999998,0.23205419324999998,0.25086974975,0.23205419324999998
71401050304,0.020195465000000003,0.022116966199999998,0.021739330575,0.021739330575,0.021739330575,0.021739330575,0.02251748615,0.021739330575
71401050305,0.035591487399999996,0.0355638306,0.0370299343,0.0370299343,0.0370299343,0.0370299343,0.037470594,0.0370299343
71401050306,0.0091562301,0.010507346800000001,0.009723843275000001,0.009723843275000001,0.009723843275000001,0.009723843275000001,0.010103951675,0.009723843275000001
71401050307,0.0095474433,0.011058847,0.01018908118,0.01018908118,0.01018908118,0.01018908118,0.010619871815,0.01018908118
71401050308,0.022158205,0.0380517178,0.02712911455,0.02712911455,0.02712911455,0.02712911455,0.0317382537,0.02712911455
71401050309,0.025653158400000004,0.029086732999999997,0.0291871985,0.0291871985,0.0291871985,0.0291871985,0.03016490545,0.0291871985
71401050310,0.012289208880000001,0.009846679680000001,0.010983101465,0.010983101465,0.010983101465,0.010983101465,0.010432433715,0.010983101465
71401050401,0.03274976,0.0399348922,0.03711173545,0.03711173545,0.03711173545,0.03711173545,0.03939865625,0.03711173545
71401050402,0.0733988266,0.06693865460000001,0.08193904625000001,0.08193904625000001,0.08193904625000001,0.08193904625000001,0.08210437025,0.08193904625000001
71401050403,0.06765101520000001,0.13929112859999998,0.0809983901,0.0809983901,0.0809983901,0.0809983901,0.10026382780000001,0.0809983901
71401050404,0.018576895,0.0204807826,0.01929308285,0.01929308285,0.01929308285,0.01929308285,0.020123729200000003,0.01929308285
71401050405,0.00565108374,0.00651862408,0.0059636093850000006,0.0059636093850000006,0.0059636093850000006,0.0059636093850000006,0.006222076525,0.0059636093850000006
71401050501,0.0126024912,0.014313030999999999,0.013148168025,0.013148168025,0.013148168025,0.013148168025,0.013726910175,0.013148168025
71401050502,0.01089377748,0.010704935799999999,0.011028533255,0.011028533255,0.011028533255,0.011028533255,0.011108110895,0.011028533255
71401050503,0.0479448086,0.0730426614,0.05445528175000001,0.05445528175000001,0.05445528175000001,0.05445528175000001,0.0620533734,0.05445528175000001
71401050601,0.00544976048,0.0061410246,0.00568768168,0.00568768168,0.00568768168,0.00568768168,0.005930011735,0.00568768168
71401050602,0.0177335346,0.0191723679,0.0167609046,0.0167609046,0.0167609046,0.0167609046,0.017298615325,0.0167609046
71401050603,0.00740577454,0.0086165629,0.0077486623850000005,0.0077486623850000005,0.0077486623850000005,0.0077486623850000005,0.008170977999999999,0.0077486623850000005
71401050701,0.0163186926,0.022383799599999997,0.019131874575,0.019131874575,0.019131874575,0.019131874575,0.0207724185,0.019131874575
71401050702,0.01214646528,0.012623305680000002,0.01219321214,0.01219321214,0.01219321214,0.01219321214,0.012462003065,0.01219321214
71401050703,0.00806785432,0.00901767392,0.008568445745,0.008568445745,0.008568445745,0.008568445745,0.008962660915,0.008568445745
71401050704,0.0116910714,0.0105370595,0.0114471932,0.0114471932,0.0114471932,0.0114471932,0.01132051805,0.0114471932
71401050801,0.010966011500000001,0.01205219976,0.011561725195,0.011561725195,0.011561725195,0.011561725195,0.01208949557,0.011561725195
71401050802,0.025066342600000003,0.0248083954,0.026229693775,0.026229693775,0.026229693775,0.026229693775,0.026387959475,0.026229693775
71401050803,0.0562384874,0.0519818594,0.05729230615000001,0.05729230615000001,0.05729230615000001,0.05729230615000001,0.058927015049999996,0.05729230615000001
71401050804,0.0326359632,0.0390965874,0.03617811425,0.03617811425,0.03617811425,0.03617811425,0.0374486962,0.03617811425
71401060101,0.0236073006,0.026767477,0.027154164200000004,0.027154164200000004,0.027154164200000004,0.027154164200000004,0.028567135799999997,0.027154164200000004
71401060102,0.0226688794,0.036037182,0.0300672224,0.0300672224,0.0300672224,0.0300672224,0.03419989155,0.0300672224
71401060103,0.0256402244,0.0478230022,0.037774026700000005,0.037774026700000005,0.037774026700000005,0.037774026700000005,0.04419039495,0.037774026700000005
71401060201,0.033523810800000005,0.0694332034,0.0391296519,0.0391296519,0.0391296519,0.0391296519,0.0497582404,0.0391296519
71401060202,0.030537518200000002,0.0537118756,0.035066378100000004,0.035066378100000004,0.035066378100000004,0.035066378100000004,0.04209712945,0.035066378100000004
71401060203,0.024678461800000003,0.0506527246,0.03050734015,0.03050734015,0.03050734015,0.03050734015,0.0381268934,0.03050734015
71401060204,0.044941444,0.0661435332,0.0686928289,0.0686928289,0.0686928289,0.0686928289,0.07478862975,0.0686928289
71401060205,0.0188332772,0.028070269800000002,0.023926329899999998,0.023926329899999998,0.023926329899999998,0.023926329899999998,0.026588567749999997,0.023926329899999998
71401060206,0.0518245604,0.1185042668,0.0832574419,0.0832574419,0.0832574419,0.0832574419,0.10159958765000002,0.0832574419
71401060207,0.0135532492,0.0261909314,0.019590435825,0.019590435825,0.019590435825,0.019590435825,0.023121143275,0.019590435825
71401060301,0.0130743946,0.021110320199999998,0.01617823095,0.01617823095,0.01617823095,0.01617823095,0.01845923585,0.01617823095
71401060302,0.0483902944,0.0684101,0.05883721979999999,0.05883721979999999,0.05883721979999999,0.05883721979999999,0.0649292171,0.05883721979999999
71401060303,0.0448108526,0.047029098,0.05430132829999999,0.05430132829999999,0.05430132829999999,0.05430132829999999,0.055274136200000004,0.05430132829999999
71401060304,0.042902475600000003,0.0514481376,0.049760898600000006,0.049760898600000006,0.049760898600000006,0.049760898600000006,0.05265086235000001,0.049760898600000006
71401060305,0.0635936594,0.0591026796,0.06442770415,0.06442770415,0.06442770415,0.06442770415,0.0642797929,0.06442770415
71401060306,0.042488649,0.046285434599999994,0.0570132309,0.0570132309,0.0570132309,0.0570132309,0.05861717405,0.0570132309
71401060401,0.0462138006,0.0753662378,0.0665516718,0.0665516718,0.0665516718,0.0665516718,0.07563280165,0.0665516718
71401060402,0.0544360304,0.080831397,0.06892004365,0.06892004365,0.06892004365,0.06892004365,0.07710023375,0.06892004365
71401060403,0.041765448999999996,0.0861044546,0.05669388045,0.05669388045,0.05669388045,0.05669388045,0.0692480905,0.05669388045
71401060404,0.0274568066,0.0435725372,0.0328702406,0.0328702406,0.0328702406,0.0328702406,0.03746763405,0.0328702406
71401060405,0.0460787202,0.0646316266,0.0535440407,0.0535440407,0.0535440407,0.0535440407,0.059251419150000005,0.0535440407
71401060406,0.017636691399999998,0.030900367800000002,0.0229786689,0.0229786689,0.0229786689,0.0229786689,0.026495377799999997,0.0229786689
71401060407,0.039933048,0.064010259,0.06004258165,0.06004258165,0.06004258165,0.06004258165,0.0672131369,0.06004258165
71401060408,0.038879899,0.043844716,0.048805269750000005,0.048805269750000005,0.048805269750000005,0.048805269750000005,0.05074243375,0.048805269750000005
71401060409,0.017003062,0.024755021800000002,0.0207560196,0.0207560196,0.0207560196,0.0207560196,0.0229382306,0.0207560196
71401060410,0.0087070833,0.016541218000000003,0.010314461175000001,0.010314461175000001,0.010314461175000001,0.010314461175000001,0.012440498675,0.010314461175000001
71401060501,0.0375573332,0.054967404,0.04648797935,0.04648797935,0.04648797935,0.04648797935,0.051666422249999996,0.04648797935
71401060502,0.015991671899999997,0.0213106026,0.019718106975,0.019718106975,0.019718106975,0.019718106975,0.021341317275,0.019718106975
71401060503,0.0180210068,0.026093280200000003,0.02100060775,0.02100060775,0.02100060775,0.02100060775,0.02332516375,0.02100060775
71401060601,0.0504231566,0.088397384,0.07233505765,0.07233505765,0.07233505765,0.07233505765,0.0825716423,0.07233505765
71401060602,0.1069898016,0.179124008,0.14674158825,0.14674158825,0.14674158825,0.14674158825,0.16693276915,0.14674158825
71401060603,0.0598445432,0.10013533300000002,0.08870575565,0.08870575565,0.08870575565,0.08870575565,0.10011345265,0.08870575565
71401060604,0.0663263476,0.11367043539999999,0.09508323495,0.09508323495,0.09508323495,0.09508323495,0.10912732365,0.09508323495
71401060605,0.0140579442,0.024135558,0.0174875902,0.0174875902,0.0174875902,0.0174875902,0.02043260165,0.0174875902
71401060606,0.042900633,0.0714627892,0.05949739590000001,0.05949739590000001,0.05949739590000001,0.05949739590000001,0.0679380745,0.05949739590000001
71401060607,0.0809308306,0.1080370692,0.10771870385,0.10771870385,0.10771870385,0.10771870385,0.1164835107,0.10771870385
71401060608,0.0262535796,0.0440728168,0.03069816545,0.03069816545,0.03069816545,0.03069816545,0.0358950829,0.03069816545
71401060701,0.048169714599999996,0.043342063199999996,0.0469868521,0.0469868521,0.0469868521,0.0469868521,0.046678291299999994,0.0469868521
71401060702,0.007468542559999999,0.012368719,0.00858057087,0.00858057087,0.00858057087,0.00858057087,0.00994171699,0.00858057087
71401060703,0.0238675912,0.043707892000000005,0.0389307493,0.0389307493,0.0389307493,0.0389307493,0.04433793365,0.0389307493
71401060704,0.019044928,0.055649370399999995,0.029319841675000003,0.029319841675000003,0.029319841675000003,0.029319841675000003,0.039450597175000005,0.029319841675000003
71401060705,0.0190553764,0.0282422118,0.0271685071,0.0271685071,0.0271685071,0.0271685071,0.029690081,0.0271685071
71401060706,0.018811039600000003,0.026566426999999997,0.023234476100000002,0.023234476100000002,0.023234476100000002,0.023234476100000002,0.0254079979,0.023234476100000002
71401060801,0.0441334496,0.081501773,0.063103809925,0.063103809925,0.063103809925,0.063103809925,0.073929329275,0.063103809925
71401060802,0.038111213399999996,0.092938819,0.05667042255,0.05667042255,0.05667042255,0.05667042255,0.07138831295,0.05667042255
71401060803,0.012650155599999999,0.0185550658,0.014251551425,0.014251551425,0.014251551425,0.014251551425,0.016046821225,0.014251551425
71401060804,0.00844304454,0.0109141584,0.00933756826,0.00933756826,0.00933756826,0.00933756826,0.010087227525,0.00933756826
71401060805,0.008554502660000001,0.011209633,0.00939474654,0.00939474654,0.00939474654,0.00939474654,0.010201997955,0.00939474654
71401060806,0.022556203,0.032687466,0.02705993265,0.02705993265,0.02705993265,0.02705993265,0.02996364025,0.02705993265
71401060807,0.0101172704,0.0130750396,0.01097500537,0.01097500537,0.01097500537,0.01097500537,0.01190119982,0.01097500537
71401060808,0.010604944199999999,0.0142026614,0.01172658637,0.01172658637,0.01172658637,0.01172658637,0.01279046857,0.01172658637
71401060809,0.025062116000000002,0.0259084726,0.0298426231,0.0298426231,0.0298426231,0.0298426231,0.03022327795,0.0298426231
71401060901,0.101220622,0.1541444932,0.13723417929999998,0.13723417929999998,0.13723417929999998,0.13723417929999998,0.15321927725,0.13723417929999998
71401060902,0.07507082600000001,0.1192652096,0.09551478915,0.09551478915,0.09551478915,0.09551478915,0.10879659215,0.09551478915
71401060903,0.1005480804,0.1522189652,0.14093030395,0.14093030395,0.14093030395,0.14093030395,0.1553644502,0.14093030395
71401060904,0.0720005638,0.0969690998,0.0849415688,0.0849415688,0.0849415688,0.0849415688,0.0940146606,0.0849415688
71401060905,0.0804430894,0.1028717794,0.10218469985,0.10218469985,0.10218469985,0.10218469985,0.1093966452,0.10218469985
71401060906,0.015138295099999999,0.0214910022,0.017755025025000003,0.017755025025000003,0.017755025025000003,0.017755025025000003,0.019737893925,0.017755025025000003
71401061001,0.0879975662,0.15174321600000001,0.12330775490000001,0.12330775490000001,0.12330775490000001,0.12330775490000001,0.13981190525,0.12330775490000001
71401061002,0.0547099806,0.109179913,0.07398688645,0.07398688645,0.07398688645,0.07398688645,0.08848923515,0.07398688645
71401061003,0.0791160348,0.163546596,0.11989404985,0.11989404985,0.11989404985,0.11989404985,0.142079447,0.11989404985
71401061004,0.032947825,0.0627566252,0.05229486910000001,0.05229486910000001,0.05229486910000001,0.05229486910000001,0.06047065295,0.05229486910000001
71401061005,0.0388389788,0.0545753106,0.0561062108,0.0561062108,0.0561062108,0.0561062108,0.0606648443,0.0561062108
71401061006,0.0257374694,0.029665728800000003,0.04312384795,0.04312384795,0.04312384795,0.04312384795,0.04440129975,0.04312384795
71401061007,0.0280762518,0.0550562526,0.0440343495,0.0440343495,0.0440343495,0.0440343495,0.051832560900000005,0.0440343495
71401061008,0.0317245192,0.0644290442,0.0498407367,0.0498407367,0.0498407367,0.0498407367,0.0592745156,0.0498407367
71401061009,0.030925919000000003,0.063792058,0.04876077965,0.04876077965,0.04876077965,0.04876077965,0.05757399839999999,0.04876077965
71401061010,0.08178275339999999,0.192452088,0.12728790135,0.12728790135,0.12728790135,0.12728790135,0.15764702835,0.12728790135
71401061011,0.0185434726,0.0326690346,0.024529838275,0.024529838275,0.024529838275,0.024529838275,0.028643690399999998,0.024529838275
71401061012,0.0345562602,0.034725330799999996,0.03578119005,0.03578119005,0.03578119005,0.03578119005,0.0362499092,0.03578119005
71401061013,0.0368599012,0.070747933,0.049838074100000004,0.049838074100000004,0.049838074100000004,0.049838074100000004,0.059854433549999995,0.049838074100000004
71401061014,0.0485220124,0.122864032,0.07560176965,0.07560176965,0.07560176965,0.07560176965,0.09687462905,0.07560176965
71401061015,0.0832317528,0.1414328332,0.0996699999,0.0996699999,0.0996699999,0.0996699999,0.11688024845,0.0996699999
71401061016,0.0314836144,0.050396113799999996,0.0428541339,0.0428541339,0.0428541339,0.0428541339,0.0485185255,0.0428541339
71401061101,0.0137656476,0.0187249006,0.0168792663,0.0168792663,0.0168792663,0.0168792663,0.01828271775,0.0168792663
71401061102,0.0089751504,0.0116711639,0.010069907324999999,0.010069907324999999,0.010069907324999999,0.010069907324999999,0.010870514250000001,0.010069907324999999
71401061201,0.0221280424,0.0344125956,0.027906244575,0.027906244575,0.027906244575,0.027906244575,0.0311497722,0.027906244575
71401061202,0.027067576599999997,0.044029965,0.0342308488,0.0342308488,0.0342308488,0.0342308488,0.03883451135,0.0342308488
71401061203,0.0112673598,0.013945229600000001,0.01218747634,0.01218747634,0.01218747634,0.01218747634,0.01303560699,0.01218747634
71401061204,0.0048073874,0.00558212746,0.005195953184999999,0.005195953184999999,0.005195953184999999,0.005195953184999999,0.005454994675,0.005195953184999999
71401061205,0.00472299084,0.00567608512,0.004983641885,0.004983641885,0.004983641885,0.004983641885,0.005273938655,0.004983641885
71401070101,0.008175448220000001,0.0082515634,0.00825265951,0.00825265951,0.00825265951,0.00825265951,0.008374335325,0.00825265951
71401070102,0.007103859860000001,0.007597184379999999,0.00750354385,0.00750354385,0.00750354385,0.00750354385,0.007723581685,0.00750354385
71401070201,0.0082120644,0.00853511146,0.00852958885,0.00852958885,0.00852958885,0.00852958885,0.008715787795,0.00852958885
71401070202,0.00922980226,0.00986293754,0.009816803535,0.009816803535,0.009816803535,0.009816803535,0.01007601352,0.009816803535
71401070203,0.00924574206,0.00816957738,0.009126207795,0.009126207795,0.009126207795,0.009126207795,0.008927074895000001,0.009126207795
71401070204,0.007721158340000001,0.0081890394,0.0079925707,0.0079925707,0.0079925707,0.0079925707,0.008176424415,0.0079925707
71401070205,0.007051642800000001,0.00718045688,0.007237775574999999,0.007237775574999999,0.007237775574999999,0.007237775574999999,0.007340609874999999,0.007237775574999999
71401070206,0.00807509384,0.009907286500000001,0.008370585480000001,0.008370585480000001,0.008370585480000001,0.008370585480000001,0.008882250145000001,0.008370585480000001
71401070207,0.0058055248599999994,0.006583850400000001,0.006075408375,0.006075408375,0.006075408375,0.006075408375,0.006340859074999999,0.006075408375
71401070301,0.0087305323,0.0099921192,0.00912999854,0.00912999854,0.00912999854,0.00912999854,0.00952799664,0.00912999854
71401070302,0.0102008464,0.0111454056,0.010657429409999999,0.010657429409999999,0.010657429409999999,0.010657429409999999,0.01100331376,0.010657429409999999
71401070303,0.0082071635,0.0090957501,0.00857999935,0.00857999935,0.00857999935,0.00857999935,0.008882364824999999,0.00857999935
71401070304,0.011904745599999999,0.0133657478,0.012427921045,0.012427921045,0.012427921045,0.012427921045,0.01290414892,0.012427921045
71401070305,0.010398505800000001,0.011758507599999999,0.010810106685,0.010810106685,0.010810106685,0.010810106685,0.011285932285,0.010810106685
71401070306,0.0281105816,0.0170675344,0.026515022635000003,0.026515022635000003,0.026515022635000003,0.026515022635000003,0.024507080185,0.026515022635000003
71401070401,0.00820884756,0.0089456707,0.00838344142,0.00838344142,0.00838344142,0.00838344142,0.00865634588,0.00838344142
71401070402,0.00578470264,0.0062674433799999995,0.0061015228,0.0061015228,0.0061015228,0.0061015228,0.00629650358,0.0061015228
71401070403,0.00837258776,0.009195721600000002,0.009031205050000001,0.009031205050000001,0.009031205050000001,0.009031205050000001,0.009348810465,0.009031205050000001
71401070404,0.007874438979999999,0.0088747971,0.008258059114999999,0.008258059114999999,0.008258059114999999,0.008258059114999999,0.00863489527,0.008258059114999999
71401070405,0.006350389319999999,0.00804132588,0.006764398909999999,0.006764398909999999,0.006764398909999999,0.006764398909999999,0.007301201090000001,0.006764398909999999
71401070406,0.0271585388,0.026780518799999996,0.0298655422,0.0298655422,0.0298655422,0.0298655422,0.03011068815,0.0298655422
71401070501,0.00661221956,0.00742270726,0.0070532443799999995,0.0070532443799999995,0.0070532443799999995,0.0070532443799999995,0.007347355405,0.0070532443799999995
71401070502,0.011188157600000002,0.012546810799999999,0.011917993165,0.011917993165,0.011917993165,0.011917993165,0.01236072199,0.011917993165
71401070503,0.0377853378,0.0471786454,0.04115630615,0.04115630615,0.04115630615,0.04115630615,0.04472789905,0.04115630615
71401070504,0.0131189896,0.019302391199999998,0.0141314872,0.0141314872,0.0141314872,0.0141314872,0.01573081935,0.0141314872
71401070505,0.014086116000000001,0.015616992799999998,0.014845082870000002,0.014845082870000002,0.014845082870000002,0.014845082870000002,0.01534421852,0.014845082870000002
71401070506,0.0178857986,0.028776328400000002,0.0182021463,0.0182021463,0.0182021463,0.0182021463,0.021383961700000002,0.0182021463
71401070507,0.0173564394,0.0199214204,0.01870464805,0.01870464805,0.01870464805,0.01870464805,0.019560815449999998,0.01870464805
71401070508,0.11735772200000001,0.23954233399999997,0.12635259905000001,0.12635259905000001,0.12635259905000001,0.12635259905000001,0.15996131684999998,0.12635259905000001
71401070509,0.128732202,0.225040196,0.18085593835,0.18085593835,0.18085593835,0.18085593835,0.21102525509999998,0.18085593835
71401070510,0.012864626600000002,0.014861957200000001,0.013455358184999999,0.013455358184999999,0.013455358184999999,0.013455358184999999,0.014170118685,0.013455358184999999
71401070511,0.0227497878,0.0214223612,0.03002615815,0.03002615815,0.03002615815,0.03002615815,0.030687759050000003,0.03002615815
71401070601,0.07422877459999999,0.24160018599999997,0.13483016080000002,0.13483016080000002,0.13483016080000002,0.13483016080000002,0.1826385594,0.13483016080000002
71401070602,0.10488864099999999,0.180378188,0.1466587608,0.1466587608,0.1466587608,0.1466587608,0.1706380443,0.1466587608
71401070603,0.12297168380000001,0.22336772,0.1644753833,0.1644753833,0.1644753833,0.1644753833,0.1969341392,0.1644753833
71401070604,0.080112708,0.10600167,0.08291091589999999,0.08291091589999999,0.08291091589999999,0.08291091589999999,0.0924903302,0.08291091589999999
71401080101,0.013853136399999999,0.0176758724,0.01876751545,0.01876751545,0.01876751545,0.01876751545,0.020103539875,0.01876751545
71401080102,0.055796677399999994,0.077712377,0.0617556098,0.0617556098,0.0617556098,0.0617556098,0.0694920502,0.0617556098
71401080103,0.0460048894,0.0396865434,0.04759566775,0.04759566775,0.04759566775,0.04759566775,0.0469996177,0.04759566775
71401080104,0.0321427424,0.025058396500000003,0.0301640382,0.0301640382,0.0301640382,0.0301640382,0.0288899525,0.0301640382
71401080105,0.024587580600000002,0.031072791,0.0277540484,0.0277540484,0.0277540484,0.0277540484,0.03017928935,0.0277540484
71401080201,0.012090716599999999,0.0158568584,0.01292090635,0.01292090635,0.01292090635,0.01292090635,0.0140726865,0.01292090635
71401080202,0.029931484399999996,0.021456157,0.03266908095,0.03266908095,0.03266908095,0.03266908095,0.03126103455,0.03266908095
71401080203,0.013315745639999998,0.0102967752,0.013154478419999999,0.013154478419999999,0.013154478419999999,0.013154478419999999,0.012587660295,0.013154478419999999
71401080204,0.0138383206,0.018524116,0.015049604999999999,0.015049604999999999,0.015049604999999999,0.015049604999999999,0.016691075899999998,0.015049604999999999
71401080301,0.0579277896,0.0811308476,0.0682062952,0.0682062952,0.0682062952,0.0682062952,0.0759862895,0.0682062952
71401080302,0.026080020800000003,0.0406016,0.03020090265,0.03020090265,0.03020090265,0.03020090265,0.034944388050000004,0.03020090265
71401080303,0.016073955,0.015692581599999998,0.01635713175,0.01635713175,0.01635713175,0.01635713175,0.016568049600000002,0.01635713175
71401080304,0.00826301268,0.008445526200000001,0.00873505628,0.00873505628,0.00873505628,0.00873505628,0.008993552545,0.00873505628
71402010101,0.715964424,0.738473992,0.7188891685,0.7188891685,0.7188891685,0.7188891685,0.7292037259999999,0.7188891685
71402010102,0.725485846,0.750604998,0.7276659655,0.7276659655,0.7276659655,0.7276659655,0.7396312115,0.7276659655
71402010103,0.679261698,0.70763321,0.6820886045,0.6820886045,0.6820886045,0.6820886045,0.6941378955,0.6820886045
71402010104,0.7177255459999999,0.715137626,0.7130468385000001,0.7130468385000001,0.7130468385000001,0.7130468385000001,0.7154381715,0.7130468385000001
71402010105,0.6240211139999999,0.636587414,0.635942484,0.635942484,0.635942484,0.635942484,0.6486669820000001,0.635942484
71402010106,0.6464068279999999,0.664153748,0.6690477859999999,0.6690477859999999,0.6690477859999999,0.6690477859999999,0.67880597,0.6690477859999999
71402010107,0.397000086,0.404905836,0.40569769899999997,0.40569769899999997,0.40569769899999997,0.40569769899999997,0.41708583600000004,0.40569769899999997
71402010201,0.39980678000000003,0.438917906,0.44674574050000004,0.44674574050000004,0.44674574050000004,0.44674574050000004,0.463804765,0.44674574050000004
71402010202,0.747858392,0.75351102,0.760072875,0.760072875,0.760072875,0.760072875,0.7651914475,0.760072875
71402010203,0.757127324,0.725718376,0.7545569185,0.7545569185,0.7545569185,0.7545569185,0.7553013435,0.7545569185
71402010204,0.744166868,0.77054325,0.7508046965,0.7508046965,0.7508046965,0.7508046965,0.762758245,0.7508046965
71402010205,0.601644674,0.6524852400000001,0.620292313,0.620292313,0.620292313,0.620292313,0.6371268345,0.620292313
71402010206,0.408245362,0.45708634000000004,0.428879881,0.428879881,0.428879881,0.428879881,0.447305116,0.428879881
71402010301,0.553104818,0.60200841,0.5561144445,0.5561144445,0.5561144445,0.5561144445,0.5723082115,0.5561144445
71402010302,0.514631792,0.5453834559999999,0.5184289135,0.5184289135,0.5184289135,0.5184289135,0.5347008025,0.5184289135
71402010401,0.597506496,0.622356916,0.5912084725,0.5912084725,0.5912084725,0.5912084725,0.6020570055000001,0.5912084725
71402010402,0.44612704599999997,0.473250916,0.44918874400000003,0.44918874400000003,0.44918874400000003,0.44918874400000003,0.4627971845,0.44918874400000003
71402010403,0.6108396700000001,0.59996113,0.5906733205,0.5906733205,0.5906733205,0.5906733205,0.6029442485,0.5906733205
71402010404,0.553556258,0.58763637,0.5782606794999999,0.5782606794999999,0.5782606794999999,0.5782606794999999,0.590973798,0.5782606794999999
71402010405,0.349451536,0.35476373600000005,0.3465411085,0.3465411085,0.3465411085,0.3465411085,0.3539231945,0.3465411085
71402010406,0.248529738,0.28987486,0.26591346800000004,0.26591346800000004,0.26591346800000004,0.26591346800000004,0.28187236800000004,0.26591346800000004
71402010501,0.470532564,0.5182746939999999,0.49236754200000005,0.49236754200000005,0.49236754200000005,0.49236754200000005,0.5080488025000001,0.49236754200000005
71402010502,0.379345188,0.456070814,0.41314523400000003,0.41314523400000003,0.41314523400000003,0.41314523400000003,0.43598206800000006,0.41314523400000003
71402010503,0.292657326,0.332575092,0.308685706,0.308685706,0.308685706,0.308685706,0.3216352475,0.308685706
71402010601,0.697385926,0.6912536819999999,0.7015090115,0.7015090115,0.7015090115,0.7015090115,0.7050156085,0.7015090115
71402010602,0.64837685,0.661497408,0.662088379,0.662088379,0.662088379,0.662088379,0.670880271,0.662088379
71402010603,0.703159972,0.7043007400000001,0.6982395965,0.6982395965,0.6982395965,0.6982395965,0.713327689,0.6982395965
71402010604,0.587023806,0.572097368,0.59683966,0.59683966,0.59683966,0.59683966,0.6033094575,0.59683966
71402010605,0.535708402,0.5604173899999999,0.5571561375,0.5571561375,0.5571561375,0.5571561375,0.5695329929999999,0.5571561375
71402010606,0.455706418,0.4784369,0.470147333,0.470147333,0.470147333,0.470147333,0.4837354995,0.470147333
71402010607,0.44148550799999997,0.505664036,0.46931713249999996,0.46931713249999996,0.46931713249999996,0.46931713249999996,0.49372153,0.46931713249999996
71402010608,0.23033969399999998,0.265838028,0.2366424625,0.2366424625,0.2366424625,0.2366424625,0.2544522505,0.2366424625
71402010701,0.15679641,0.20670019599999997,0.1754058662,0.1754058662,0.1754058662,0.1754058662,0.191223257,0.1754058662
71402010702,0.305932106,0.35760669600000006,0.324918744,0.324918744,0.324918744,0.324918744,0.3440084045,0.324918744
71402010703,0.0966970812,0.127607008,0.10801599335,0.10801599335,0.10801599335,0.10801599335,0.1176217849,0.10801599335
71402010704,0.12283944399999999,0.1746379152,0.14008955979999999,0.14008955979999999,0.14008955979999999,0.14008955979999999,0.15289956030000001,0.14008955979999999
71402010705,0.0546319522,0.0740327866,0.062106372750000007,0.062106372750000007,0.062106372750000007,0.062106372750000007,0.06766786835000001,0.062106372750000007
71402010801,0.34284358,0.40053269,0.357050941,0.357050941,0.357050941,0.357050941,0.37550469,0.357050941
71402010802,0.23014357199999996,0.25246450400000003,0.22571861175,0.22571861175,0.22571861175,0.22571861175,0.23678232425,0.22571861175
71402010803,0.168031766,0.18547779,0.1682628775,0.1682628775,0.1682628775,0.1682628775,0.17829696325,0.1682628775
71402010804,0.206223506,0.25238623800000004,0.20913890899999998,0.20913890899999998,0.20913890899999998,0.20913890899999998,0.227857479,0.20913890899999998
71402010805,0.1409815968,0.165416218,0.13678268145,0.13678268145,0.13678268145,0.13678268145,0.14552211015,0.13678268145
71402010901,0.340012492,0.44963179000000003,0.3663015585,0.3663015585,0.3663015585,0.3663015585,0.3990170065,0.3663015585
71402010902,0.1957391852,0.2728607518,0.1922524233,0.1922524233,0.1922524233,0.1922524233,0.2165838858,0.1922524233
71402010903,0.0901484278,0.123556365,0.08963842559999999,0.08963842559999999,0.08963842559999999,0.08963842559999999,0.10025827135000001,0.08963842559999999
71402011001,0.16328909519999998,0.20845866600000001,0.1654179173,0.1654179173,0.1654179173,0.1654179173,0.1822318798,0.1654179173
71402011002,0.13679052,0.16470154199999998,0.1313025092,0.1313025092,0.1313025092,0.1313025092,0.14272047645,0.1313025092
71402011003,0.150099902,0.166943114,0.14345084645,0.14345084645,0.14345084645,0.14345084645,0.15240212195,0.14345084645
71402011004,0.286485708,0.300066272,0.274867068,0.274867068,0.274867068,0.274867068,0.2868783815,0.274867068
71402011005,0.17901034799999999,0.278309082,0.1990661503,0.1990661503,0.1990661503,0.1990661503,0.2294822823,0.1990661503
71402011006,0.0481619352,0.0870072186,0.060085044600000005,0.060085044600000005,0.060085044600000005,0.060085044600000005,0.07143506699999999,0.060085044600000005
71402011101,0.26417122,0.35640857800000003,0.286269003,0.286269003,0.286269003,0.286269003,0.315361401,0.286269003
71402011102,0.078643724,0.1103658236,0.0805348337,0.0805348337,0.0805348337,0.0805348337,0.09089159135,0.0805348337
71402011103,0.0300624964,0.059913687800000004,0.036794162650000004,0.036794162650000004,0.036794162650000004,0.036794162650000004,0.04508947295,0.036794162650000004
71402020101,0.367159396,0.40288128,0.359424176,0.359424176,0.359424176,0.359424176,0.37777262899999997,0.359424176
71402020102,0.049466246000000005,0.0663066128,0.0588355429,0.0588355429,0.0588355429,0.0588355429,0.06416409835,0.0588355429
71402020103,0.0439790684,0.07278787,0.05899555715,0.05899555715,0.05899555715,0.05899555715,0.0669112753,0.05899555715
71402020104,0.0391784256,0.045466251,0.0434962427,0.0434962427,0.0434962427,0.0434962427,0.0459566966,0.0434962427
71402020201,0.19553468000000002,0.19577389799999997,0.1815349112,0.1815349112,0.1815349112,0.1815349112,0.18829151445,0.1815349112
71402020202,0.127746685,0.11316771219999999,0.12913937714999998,0.12913937714999998,0.12913937714999998,0.12913937714999998,0.13064445165,0.12913937714999998
71402020203,0.0596189446,0.07427877079999999,0.0661349972,0.0661349972,0.0661349972,0.0661349972,0.07151000565,0.0661349972
71402020204,0.0332532458,0.0447540582,0.03469999655,0.03469999655,0.03469999655,0.03469999655,0.03804284085,0.03469999655
71402020301,0.0521966648,0.0815712126,0.06598982165,0.06598982165,0.06598982165,0.06598982165,0.07388309335000001,0.06598982165
71402020302,0.0595509076,0.1047521142,0.07941821304999999,0.07941821304999999,0.07941821304999999,0.07941821304999999,0.0912049637,0.07941821304999999
71402020303,0.17208431899999999,0.221024258,0.18725719175,0.18725719175,0.18725719175,0.18725719175,0.19966783375000002,0.18725719175
71402020304,0.10492164799999999,0.1258440432,0.11920027545,0.11920027545,0.11920027545,0.11920027545,0.12478523244999999,0.11920027545
71402020305,0.121921313,0.193584636,0.1658633155,0.1658633155,0.1658633155,0.1658633155,0.18485453025,0.1658633155
71402020306,0.0285751376,0.0340959808,0.032074797,0.032074797,0.032074797,0.032074797,0.03390866235,0.032074797
71402020401,0.13509427999999998,0.175930332,0.1546387717,0.1546387717,0.1546387717,0.1546387717,0.1693941662,0.1546387717
71402020402,0.23960708,0.224143962,0.24058722100000002,0.24058722100000002,0.24058722100000002,0.24058722100000002,0.2445558005,0.24058722100000002
71402020403,0.10736774140000001,0.1447202588,0.12444521115,0.12444521115,0.12444521115,0.12444521115,0.13814301315,0.12444521115
71402020404,0.0572935588,0.10450650160000001,0.07868750035,0.07868750035,0.07868750035,0.07868750035,0.09154945095,0.07868750035
71402020405,0.0823515034,0.16399305879999998,0.1182637611,0.1182637611,0.1182637611,0.1182637611,0.14068271815,0.1182637611
71402020406,0.199100747,0.25910196,0.233200094,0.233200094,0.233200094,0.233200094,0.249099915,0.233200094
71402020407,0.099277603,0.1706843092,0.1284022791,0.1284022791,0.1284022791,0.1284022791,0.1479794961,0.1284022791
71402020408,0.0298875104,0.0499978286,0.0359161183,0.0359161183,0.0359161183,0.0359161183,0.0415400935,0.0359161183
71402020409,0.0215672634,0.031813082400000005,0.02461491545,0.02461491545,0.02461491545,0.02461491545,0.027628306149999997,0.02461491545
71402020501,0.07318571139999999,0.17491163140000002,0.09644713295,0.09644713295,0.09644713295,0.09644713295,0.12569098195,0.09644713295
71402020502,0.0683929648,0.172705554,0.09512916660000001,0.09512916660000001,0.09512916660000001,0.09512916660000001,0.12545456285,0.09512916660000001
71402020503,0.1468540484,0.25002773500000003,0.1713391236,0.1713391236,0.1713391236,0.1713391236,0.20190279865,0.1713391236
71402020504,0.16856369300000001,0.2807922892,0.21274544875,0.21274544875,0.21274544875,0.21274544875,0.24457521675,0.21274544875
71402020505,0.0328422808,0.08426571520000001,0.04865392775,0.04865392775,0.04865392775,0.04865392775,0.06335427515,0.04865392775
71402020506,0.0347478454,0.074897029,0.0422965274,0.0422965274,0.0422965274,0.0422965274,0.0546920805,0.0422965274
71402020507,0.024261190999999998,0.0441360554,0.0266149358,0.0266149358,0.0266149358,0.0266149358,0.0326015717,0.0266149358
71402020508,0.0190219108,0.0317897262,0.022894052300000002,0.022894052300000002,0.022894052300000002,0.022894052300000002,0.02687861285,0.022894052300000002
71402020601,0.0672864492,0.087129656,0.07693652085,0.07693652085,0.07693652085,0.07693652085,0.0824407726,0.07693652085
71402020602,0.0372108778,0.043103617,0.0410567794,0.0410567794,0.0410567794,0.0410567794,0.04279940855,0.0410567794
71402020603,0.137761626,0.229526552,0.17716179,0.17716179,0.17716179,0.17716179,0.19978365225,0.17716179
71402020604,0.054300785,0.089307534,0.0742078914,0.0742078914,0.0742078914,0.0742078914,0.0832087703,0.0742078914
71402020605,0.0374497506,0.0489033808,0.04132958255,0.04132958255,0.04132958255,0.04132958255,0.0448548447,0.04132958255
71402020606,0.0479201152,0.081336096,0.06223209465,0.06223209465,0.06223209465,0.06223209465,0.07160885055,0.06223209465
71402020607,0.0586287808,0.126167407,0.07794830579999999,0.07794830579999999,0.07794830579999999,0.07794830579999999,0.09718481835000001,0.07794830579999999
71402020608,0.130205284,0.191721002,0.1553973135,0.1553973135,0.1553973135,0.1553973135,0.17736840175,0.1553973135
71402020609,0.1229586538,0.1841468224,0.14150273975,0.14150273975,0.14150273975,0.14150273975,0.16153085195,0.14150273975
71402020610,0.09666003199999999,0.147467844,0.11416036315,0.11416036315,0.11416036315,0.11416036315,0.13062074215,0.11416036315
71402020701,0.1107930648,0.180066251,0.13606869615,0.13606869615,0.13606869615,0.13606869615,0.15342887114999998,0.13606869615
71402020702,0.0480867718,0.09277153099999999,0.06783798355000001,0.06783798355000001,0.06783798355000001,0.06783798355000001,0.07779110015,0.06783798355000001
71402020703,0.11045085780000001,0.211939958,0.16644701195,0.16644701195,0.16644701195,0.16644701195,0.1884497182,0.16644701195
71402020704,0.10738091720000001,0.17572654999999998,0.14313603005,0.14313603005,0.14313603005,0.14313603005,0.1611068043,0.14313603005
71402020705,0.0718452316,0.11198267799999999,0.09538441789999999,0.09538441789999999,0.09538441789999999,0.09538441789999999,0.10526648764999999,0.09538441789999999
71402020801,0.07710046400000001,0.17421976,0.10729978915,0.10729978915,0.10729978915,0.10729978915,0.1366882938,0.10729978915
71402020802,0.028668763799999997,0.0605983802,0.0357436326,0.0357436326,0.0357436326,0.0357436326,0.04551857995,0.0357436326
71402020803,0.04603166,0.0849407748,0.060027122050000006,0.060027122050000006,0.060027122050000006,0.060027122050000006,0.07244156655,0.060027122050000006
71402020804,0.0529060368,0.082782084,0.06714405425,0.06714405425,0.06714405425,0.06714405425,0.07735748595,0.06714405425
71402020805,0.0483983782,0.089945765,0.0754793045,0.0754793045,0.0754793045,0.0754793045,0.0889773418,0.0754793045
71402020806,0.047932461999999995,0.088540289,0.06462405680000001,0.06462405680000001,0.06462405680000001,0.06462405680000001,0.07724695379999999,0.06462405680000001
71402020807,0.0191033134,0.0234733094,0.02103698855,0.02103698855,0.02103698855,0.02103698855,0.02275270975,0.02103698855
71402020808,0.0872540388,0.142518374,0.11945303970000001,0.11945303970000001,0.11945303970000001,0.11945303970000001,0.1334563515,0.11945303970000001
71402020809,0.046758583799999996,0.077118985,0.0637256333,0.0637256333,0.0637256333,0.0637256333,0.07293225275000001,0.0637256333
71402020810,0.1249282,0.1865204794,0.1543701147,0.1543701147,0.1543701147,0.1543701147,0.17528832765,0.1543701147
71402020811,0.0848784388,0.13062265339999998,0.1076265286,0.1076265286,0.1076265286,0.1076265286,0.1233069783,0.1076265286
71402020812,0.0199435422,0.022484775800000002,0.0216368573,0.0216368573,0.0216368573,0.0216368573,0.0225117058,0.0216368573
71402020901,0.0420280348,0.0652089086,0.0480497469,0.0480497469,0.0480497469,0.0480497469,0.0550441333,0.0480497469
71402020902,0.131111759,0.21415157599999998,0.15514675075,0.15514675075,0.15514675075,0.15514675075,0.177093143,0.15514675075
71402020903,0.019321924400000003,0.022694602,0.020607054775,0.020607054775,0.020607054775,0.020607054775,0.021750306825,0.020607054775
71402030101,0.316381778,0.31135317799999995,0.32695610999999997,0.32695610999999997,0.32695610999999997,0.32695610999999997,0.33237002649999997,0.32695610999999997
71402030102,0.325430382,0.288738116,0.328341003,0.328341003,0.328341003,0.328341003,0.3307979815,0.328341003
71402030103,0.268404262,0.249309796,0.27495001,0.27495001,0.27495001,0.27495001,0.275543689,0.27495001
71402030104,0.031007188,0.0305551776,0.036016839099999996,0.036016839099999996,0.036016839099999996,0.036016839099999996,0.03637186845,0.036016839099999996
71402030105,0.1183605612,0.113618252,0.13106907620000002,0.13106907620000002,0.13106907620000002,0.13106907620000002,0.13487111075,0.13106907620000002
71402030106,0.038437447400000005,0.0331317996,0.04878076915,0.04878076915,0.04878076915,0.04878076915,0.04829912845,0.04878076915
71402030201,0.33927588200000003,0.307038334,0.338615279,0.338615279,0.338615279,0.338615279,0.3361328125,0.338615279
71402030202,0.19412934599999998,0.153667294,0.179725941,0.179725941,0.179725941,0.179725941,0.175498481,0.179725941
71402030203,0.147117272,0.1419692448,0.154395373,0.154395373,0.154395373,0.154395373,0.15706496350000002,0.154395373
71402030204,0.10163099680000001,0.0967717644,0.1018443501,0.1018443501,0.1018443501,0.1018443501,0.1027917053,0.1018443501
71402030301,0.301635664,0.273858052,0.2952398785,0.2952398785,0.2952398785,0.2952398785,0.2944794655,0.2952398785
71402030302,0.22655038200000002,0.233126758,0.2344083325,0.2344083325,0.2344083325,0.2344083325,0.2405272255,0.2344083325
71402030303,0.15071378200000002,0.14132306,0.15658576315,0.15658576315,0.15658576315,0.15658576315,0.1612531889,0.15658576315
71402030304,0.10902983320000001,0.153363848,0.1276612593,0.1276612593,0.1276612593,0.1276612593,0.14235134980000003,0.1276612593
71402030305,0.0917772908,0.0917874594,0.09876226195,0.09876226195,0.09876226195,0.09876226195,0.10130055689999999,0.09876226195
71402030306,0.098051102,0.170261036,0.11940206925,0.11940206925,0.11940206925,0.11940206925,0.13999036725,0.11940206925
71402030307,0.024266397000000002,0.040630017399999996,0.0343255691,0.0343255691,0.0343255691,0.0343255691,0.0388865953,0.0343255691
71402030308,0.028495632800000004,0.04736407199999999,0.035462319175,0.035462319175,0.035462319175,0.035462319175,0.0405899092,0.035462319175
71402030401,0.1626349078,0.145761904,0.16698371075000001,0.16698371075000001,0.16698371075000001,0.16698371075000001,0.16819557715,0.16698371075000001
71402030402,0.0652781784,0.088206304,0.07827321735000001,0.07827321735000001,0.07827321735000001,0.07827321735000001,0.08626350345,0.07827321735000001
71402030403,0.0170422942,0.0242717652,0.0217079647,0.0217079647,0.0217079647,0.0217079647,0.02366630175,0.0217079647
71402030404,0.08705990599999999,0.1375159396,0.10368898204999999,0.10368898204999999,0.10368898204999999,0.10368898204999999,0.11681474155,0.10368898204999999
71402030405,0.0937348446,0.106041932,0.10340206560000001,0.10340206560000001,0.10340206560000001,0.10340206560000001,0.1076145057,0.10340206560000001
71402030406,0.045689323999999996,0.0887942028,0.0559679316,0.0559679316,0.0559679316,0.0559679316,0.06768516185,0.0559679316
71402030501,0.142215552,0.27315312,0.19131345325,0.19131345325,0.19131345325,0.19131345325,0.22769554749999998,0.19131345325
71402030502,0.131232332,0.228913545,0.1551079127,0.1551079127,0.1551079127,0.1551079127,0.18317783569999999,0.1551079127
71402030503,0.1115050572,0.1736331062,0.1333742424,0.1333742424,0.1333742424,0.1333742424,0.15384654744999998,0.1333742424
71402030504,0.08175856740000001,0.11910310399999999,0.09036404755,0.09036404755,0.09036404755,0.09036404755,0.10253547005000001,0.09036404755
71402030505,0.0818175854,0.10924074880000001,0.0915159387,0.0915159387,0.0915159387,0.0915159387,0.10280769995000001,0.0915159387
71402030506,0.047091787600000004,0.061506613,0.052918129950000004,0.052918129950000004,0.052918129950000004,0.052918129950000004,0.058838578200000005,0.052918129950000004
71402030601,0.140610972,0.194597462,0.15268230965000001,0.15268230965000001,0.15268230965000001,0.15268230965000001,0.17000274264999998,0.15268230965000001
71402030602,0.0297734148,0.0407664012,0.029265149149999996,0.029265149149999996,0.029265149149999996,0.029265149149999996,0.03257008175,0.029265149149999996
71402030603,0.033872021999999995,0.0411386002,0.0369207268,0.0369207268,0.0369207268,0.0369207268,0.04049313345,0.0369207268
71402030604,0.0264678782,0.0331174612,0.02869323795,0.02869323795,0.02869323795,0.02869323795,0.031116408900000003,0.02869323795
71402040101,0.21372853000000003,0.29576451600000003,0.2387381382,0.2387381382,0.2387381382,0.2387381382,0.2613081937,0.2387381382
71402040102,0.23545838200000002,0.23861333199999998,0.23465267220000002,0.23465267220000002,0.23465267220000002,0.23465267220000002,0.2379571822,0.23465267220000002
71402040103,0.21772024,0.295649386,0.2550367235,0.2550367235,0.2550367235,0.2550367235,0.280113042,0.2550367235
71402040104,0.1119083512,0.162579734,0.1232283689,0.1232283689,0.1232283689,0.1232283689,0.13954720815,0.1232283689
71402040105,0.157638644,0.234848314,0.17758519375,0.17758519375,0.17758519375,0.17758519375,0.20476217775,0.17758519375
71402040106,0.039655894000000004,0.0700191946,0.04456634405,0.04456634405,0.04456634405,0.04456634405,0.05408513105,0.04456634405
71402040201,0.060470311,0.1237485988,0.0736426621,0.0736426621,0.0736426621,0.0736426621,0.0915898166,0.0736426621
71402040202,0.04412805239999999,0.0754037174,0.0653107985,0.0653107985,0.0653107985,0.0653107985,0.07318522749999999,0.0653107985
71402040203,0.051253158599999994,0.082401902,0.0708186936,0.0708186936,0.0708186936,0.0708186936,0.07981008845,0.0708186936
71402040204,0.025118035,0.039488752800000006,0.02999992835,0.02999992835,0.02999992835,0.02999992835,0.0339894017,0.02999992835
71402040301,0.0242157242,0.0357336674,0.0326022703,0.0326022703,0.0326022703,0.0326022703,0.03580567765,0.0326022703
71402040302,0.0327342604,0.073480272,0.049968209400000005,0.049968209400000005,0.049968209400000005,0.049968209400000005,0.0603409642,0.049968209400000005
71402040303,0.142505338,0.221169734,0.1789583934,0.1789583934,0.1789583934,0.1789583934,0.20002305790000002,0.1789583934
71402040304,0.0624360716,0.07829480660000002,0.06952951915,0.06952951915,0.06952951915,0.06952951915,0.07509024745000001,0.06952951915
71402040305,0.038964499,0.056231995,0.045283951700000005,0.045283951700000005,0.045283951700000005,0.045283951700000005,0.05055306715,0.045283951700000005
71402040401,0.178989724,0.30526756,0.21918801550000003,0.21918801550000003,0.21918801550000003,0.21918801550000003,0.2503298875,0.21918801550000003
71402040402,0.153885234,0.235080854,0.18808491325,0.18808491325,0.18808491325,0.18808491325,0.20567505425000002,0.18808491325
71402040403,0.1397747868,0.192605952,0.1559341902,0.1559341902,0.1559341902,0.1559341902,0.1683453357,0.1559341902
71402040404,0.051981556000000005,0.0672548564,0.059765298050000006,0.059765298050000006,0.059765298050000006,0.059765298050000006,0.06354521395,0.059765298050000006
71402040501,0.099150135,0.14809006279999998,0.12533380875,0.12533380875,0.12533380875,0.12533380875,0.13934322935000001,0.12533380875
71402040502,0.139395014,0.17917945,0.1565923407,0.1565923407,0.1565923407,0.1565923407,0.16578208219999999,0.1565923407
71402040503,0.166628657,0.220878034,0.18860581125,0.18860581125,0.18860581125,0.18860581125,0.19966146625,0.18860581125
71402040504,0.10814247400000002,0.1246295556,0.11379127415000001,0.11379127415000001,0.11379127415000001,0.11379127415000001,0.12041371705,0.11379127415000001
71402040505,0.083837513,0.1065326012,0.09418628949999999,0.09418628949999999,0.09418628949999999,0.09418628949999999,0.0989402955,0.09418628949999999
71402040506,0.05703766959999999,0.087237621,0.0699309146,0.0699309146,0.0699309146,0.0699309146,0.07739931829999999,0.0699309146
71402040507,0.0657569096,0.1114711934,0.07129374395,0.07129374395,0.07129374395,0.07129374395,0.0832898579,0.07129374395
71402040508,0.255540268,0.290176614,0.2683099468,0.2683099468,0.2683099468,0.2683099468,0.2811529463,0.2683099468
71402040509,0.06982269599999999,0.078502972,0.0723795783,0.0723795783,0.0723795783,0.0723795783,0.07495437320000001,0.0723795783
71402040510,0.0477099054,0.0629517346,0.051386150549999995,0.051386150549999995,0.051386150549999995,0.051386150549999995,0.05616912875,0.051386150549999995
71402040511,0.074263307,0.087193047,0.08269887345,0.08269887345,0.08269887345,0.08269887345,0.08739963935,0.08269887345
71402040512,0.028225393999999997,0.0363838204,0.03148703185,0.03148703185,0.03148703185,0.03148703185,0.0340668741,0.03148703185
71402040601,0.15448403,0.1851102,0.16115782979999999,0.16115782979999999,0.16115782979999999,0.16115782979999999,0.17148443105,0.16115782979999999
71402040602,0.213180148,0.232388006,0.21749301475,0.21749301475,0.21749301475,0.21749301475,0.22533678325,0.21749301475
71402040603,0.0956586158,0.13096447800000002,0.11928945075,0.11928945075,0.11928945075,0.11928945075,0.13148827145,0.11928945075
71402040604,0.13537031,0.1687065116,0.1539266378,0.1539266378,0.1539266378,0.1539266378,0.16612633294999998,0.1539266378
71402040605,0.1030824212,0.127356049,0.1100020848,0.1100020848,0.1100020848,0.1100020848,0.1207922043,0.1100020848
71402040606,0.225847322,0.243767632,0.2305151775,0.2305151775,0.2305151775,0.2305151775,0.24025986900000001,0.2305151775
71402040607,0.10049985879999998,0.18644152200000003,0.11440173075,0.11440173075,0.11440173075,0.11440173075,0.14051703464999998,0.11440173075
71402040608,0.1234292806,0.139965392,0.1151827103,0.1151827103,0.1151827103,0.1151827103,0.1242186121,0.1151827103
71402040609,0.09931895859999999,0.135437699,0.11770491489999999,0.11770491489999999,0.11770491489999999,0.11770491489999999,0.12979088725,0.11770491489999999
71402040610,0.180112994,0.207869212,0.2155872655,0.2155872655,0.2155872655,0.2155872655,0.22684205725,0.2155872655
71402040611,0.204719278,0.256392198,0.22647875680000001,0.22647875680000001,0.22647875680000001,0.22647875680000001,0.2463177543,0.22647875680000001
71402040701,0.181389988,0.231855798,0.2300339095,0.2300339095,0.2300339095,0.2300339095,0.245354056,0.2300339095
71402040702,0.0659421286,0.09715097539999999,0.08396547765,0.08396547765,0.08396547765,0.08396547765,0.0929770617,0.08396547765
71402040703,0.07450166999999999,0.0673594726,0.0801654082,0.0801654082,0.0801654082,0.0801654082,0.07958357515,0.0801654082
71402040704,0.0777123466,0.0879509632,0.10389966619999999,0.10389966619999999,0.10389966619999999,0.10389966619999999,0.1071892619,0.10389966619999999
71402040801,0.0388463222,0.07337372820000002,0.05147129674999999,0.05147129674999999,0.05147129674999999,0.05147129674999999,0.061686506249999995,0.05147129674999999
71402040802,0.0349212856,0.0463944774,0.03399799315,0.03399799315,0.03399799315,0.03399799315,0.0378400423,0.03399799315
71402040803,0.10821615300000001,0.13450481179999998,0.11631879814999999,0.11631879814999999,0.11631879814999999,0.11631879814999999,0.1248676457,0.11631879814999999
71402040804,0.1288007312,0.145926481,0.1296906893,0.1296906893,0.1296906893,0.1296906893,0.13542270974999998,0.1296906893
71402040901,0.082043384,0.156723626,0.09365183369999999,0.09365183369999999,0.09365183369999999,0.09365183369999999,0.11538024094999999,0.09365183369999999
71402040902,0.0170668128,0.023885774399999997,0.01866060785,0.01866060785,0.01866060785,0.01866060785,0.0206511627,0.01866060785
71402040903,0.16048221,0.21368502119999996,0.1712349775,0.1712349775,0.1712349775,0.1712349775,0.1898200165,0.1712349775
71402040904,0.014506703199999998,0.016793482800000002,0.0154141558,0.0154141558,0.0154141558,0.0154141558,0.0161925456,0.0154141558
71402040905,0.026022238399999998,0.028933781199999998,0.027511562,0.027511562,0.027511562,0.027511562,0.0285894529,0.027511562
71402040906,0.023991378,0.028187721,0.026132789750000003,0.026132789750000003,0.026132789750000003,0.026132789750000003,0.02755774955,0.026132789750000003
71402040907,0.11341445619999999,0.1227666146,0.12378999305,0.12378999305,0.12378999305,0.12378999305,0.12783966855,0.12378999305
71402040908,0.038661964800000004,0.040974983799999996,0.03909342085,0.03909342085,0.03909342085,0.03909342085,0.04001147815,0.03909342085
71402040909,0.0753702058,0.091116889,0.0920563224,0.0920563224,0.0920563224,0.0920563224,0.0972164093,0.0920563224
71402040910,0.024430042399999997,0.030467954400000004,0.0296532436,0.0296532436,0.0296532436,0.0296532436,0.03137892875,0.0296532436
701010105030,0.023235575799999998,0.0254981894,0.02368059815,0.02368059815,0.02368059815,0.02368059815,0.024019706199999998,0.02368059815
701010404040,0.0282505536,0.0328020166,0.02867169415,0.02867169415,0.02867169415,0.02867169415,0.0295093547,0.02867169415
701010608060,0.0163723006,0.0193668218,0.01683416505,0.01683416505,0.01683416505,0.01683416505,0.01735573745,0.01683416505
701010611080,0.0205280254,0.0226845036,0.02074476425,0.02074476425,0.02074476425,0.02074476425,0.0209942262,0.02074476425
701020305070,0.0587893576,0.06638677400000001,0.05949541105,0.05949541105,0.05949541105,0.05949541105,0.06085464185,0.05949541105
702000307050,0.1172263332,0.21137795399999998,0.1169216072,0.1169216072,0.1169216072,0.1169216072,0.13725106,0.1169216072
702000511020,0.268565014,0.290961714,0.24059084199999997,0.24059084199999997,0.24059084199999997,0.24059084199999997,0.2544626905,0.24059084199999997
702000607040,0.07931823099999999,0.1496608528,0.07116359665000001,0.07116359665000001,0.07116359665000001,0.07116359665000001,0.08676727349999999,0.07116359665000001
702000704030,0.023800055,0.0320016652,0.023430308,0.023430308,0.023430308,0.023430308,0.025268188349999998,0.023430308
702000808030,0.193326004,0.43485681200000004,0.21890163099999999,0.21890163099999999,0.21890163099999999,0.21890163099999999,0.2674392745,0.21890163099999999
702000911030,0.091031116,0.10564174280000001,0.0767515473,0.0767515473,0.0767515473,0.0767515473,0.08167928045,0.0767515473
702001006060,0.073296586,0.1140095006,0.0673320291,0.0673320291,0.0673320291,0.0673320291,0.0784924357,0.0673320291
703000408040,0.0206286668,0.0225182778,0.0208034039,0.0208034039,0.0208034039,0.0208034039,0.0211741175,0.0208034039
704000203100,0.124760821,0.24806461,0.1318213217,0.1318213217,0.1318213217,0.1318213217,0.1638432045,0.1318213217
706000110020,0.029123181399999996,0.042682423000000004,0.0309689172,0.0309689172,0.0309689172,0.0309689172,0.034318142,0.0309689172
706000206020,0.0539852,0.1518478152,0.06851864255,0.06851864255,0.06851864255,0.06851864255,0.0910065298,0.06851864255
706000409020,0.0884385152,0.147064319,0.0843405388,0.0843405388,0.0843405388,0.0843405388,0.0977822441,0.0843405388
708010410060,0.0862900436,0.121549994,0.11196822980000001,0.11196822980000001,0.11196822980000001,0.11196822980000001,0.1192102836,0.11196822980000001
708010418060,0.061437222,0.0745802924,0.06633157545,0.06633157545,0.06633157545,0.06633157545,0.06980521910000001,0.06633157545
708010512030,0.1320557316,0.24114370499999999,0.2313575059,0.2313575059,0.2313575059,0.2313575059,0.26074810940000004,0.2313575059
708010606040,0.0330179014,0.138727051,0.0756162679,0.0756162679,0.0756162679,0.0756162679,0.10167165085,0.0756162679
708010707100,0.0206319292,0.025756744199999997,0.0242345969,0.0242345969,0.0242345969,0.0242345969,0.0250496822,0.0242345969
708020102060,0.40147087,0.551321378,0.4110728385,0.4110728385,0.4110728385,0.4110728385,0.45496626850000005,0.4110728385
708020112050,0.20006781399999998,0.351844952,0.244899767,0.244899767,0.244899767,0.244899767,0.28371902699999996,0.244899767
708020207050,0.338434448,0.43172549,0.3720676465,0.3720676465,0.3720676465,0.3720676465,0.40437202250000004,0.3720676465
708020406070,0.06291818419999999,0.079122688,0.0733901371,0.0733901371,0.0733901371,0.0733901371,0.07740504584999999,0.0733901371
708020608060,0.2014259686,0.345689972,0.27509861415,0.27509861415,0.27509861415,0.27509861415,0.31194454315,0.27509861415
708020902070,0.333838408,0.5746224160000001,0.4264008585,0.4264008585,0.4264008585,0.4264008585,0.49876053200000003,0.4264008585
709000314060,0.16977151399999998,0.295261486,0.19776152775,0.19776152775,0.19776152775,0.19776152775,0.23305376975,0.19776152775
709000501040,0.253074992,0.44043381000000004,0.28876185,0.28876185,0.28876185,0.28876185,0.335675027,0.28876185
709000504070,0.11635956700000001,0.222820352,0.14986615125,0.14986615125,0.14986615125,0.14986615125,0.17709402875,0.14986615125
709000510010,0.204317964,0.41919476199999994,0.259501931,0.259501931,0.259501931,0.259501931,0.3212133395,0.259501931
709000511040,0.0349960532,0.052770884799999994,0.0443370416,0.0443370416,0.0443370416,0.0443370416,0.0495495446,0.0443370416
709000608030,0.076091221,0.17014932200000002,0.11182571589999998,0.11182571589999998,0.11182571589999998,0.11182571589999998,0.13759688949999999,0.11182571589999998
709000706040,0.234667403,0.414892846,0.30074605575,0.30074605575,0.30074605575,0.30074605575,0.34861136875,0.30074605575
710000108060,0.518673654,0.663705126,0.526323364,0.526323364,0.526323364,0.526323364,0.56446944,0.526323364
710000409110,0.1359896448,0.17701634700000002,0.1822697313,0.1822697313,0.1822697313,0.1822697313,0.1946888319,0.1822697313
710000608010,0.38155839,0.366060694,0.3903766665,0.3903766665,0.3903766665,0.3903766665,0.39031818,0.3903766665
710000617020,0.056756672800000005,0.0898108828,0.08318461634999999,0.08318461634999999,0.08318461634999999,0.08318461634999999,0.09187967550000001,0.08318461634999999
710000709020,0.07473346439999999,0.1342092128,0.10146051295,0.10146051295,0.10146051295,0.10146051295,0.11668753409999999,0.10146051295
710000804050,0.0371243922,0.0506544466,0.054239241699999996,0.054239241699999996,0.054239241699999996,0.054239241699999996,0.058067430200000006,0.054239241699999996
710000807010,0.058730867799999996,0.1294220194,0.10669487744999999,0.10669487744999999,0.10669487744999999,0.10669487744999999,0.12463467645,0.10669487744999999
710000903100,0.0581511754,0.0954979418,0.08676935375,0.08676935375,0.08676935375,0.08676935375,0.0961526492,0.08676935375
711000105090,0.109504808,0.126274365,0.1313355569,0.1313355569,0.1313355569,0.1313355569,0.1348324889,0.1313355569
712000111030,0.0610562928,0.056738310800000004,0.060091714750000004,0.060091714750000004,0.060091714750000004,0.060091714750000004,0.0614091938,0.060091714750000004
712000114060,0.462356506,0.6038179539999999,0.507292987,0.507292987,0.507292987,0.507292987,0.548575109,0.507292987
712000118090,0.08380278199999999,0.140516092,0.1089244496,0.1089244496,0.1089244496,0.1089244496,0.1250900234,0.1089244496
712000207110,0.45752979600000004,0.47604724200000004,0.465814917,0.465814917,0.465814917,0.465814917,0.483431579,0.465814917
712000210010,0.50723443,0.5718500559999999,0.5321534895,0.5321534895,0.5321534895,0.5321534895,0.560381065,0.5321534895
712000214020,0.41177487199999996,0.523315476,0.439589051,0.439589051,0.439589051,0.439589051,0.48199125,0.439589051
712000301050,0.1018979152,0.15730675600000002,0.12173686985000001,0.12173686985000001,0.12173686985000001,0.12173686985000001,0.13639580604999998,0.12173686985000001
712000404040,0.098436739,0.147029184,0.118047222,0.118047222,0.118047222,0.118047222,0.13055436125,0.118047222
712000407060,0.040662321200000004,0.050184386000000004,0.04709976665,0.04709976665,0.04709976665,0.04709976665,0.04983977305,0.04709976665
712000408010,0.0340274124,0.0545289556,0.0399745202,0.0399745202,0.0399745202,0.0399745202,0.04528340955,0.0399745202
712000408050,0.153805066,0.24051239200000002,0.189918338,0.189918338,0.189918338,0.189918338,0.212037284,0.189918338
712000408100,0.184186555,0.331599494,0.22108178475,0.22108178475,0.22108178475,0.22108178475,0.26203188025,0.22108178475
712000505030,0.302982598,0.452250366,0.359086318,0.359086318,0.359086318,0.359086318,0.400901203,0.359086318
712000508030,0.0698014444,0.1218768072,0.08978083545,0.08978083545,0.08978083545,0.08978083545,0.10384987035,0.08978083545
712000609070,0.141909626,0.29192261799999997,0.168292766,0.168292766,0.168292766,0.168292766,0.203374235,0.168292766
712000612050,0.06814510879999999,0.118446312,0.08970852765000001,0.08970852765000001,0.08970852765000001,0.08970852765000001,0.10243172325000001,0.08970852765000001
712000706090,0.33546234799999997,0.491582176,0.4074590155,0.4074590155,0.4074590155,0.4074590155,0.451278646,0.4074590155
713000105050,0.0521807514,0.092001754,0.0614325065,0.0614325065,0.0614325065,0.0614325065,0.07161455505,0.0614325065
713000209040,0.180594224,0.245725748,0.20466737899999998,0.20466737899999998,0.20466737899999998,0.20466737899999998,0.23247696950000002,0.20466737899999998
713000503020,0.610563844,0.69609749,0.6731812555000001,0.6731812555000001,0.6731812555000001,0.6731812555000001,0.7005889919999999,0.6731812555000001
713000510040,0.15440185280000002,0.163428166,0.17654937065,0.17654937065,0.17654937065,0.17654937065,0.18062125565,0.17654937065
713000601070,0.58105235,0.61981068,0.6093377125,0.6093377125,0.6093377125,0.6093377125,0.6223349055,0.6093377125
713000604040,0.21933664400000003,0.201593316,0.23271641550000002,0.23271641550000002,0.23271641550000002,0.23271641550000002,0.2348910495,0.23271641550000002
713000802030,0.095260465,0.1128549422,0.10505562245,0.10505562245,0.10505562245,0.10505562245,0.11192409645000001,0.10505562245
713000804020,0.044311208000000005,0.0554305936,0.051157380350000003,0.051157380350000003,0.051157380350000003,0.051157380350000003,0.05532171145,0.051157380350000003
713000806040,0.31139857,0.293165532,0.3289018465,0.3289018465,0.3289018465,0.3289018465,0.3308964815,0.3289018465
713000903090,0.525906468,0.512353708,0.5144853859999999,0.5144853859999999,0.5144853859999999,0.5144853859999999,0.520377631,0.5144853859999999
713000908060,0.432070974,0.360035762,0.433085839,0.433085839,0.433085839,0.433085839,0.42367838449999995,0.433085839
713001007030,0.1550031832,0.18636186999999999,0.17058658285,0.17058658285,0.17058658285,0.17058658285,0.18488840465,0.17058658285
713001012030,0.056045193199999996,0.07108589800000001,0.06224918735,0.06224918735,0.06224918735,0.06224918735,0.0664769028,0.06224918735
713001108020,0.11439007100000001,0.132515829,0.14672684565,0.14672684565,0.14672684565,0.14672684565,0.15235628485000002,0.14672684565
713001206020,0.157088374,0.1488617732,0.16482862905,0.16482862905,0.16482862905,0.16482862905,0.1651680565,0.16482862905
714010102070,0.038677507,0.0451211084,0.0403557254,0.0403557254,0.0403557254,0.0403557254,0.04143261325,0.0403557254
714010602060,0.01093414284,0.0225209932,0.01535203611,0.01535203611,0.01535203611,0.01535203611,0.01836258801,0.01535203611
714010612010,0.0170325162,0.0208797445,0.019666596550000002,0.019666596550000002,0.019666596550000002,0.019666596550000002,0.020766758975,0.019666596550000002
714020204080,0.0503934082,0.1058775496,0.0669406864,0.0669406864,0.0669406864,0.0669406864,0.08226755725,0.0669406864
714020206040,0.0168629676,0.0179606752,0.018237653675,0.018237653675,0.018237653675,0.018237653675,0.019038952175000002,0.018237653675
714020209010,0.042391545600000004,0.056356324,0.0488434994,0.0488434994,0.0488434994,0.0488434994,0.05388292855,0.0488434994
714020405060,0.0495637066,0.07945026479999999,0.060070105750000005,0.060070105750000005,0.060070105750000005,0.060070105750000005,0.06636151409999999,0.060070105750000005
714020405120,0.0249534826,0.026284408399999997,0.02606689725,0.02606689725,0.02606689725,0.02606689725,0.0269655921,0.02606689725
714020406110,0.0399078586,0.0508447588,0.0477810224,0.0477810224,0.0477810224,0.0477810224,0.051814574950000004,0.0477810224
714020409020,0.010666133,0.0134091448,0.011313737025,0.011313737025,0.011313737025,0.011313737025,0.012267446325,0.011313737025
