HUC_12,waterid,Year,observed_load_kg_yr,predicted_load_kg_yr,observed_yield_kg_km2_yr,predicted_yield_kg_km2_yr,demiarea,demtarea
70101010503,7010101050301,2001,14202.48826944116,29451.41,402.1420585981972,833.9137777359033,35.317092469633145,1627.856938514745
70101010503,7010101050302,2002,9668.52155050621,33498.418,273.763236846848,948.5044112508156,35.317092469633145,1627.856938514745
70101010503,7010101050303,2003,6734.76426392028,24447.518,190.6941877990399,692.2290678662413,35.317092469633145,1627.856938514745
70101010503,7010101050304,2004,8845.980798594983,39433.445,250.4730763496758,1116.5541170725262,35.317092469633145,1627.856938514745
70101010503,7010101050305,2005,9882.35565454008,33558.438,279.81792847294184,950.2038716481178,35.317092469633145,1627.856938514745
70101010503,7010101050306,2006,7584.570557308723,22174.97,214.75636942169572,627.8820947411457,35.317092469633145,1627.856938514745
70101010503,7010101050307,2007,8017.86328605278,29904.031,227.02501042368692,846.7296968376578,35.317092469633145,1627.856938514745
70101010503,7010101050308,2008,10645.42384252337,38245.887,301.4241291713544,1082.92852909353,35.317092469633145,1627.856938514745
70101010503,7010101050309,2009,15176.889478953644,32281.2,429.73213301755396,914.0390032887473,35.317092469633145,1627.856938514745
70101010503,7010101050310,2010,18223.128296428546,34575.25,515.9860855504292,978.9948034292175,35.317092469633145,1627.856938514745
70101010503,7010101050311,2011,20965.60226719125,30622.215,593.638966322559,867.0650061674821,35.317092469633145,1627.856938514745
70101010503,7010101050312,2012,11463.301232371376,19405.826,324.58224703032727,549.4740547140397,35.317092469633145,1627.856938514745
70101010503,7010101050313,2013,17123.277228761563,34098.01,484.8439107348587,965.4817997636313,35.317092469633145,1627.856938514745
70101010503,7010101050314,2014,22448.684631015545,39923.098,635.6322975997443,1130.4185936123495,35.317092469633145,1627.856938514745
70101010503,7010101050315,2015,15242.204303672484,25755.635,431.5815158560478,729.2682720738006,35.317092469633145,1627.856938514745
70101010503,7010101050316,2016,7854.260639155566,24780.648,222.39261756637896,701.6616110543997,35.317092469633145,1627.856938514745
70101010503,7010101050317,2017,9623.624129396389,25165.0,272.4919707835834,712.5445001351042,35.317092469633145,1627.856938514745
70101010503,7010101050318,2018,17156.578295735315,31172.725,485.7868271712099,882.6526426772924,35.317092469633145,1627.856938514745
70101010503,7010101050319,2019,33254.32905692741,42777.676,941.5930568327682,1211.2456889474047,35.317092469633145,1627.856938514745
70101010503,7010101050320,2020,26240.52598163828,28551.078,742.997912532035,808.420965699518,35.317092469633145,1627.856938514745
70200011009,7020001100901,2001,693767.3494984839,233331.38,18526.456366942923,6230.912471930945,37.4473852828318,1191.6251812541311
70200011009,7020001100902,2002,23457.205744831783,113807.98,626.404368894242,3039.143564775846,37.4473852828318,1191.6251812541311
70200011009,7020001100903,2003,1804.842808353144,64057.496,48.19676446623886,1710.5999662242884,37.4473852828318,1191.6251812541311
70200011009,7020001100904,2004,3007.5363546996937,147313.3,80.3136542640945,3933.8741246518357,37.4473852828318,1191.6251812541311
70200011009,7020001100905,2005,47378.49423933011,145933.84,1265.2016657903039,3897.0368397631514,37.4473852828318,1191.6251812541311
70200011009,7020001100906,2006,31777.802594845645,120890.44,848.5987033496449,3228.274526697693,37.4473852828318,1191.6251812541311
70200011009,7020001100907,2007,181054.8158165576,261739.66,4834.912089297843,6989.530991900726,37.4473852828318,1191.6251812541311
70200011009,7020001100908,2008,389099.2211020478,283670.5,10390.55779631255,7575.175085189515,37.4473852828318,1191.6251812541311
70200011009,7020001100909,2009,137587.68227324082,362094.22,3674.1599242262587,9669.412624277571,37.4473852828318,1191.6251812541311
70200011009,7020001100910,2010,225783.1755177831,423252.9,6029.344206878339,11302.60221917404,37.4473852828318,1191.6251812541311
70200011009,7020001100911,2011,738197.031504589,607102.3,19712.91255528658,16212.141259388096,37.4473852828318,1191.6251812541311
70200011009,7020001100912,2012,57783.58178215162,170796.11,1543.0605193319916,4560.962233010791,37.4473852828318,1191.6251812541311
70200011009,7020001100913,2013,72110.52719836947,434842.12,1925.6491916253867,11612.082304698548,37.4473852828318,1191.6251812541311
70200011009,7020001100914,2014,219901.47937894764,504425.72,5872.278604182388,13470.252093442154,37.4473852828318,1191.6251812541311
70200011009,7020001100915,2015,57405.22004814166,254828.05,1532.9566968313743,6804.9624312976775,37.4473852828318,1191.6251812541311
70200011009,7020001100916,2016,129671.41403234718,374348.25,3462.7628351877634,9996.64588522351,37.4473852828318,1191.6251812541311
70200011009,7020001100917,2017,413721.0066631064,397580.8,11048.061260842735,10617.051016971152,37.4473852828318,1191.6251812541311
70200011009,7020001100918,2018,214474.5971259516,426807.2,5727.358412505239,11397.516723168248,37.4473852828318,1191.6251812541311
70200011009,7020001100919,2019,840680.2028330079,1258518.1,22449.63691012167,33607.6361672435,37.4473852828318,1191.6251812541311
70200011009,7020001100920,2020,182459.59796751407,275808.16,4872.425580302527,7365.218103130087,37.4473852828318,1191.6251812541311
70200030705,7020003070501,2001,1230486.2755100338,369802.5,19346.48410773662,5814.26898588186,63.60257856971359,2487.468078315961
70200030705,7020003070502,2002,101481.29897011055,232852.6,1595.5532189450275,3661.055970313761,63.60257856971359,2487.468078315961
70200030705,7020003070503,2003,56167.417420694335,140452.14,883.0996900405584,2208.2774497271844,63.60257856971359,2487.468078315961
70200030705,7020003070504,2004,58826.235349992094,299121.78,924.9033085272441,4702.98196592986,63.60257856971359,2487.468078315961
70200030705,7020003070505,2005,321975.4774681614,263405.7,5062.302263661371,4141.431148287265,63.60257856971359,2487.468078315961
70200030705,7020003070506,2006,403083.5049256346,244412.14,6337.534011829762,3842.8023752544004,63.60257856971359,2487.468078315961
70200030705,7020003070507,2007,530559.759715082,382943.84,8341.796380685186,6020.88545168436,63.60257856971359,2487.468078315961
70200030705,7020003070508,2008,535836.0906777513,291250.38,8424.754195939264,4579.222832620943,63.60257856971359,2487.468078315961
70200030705,7020003070509,2009,522643.6669946621,381087.7,8217.33456013583,5991.702043688322,63.60257856971359,2487.468078315961
70200030705,7020003070510,2010,1132859.6871982738,811250.94,17811.537089751284,12755.000791529277,63.60257856971359,2487.468078315961
70200030705,7020003070511,2011,1979603.5112897228,636713.06,31124.57947156838,10010.805761626643,63.60257856971359,2487.468078315961
70200030705,7020003070512,2012,71458.89549949998,175823.03,1123.5219877316015,2764.400971688336,63.60257856971359,2487.468078315961
70200030705,7020003070513,2013,395389.6851634814,575541.7,6216.566907426594,9049.030918914073,63.60257856971359,2487.468078315961
70200030705,7020003070514,2014,596724.4351085967,723676.44,9382.079288727866,11378.099068841868,63.60257856971359,2487.468078315961
70200030705,7020003070515,2015,428377.43660957424,382478.12,6735.221216542939,6013.563107048763,63.60257856971359,2487.468078315961
70200030705,7020003070516,2016,1001815.707544728,495887.34,15751.180692252226,7796.65465066746,63.60257856971359,2487.468078315961
70200030705,7020003070517,2017,1309352.6530680968,597452.75,20586.471217246955,9393.530316465758,63.60257856971359,2487.468078315961
70200030705,7020003070518,2018,987067.0722947232,1069292.0,15519.293313129083,16812.085673978912,63.60257856971359,2487.468078315961
70200030705,7020003070519,2019,2218789.2108298754,2186694.0,34885.208441634204,34380.587221054346,63.60257856971359,2487.468078315961
70200030705,7020003070520,2020,585439.3853580405,448829.1,9204.648593238266,7056.775214043356,63.60257856971359,2487.468078315961
70200051102,7020005110201,2001,1267891.0635825554,917118.25,71853.86772270298,51974.88594593761,17.645411496505314,4851.093673073071
70200051102,7020005110202,2002,429638.6637053725,769601.3,24348.463836644598,43614.81171195243,17.645411496505314,4851.093673073071
70200051102,7020005110203,2003,294086.8602162919,577968.8,16666.477870155424,32754.622929279216,17.645411496505314,4851.093673073071
70200051102,7020005110204,2004,701240.4592111403,803352.6,39740.66908839283,45527.563931229626,17.645411496505314,4851.093673073071
70200051102,7020005110205,2005,1988696.546887536,1150931.2,112703.32501349706,65225.523373481126,17.645411496505314,4851.093673073071
70200051102,7020005110206,2006,1436394.5510474695,501580.34,81403.29010360276,28425.539415691062,17.645411496505314,4851.093673073071
70200051102,7020005110207,2007,557800.790527322,732960.94,31611.66236547075,41538.33080884304,17.645411496505314,4851.093673073071
70200051102,7020005110208,2008,636803.9226338092,760695.56,36088.92446401313,43110.1059984153,17.645411496505314,4851.093673073071
70200051102,7020005110209,2009,941622.1549516463,672304.6,53363.57019149909,38100.817322007504,17.645411496505314,4851.093673073071
70200051102,7020005110210,2010,1873397.96006062,1234525.6,106169.1284689874,69962.98160824976,17.645411496505314,4851.093673073071
70200051102,7020005110211,2011,3387280.639188698,1118682.6,191963.82242825854,63397.93210385351,17.645411496505314,4851.093673073071
70200051102,7020005110212,2012,553490.2872044502,413752.16,31367.377706893905,23448.144583193418,17.645411496505314,4851.093673073071
70200051102,7020005110213,2013,728946.9804192244,1045237.75,41310.85186444038,59235.668729347,17.645411496505314,4851.093673073071
70200051102,7020005110214,2014,1759983.7971855646,1920283.6,99741.72591747892,108826.22943535852,17.645411496505314,4851.093673073071
70200051102,7020005110215,2015,1127684.9676849712,677993.3,63908.113897389696,38423.20708328491,17.645411496505314,4851.093673073071
70200051102,7020005110216,2016,2273000.4682677262,969672.06,128815.38459547376,54953.2132017462,17.645411496505314,4851.093673073071
70200051102,7020005110217,2017,3083449.0942051467,1169698.2,174745.09420286547,66289.08598882261,17.645411496505314,4851.093673073071
70200051102,7020005110218,2018,2164982.866987152,1441212.1,122693.81575011318,81676.31003025535,17.645411496505314,4851.093673073071
70200051102,7020005110219,2019,4462948.353988715,2595421.5,252924.01681154364,147087.61541288084,17.645411496505314,4851.093673073071
70200051102,7020005110220,2020,1144952.836493818,1011198.4,64886.7178144628,57306.592152881705,17.645411496505314,4851.093673073071
70101060806,7010106080601,2001,343738.577526994,109871.305,13486.643733211433,4310.820035675645,25.487332825477043,2365.5681484474185
70200060704,7020006070401,2001,2320552.863532076,1244628.8,32601.28744380863,17485.70433680264,71.17979213341701,1619.4307231637365
70101060806,7010106080602,2002,192720.0376593668,129575.29,7561.404678120127,5083.909363418247,25.487332825477043,2365.5681484474185
70200060704,7020006070402,2002,1737479.4432889903,875964.0,24409.729098847565,12306.3579387549,71.17979213341701,1619.4307231637365
70101060806,7010106080603,2003,148857.59666989924,96034.94,5840.454067484917,3767.947813825534,25.487332825477043,2365.5681484474185
70200060704,7020006070403,2003,677264.3910227023,617472.06,9514.840809780124,8674.822467065247,71.17979213341701,1619.4307231637365
70101060806,7010106080604,2004,191165.7623091732,136782.95,7500.42241054288,5366.703175126755,25.487332825477043,2365.5681484474185
70200060704,7020006070404,2004,1063300.55912517,1070020.5,14938.236362536087,15032.644349317423,71.17979213341701,1619.4307231637365
70101060806,7010106080605,2005,246777.84385589085,136661.52,9682.372241367391,5361.938847653515,25.487332825477043,2365.5681484474185
70200060704,7020006070405,2005,1336009.4331009914,898856.44,18769.504561025133,12627.972252506914,71.17979213341701,1619.4307231637365
70101060806,7010106080606,2006,211611.60244966496,84758.27,8302.618555604171,3325.50567689358,25.487332825477043,2365.5681484474185
70200060704,7020006070406,2006,2129594.688998201,662020.9,29918.529194445528,9300.686053692461,71.17979213341701,1619.4307231637365
70101060806,7010106080607,2007,186111.062111124,94530.516,7302.100356498977,3708.9214727681374,25.487332825477043,2365.5681484474185
70200060704,7020006070407,2007,1229021.2699848968,1155725.8,17266.43522196947,16236.71220946735,71.17979213341701,1619.4307231637365
70101060806,7010106080608,2008,548538.0513348453,128444.61,21521.987219726994,5039.546934138485,25.487332825477043,2365.5681484474185
70200060704,7020006070408,2008,1298546.1840953494,1044678.6,18243.18595453887,14676.617740634723,71.17979213341701,1619.4307231637365
70101060806,7010106080609,2009,339534.4053708919,126547.125,13321.69229694739,4965.098775400459,25.487332825477043,2365.5681484474185
70200060704,7020006070409,2009,521101.3408450319,728598.9,7320.916867364505,10236.03579277583,71.17979213341701,1619.4307231637365
70101060806,7010106080610,2010,435459.3429728159,124660.02,17085.324147277286,4891.057877793722,25.487332825477043,2365.5681484474185
70200060704,7020006070410,2010,3691422.3197997897,2625308.2,51860.538070702874,36882.77418792135,71.17979213341701,1619.4307231637365
70101060806,7010106080611,2011,388546.7139909853,120480.49,15244.698872633524,4727.073280871828,25.487332825477043,2365.5681484474185
70200060704,7020006070411,2011,4229249.623696861,1559167.4,59416.436841648785,21904.63547684361,71.17979213341701,1619.4307231637365
70101060806,7010106080612,2012,257286.40896043545,82548.66,10094.677647213557,3238.8112387140277,25.487332825477043,2365.5681484474185
70200060704,7020006070412,2012,606673.4012823846,746047.0,8523.112854070385,10481.162948630625,71.17979213341701,1619.4307231637365
70101060806,7010106080613,2013,210265.48981987173,153809.0,8249.803589086856,6034.723250690755,25.487332825477043,2365.5681484474185
70200060704,7020006070413,2013,782581.8331960491,922811.6,10994.4383053157,12964.516646386279,71.17979213341701,1619.4307231637365
70101060806,7010106080614,2014,213908.15199192704,166650.34,8392.724082062648,6538.555491118982,25.487332825477043,2365.5681484474185
70200060704,7020006070414,2014,986236.5941998858,1225152.5,13855.570024021947,17212.083138759597,71.17979213341701,1619.4307231637365
70101060806,7010106080615,2015,210903.56098050537,93304.84,8274.838423645762,3660.8318586687433,25.487332825477043,2365.5681484474185
70200060704,7020006070415,2015,361166.70616047975,659532.0,5074.006193829859,9265.719668916641,71.17979213341701,1619.4307231637365
70101060806,7010106080616,2016,231836.62581672132,94716.53,9096.150915602211,3716.219764875582,25.487332825477043,2365.5681484474185
70200060704,7020006070416,2016,3036054.92440782,1169755.5,42653.326645252644,16433.814499028736,71.17979213341701,1619.4307231637365
70101060806,7010106080617,2017,235343.1510476692,109734.33,9233.730051675751,4305.445797384887,25.487332825477043,2365.5681484474185
70200060704,7020006070417,2017,3801539.084447422,1238625.2,53407.560917316885,17401.360173662244,71.17979213341701,1619.4307231637365
70101060806,7010106080618,2018,216025.76835293605,117813.6,8475.80913358645,4622.437381216836,25.487332825477043,2365.5681484474185
70200060704,7020006070418,2018,4218934.651525421,2618854.8,59271.522507646434,36792.11081554308,71.17979213341701,1619.4307231637365
70101060806,7010106080619,2019,296200.9630914138,213685.72,11621.497044026999,8383.996923616916,25.487332825477043,2365.5681484474185
70200060704,7020006070419,2019,4553495.513810677,3167355.0,63971.74503229454,44497.952369167026,71.17979213341701,1619.4307231637365
70101060806,7010106080620,2020,334318.7509830405,107753.26,13117.055176870319,4227.718166425411,25.487332825477043,2365.5681484474185
70200060704,7020006070420,2020,1171179.992094418,1084547.0,16453.827090407874,15236.726147881433,71.17979213341701,1619.4307231637365
70101040404,7010104040401,2001,528927.0178781175,137106.73,14596.366964195682,3783.6224596151274,36.23689505584196,15390.5183422665
70101040404,7010104040402,2002,194583.77270213503,122721.51,5369.769468445808,3386.645290963342,36.23689505584196,15390.5183422665
70101040404,7010104040403,2003,77472.0050794627,84711.15,2137.931656674127,2337.70442719935,36.23689505584196,15390.5183422665
70101040404,7010104040404,2004,145633.6607123316,139227.6,4018.933202966382,3842.1503769968917,36.23689505584196,15390.5183422665
70101040404,7010104040405,2005,267349.98212450766,143622.9,7377.839125358689,3963.443881675665,36.23689505584196,15390.5183422665
70101040404,7010104040406,2006,202035.0129366898,82207.03,5575.395260144358,2268.600272548653,36.23689505584196,15390.5183422665
70101040404,7010104040407,2007,168415.3020621913,116198.484,4647.619554673741,3206.634669469755,36.23689505584196,15390.5183422665
70101040404,7010104040408,2008,356342.0107808639,151176.66,9833.679464858451,4171.898827618453,36.23689505584196,15390.5183422665
70101040404,7010104040409,2009,465115.23239392135,129679.484,12835.405232075407,3578.6588172126962,36.23689505584196,15390.5183422665
70101040404,7010104040410,2010,330564.1222122852,127853.82,9122.308125541043,3528.277458732987,36.23689505584196,15390.5183422665
70101040404,7010104040411,2011,262378.91219726583,125932.695,7240.656568200266,3475.261740994491,36.23689505584196,15390.5183422665
70101040404,7010104040412,2012,233283.02382442792,95830.1,6437.721097928863,2644.545010060145,36.23689505584196,15390.5183422665
70101040404,7010104040413,2013,320286.00212799886,130951.72,8838.671239200547,3613.767675133317,36.23689505584196,15390.5183422665
70101040404,7010104040414,2014,355633.91155438684,180275.86,9814.138628774515,4974.925686160207,36.23689505584196,15390.5183422665
70101040404,7010104040415,2015,176131.95142163397,99729.21,4860.569625245492,2752.1455645224237,36.23689505584196,15390.5183422665
70101040404,7010104040416,2016,322421.5640789809,115798.97,8897.604598355383,3195.6096078748164,36.23689505584196,15390.5183422665
70101040404,7010104040417,2017,421941.5679712873,119231.74,11643.97687277193,3290.340958193601,36.23689505584196,15390.5183422665
70101040404,7010104040418,2018,238487.04108099072,136428.42,6581.332112298149,3764.9036924869088,36.23689505584196,15390.5183422665
70101040404,7010104040419,2019,364648.9854765312,187162.02,10062.920261644878,5164.957420098456,36.23689505584196,15390.5183422665
70101040404,7010104040420,2020,302359.4272597447,110149.305,8343.966192296588,3039.7004166680713,36.23689505584196,15390.5183422665
70200070403,7020007040301,2001,10332505.00831504,8179530.0,351369.5705274994,278155.0012222522,29.40637401469682,23323.267670198795
70200070403,7020007040302,2002,2671345.5000128844,5800959.0,90842.39691292065,197268.76210922084,29.40637401469682,23323.267670198795
70200070403,7020007040303,2003,1685859.0567686942,4102373.5,57329.71552106798,139506.2681971501,29.40637401469682,23323.267670198795
70200070403,7020007040304,2004,3795570.080349709,7168945.5,129073.03969039996,243788.82947000128,29.40637401469682,23323.267670198795
70200070403,7020007040305,2005,6658751.015498839,6563296.5,226439.03706628046,223192.9885921934,29.40637401469682,23323.267670198795
70200070403,7020007040306,2006,8144694.6751967715,4381249.5,276970.38305797876,148989.79037028924,29.40637401469682,23323.267670198795
70200070403,7020007040307,2007,6407755.036108688,7438121.5,217903.60936394942,252942.49118516108,29.40637401469682,23323.267670198795
70200070403,7020007040308,2008,6134712.793082267,6645627.5,208618.47128844375,225992.75574331693,29.40637401469682,23323.267670198795
70200070403,7020007040309,2009,5427944.281818736,6268010.0,184583.93677186925,213151.40713599548,29.40637401469682,23323.267670198795
70200070403,7020007040310,2010,19809593.40949278,14452446.0,673649.6447876325,491473.24293627316,29.40637401469682,23323.267670198795
70200070403,7020007040311,2011,24359933.86270139,11107548.0,828389.5814739586,377725.8629183126,29.40637401469682,23323.267670198795
70200070403,7020007040312,2012,3078628.485894164,4694444.0,104692.55693869351,159640.35544313607,29.40637401469682,23323.267670198795
70200070403,7020007040313,2013,5285547.158763927,8806052.0,179741.5470578691,299460.6541969058,29.40637401469682,23323.267670198795
70200070403,7020007040314,2014,8256385.815190834,13382943.0,280768.57796423417,455103.4749578927,29.40637401469682,23323.267670198795
70200070403,7020007040315,2015,3515070.889642416,5083280.5,119534.31891622006,172863.21997603175,29.40637401469682,23323.267670198795
70200070403,7020007040316,2016,16524943.783589192,8954056.0,561951.0850038939,304493.7126734806,29.40637401469682,23323.267670198795
70200070403,7020007040317,2017,22050485.9599374,9507613.0,749853.9584961047,323318.100873241,29.40637401469682,23323.267670198795
70200070403,7020007040318,2018,20338347.70682058,14890680.0,691630.5865067149,506375.9303529869,29.40637401469682,23323.267670198795
70200070403,7020007040319,2019,27463034.3617699,23075152.0,933914.3393892879,784698.9903776447,29.40637401469682,23323.267670198795
70200070403,7020007040320,2020,7209300.289371762,8091403.5,245161.14383122086,275158.15094904427,29.40637401469682,23323.267670198795
70101061108,7010106110801,2001,773270.3634469563,527627.1,27931.09675822749,19058.280620855443,27.684926594197517,8474.026621723227
70101061108,7010106110802,2002,647506.6298570667,525724.5,23388.417796736278,18989.55730336618,27.684926594197517,8474.026621723227
70101061108,7010106110803,2003,455691.9087738074,432751.47,16459.928373778526,15631.302778700534,27.684926594197517,8474.026621723227
70101061108,7010106110804,2004,588698.8050218472,558269.5,21264.235721153498,20165.106745018704,27.684926594197517,8474.026621723227
70101061108,7010106110805,2005,724829.8677384999,633534.25,26181.390269259988,22883.725114618235,27.684926594197517,8474.026621723227
70101061108,7010106110806,2006,580243.484964468,411986.7,20958.823314564295,14881.263946943182,27.684926594197517,8474.026621723227
70101061108,7010106110807,2007,518611.2299208024,496081.5,18732.620733388474,17918.830245479996,27.684926594197517,8474.026621723227
70101061108,7010106110808,2008,510914.8528099157,593199.75,18454.621906673154,21426.813178703847,27.684926594197517,8474.026621723227
70101061108,7010106110809,2009,669406.1586385237,630912.6,24179.44495394922,22789.02917995213,27.684926594197517,8474.026621723227
70101061108,7010106110810,2010,624177.075860155,674715.8,22545.737072352444,24371.233122265665,27.684926594197517,8474.026621723227
70101061108,7010106110811,2011,627377.162866754,717710.75,22661.326579000066,25924.242477508502,27.684926594197517,8474.026621723227
70101061108,7010106110812,2012,486471.7397856722,491207.25,17571.718607613424,17742.768734772522,27.684926594197517,8474.026621723227
70101061108,7010106110813,2013,621697.2424823052,858544.5,22456.163658841222,31011.26156426011,27.684926594197517,8474.026621723227
70101061108,7010106110814,2014,725451.5873736705,989941.8,26203.84724175927,35757.42910611444,27.684926594197517,8474.026621723227
70101061108,7010106110815,2015,597166.7245875846,499259.75,21570.103231292105,18033.630983317827,27.684926594197517,8474.026621723227
70101061108,7010106110816,2016,708626.4911975892,539288.5,25596.112338838935,19479.499003368477,27.684926594197517,8474.026621723227
70101061108,7010106110817,2017,802116.5779627854,670929.6,28973.043335823797,24234.47278132282,27.684926594197517,8474.026621723227
70101061108,7010106110818,2018,761793.4187569278,672277.6,27516.54103777151,24283.163537117798,27.684926594197517,8474.026621723227
70101061108,7010106110819,2019,814565.760246497,1054131.4,29422.71699637527,38076.004876275714,27.684926594197517,8474.026621723227
70101061108,7010106110820,2020,818660.9941447466,616256.2,29570.639870012503,22259.629184971764,27.684926594197517,8474.026621723227
70200080803,7020008080301,2001,6645451.31256922,4568369.0,63258.50180774276,43486.614385142384,105.05230321082036,3386.259891664228
70200100606,7020010060601,2001,5726748.152410921,3093564.5,96340.84715859848,52042.90755204501,59.4425762416581,2205.1973158933806
70200080803,7020008080302,2002,3516053.170671815,2941445.5,33469.54862679929,27999.819233825536,105.05230321082036,3386.259891664228
70200100606,7020010060602,2002,1229423.921975916,2010973.9,20682.547757987653,33830.53069275763,59.4425762416581,2205.1973158933806
70200080803,7020008080303,2003,1633374.6657981628,2048445.6,15548.204236134497,19499.292613215268,105.05230321082036,3386.259891664228
70200100606,7020010060603,2003,1730245.3326478165,1487282.2,29107.845622532743,25020.486897364553,59.4425762416581,2205.1973158933806
70200080803,7020008080304,2004,3379227.308934726,3609011.0,32167.093967975627,34354.42050953789,105.05230321082036,3386.259891664228
70200100606,7020010060604,2004,3343960.360385812,2917791.2,56255.30674833576,49085.880600766686,59.4425762416581,2205.1973158933806
70200080803,7020008080305,2005,5269367.0005842345,3698681.0,50159.461901654824,35207.99532188683,105.05230321082036,3386.259891664228
70200100606,7020010060605,2005,5498035.32568587,3749149.5,92493.22074020033,63071.78687475105,59.4425762416581,2205.1973158933806
70200080803,7020008080306,2006,8080355.624537557,2500903.5,76917.45328345436,23806.270053700333,105.05230321082036,3386.259891664228
70200100606,7020010060606,2006,5206002.94497015,2531288.0,87580.37208558463,42583.75326313737,59.4425762416581,2205.1973158933806
70200080803,7020008080307,2007,4060884.9469101657,3951074.5,38655.83926095107,37610.54616833037,105.05230321082036,3386.259891664228
70200100606,7020010060607,2007,2949885.070993544,2963272.2,49625.794464241735,49851.005581472455,59.4425762416581,2205.1973158933806
70200080803,7020008080308,2008,3667349.630030423,3368887.8,34909.749885928126,32068.67148109329,105.05230321082036,3386.259891664228
70200100606,7020010060608,2008,3531874.603825171,2906284.0,59416.58028862465,48892.29545140811,59.4425762416581,2205.1973158933806
70200080803,7020008080309,2009,832798.6900704709,2520981.2,7927.467219820964,23997.39104187808,105.05230321082036,3386.259891664228
70200100606,7020010060609,2009,767094.5299214781,1993349.9,12904.799529598595,33534.0428701513,59.4425762416581,2205.1973158933806
70200080803,7020008080310,2010,9745156.051762376,7203569.0,92764.8014742301,68571.2619317235,105.05230321082036,3386.259891664228
70200100606,7020010060610,2010,6980739.751675314,5117806.0,117436.69593484282,86096.63853050463,59.4425762416581,2205.1973158933806
70200080803,7020008080311,2011,11528934.023972154,5224417.0,109744.70498600812,49731.579797118495,105.05230321082036,3386.259891664228
70200100606,7020010060611,2011,6805731.4451121045,2958954.8,114492.53843649129,49778.37413995404,59.4425762416581,2205.1973158933806
70200080803,7020008080312,2012,1887586.6226127965,2443637.8,17968.06509634313,23261.153971046926,105.05230321082036,3386.259891664228
70200100606,7020010060612,2012,2160017.395788308,1650796.8,36337.88325403266,27771.286245886175,59.4425762416581,2205.1973158933806
70200080803,7020008080313,2013,1658516.605526636,2789629.2,15787.532065796813,26554.66957637031,105.05230321082036,3386.259891664228
70200100606,7020010060613,2013,1752893.9577494313,2575133.8,29488.86250527246,43321.36934191816,59.4425762416581,2205.1973158933806
70200080803,7020008080314,2014,2836869.430798042,4598295.5,27004.352537659026,43771.48676856784,105.05230321082036,3386.259891664228
70200100606,7020010060614,2014,2365302.2760388246,3054275.5,39791.382298487784,51381.95033107474,59.4425762416581,2205.1973158933806
70200080803,7020008080315,2015,3188897.1361918324,2744645.5,30355.3281434707,26126.46668480946,105.05230321082036,3386.259891664228
70200100606,7020010060615,2015,2759127.860292845,2528947.8,46416.693803375456,42544.38417538979,59.4425762416581,2205.1973158933806
70200080803,7020008080316,2016,14167946.823647738,5288028.5,134865.6468313247,50337.10198040984,105.05230321082036,3386.259891664228
70200100606,7020010060616,2016,13951938.216305804,6386595.5,234712.87919260992,107441.43177839243,59.4425762416581,2205.1973158933806
70200080803,7020008080317,2017,8345733.178394762,4395052.5,79443.60021927777,41836.802865520716,105.05230321082036,3386.259891664228
70200100606,7020010060617,2017,3976680.358624439,3298402.8,66899.52909271001,55488.893795428026,59.4425762416581,2205.1973158933806
70200080803,7020008080318,2018,11157031.739792123,8806821.0,106204.54191663027,83832.72646889383,105.05230321082036,3386.259891664228
70200100606,7020010060618,2018,9566895.650300696,7074354.5,160943.48958577096,119011.57297153288,59.4425762416581,2205.1973158933806
70200080803,7020008080319,2019,11936238.248209966,10117439.0,113621.86152412256,96308.58811059277,105.05230321082036,3386.259891664228
70200100606,7020010060619,2019,7719547.96436203,7177060.5,129865.63592026944,120739.39175890271,59.4425762416581,2205.1973158933806
70200080803,7020008080320,2020,3003541.835368657,4432809.5,28590.918462216952,42196.21430959185,105.05230321082036,3386.259891664228
70200100606,7020010060620,2020,2717710.157610913,3919377.2,45719.92550528635,65935.52042674173,59.4425762416581,2205.1973158933806
70200091103,7020009110301,2001,24193430.12303189,10026827.0,2344057.202496098,971480.9321377418,10.321177357476268,6277.375111747175
70200091103,7020009110302,2002,3986814.60184816,6190860.5,386275.17615131993,599821.1527210679,10.321177357476268,6277.375111747175
70200091103,7020009110303,2003,5968584.973817202,4507714.0,578285.2834607853,436744.16627816047,10.321177357476268,6277.375111747175
70200091103,7020009110304,2004,10755262.847310487,10506086.0,1042057.7493051008,1017915.4602347562,10.321177357476268,6277.375111747175
70200091103,7020009110305,2005,16634883.947548658,11416538.0,1611723.485741574,1106127.489586282,10.321177357476268,6277.375111747175
70200091103,7020009110306,2006,14817622.44230088,8164267.0,1435652.3416940954,791020.8997703267,10.321177357476268,6277.375111747175
70200091103,7020009110307,2007,10848286.639292112,10593738.0,1051070.6543991347,1026407.9022269973,10.321177357476268,6277.375111747175
70200091103,7020009110308,2008,11316741.255370809,9394224.0,1096458.3654958117,910189.1842983573,10.321177357476268,6277.375111747175
70200091103,7020009110309,2009,3921246.5249692737,6916016.0,379922.4050857795,670080.1430362304,10.321177357476268,6277.375111747175
70200091103,7020009110310,2010,20411060.586057063,15556322.0,1977590.3348150556,1507223.590991932,10.321177357476268,6277.375111747175
70200091103,7020009110311,2011,16887829.69702936,9914765.0,1636230.9368510619,960623.449883663,10.321177357476268,6277.375111747175
70200091103,7020009110312,2012,4049508.92775448,4458018.0,392349.51474030915,431929.2117164116,10.321177357476268,6277.375111747175
70200091103,7020009110313,2013,10677369.491094695,9639138.0,1034510.8044636415,933918.4538881871,10.321177357476268,6277.375111747175
70200091103,7020009110314,2014,7705482.045813847,9964140.0,746570.064531668,965407.3033424192,10.321177357476268,6277.375111747175
70200091103,7020009110315,2015,9832414.216140822,8016852.0,952644.63302906,776738.1299956925,10.321177357476268,6277.375111747175
70200091103,7020009110316,2016,38816879.85516016,15560203.0,3760896.5053819846,1507599.6139848116,10.321177357476268,6277.375111747175
70200091103,7020009110317,2017,14542888.54409681,9078909.0,1409033.876698427,879638.890559669,10.321177357476268,6277.375111747175
70200091103,7020009110318,2018,30320161.520744063,18913096.0,2937665.0037683244,1832455.2853749841,10.321177357476268,6277.375111747175
70200091103,7020009110319,2019,27038409.10747312,19717156.0,2619702.013732719,1910359.1884037962,10.321177357476268,6277.375111747175
70200091103,7020009110320,2020,8460596.295469265,9641298.0,819731.7033158753,934127.7323382308,10.321177357476268,6277.375111747175
70300040804,7030004080401,2001,179589.88526291822,119811.25,115569.98170190466,77101.1348991678,1.5539492402633,2511.480687367294
70300040804,7030004080402,2002,138078.44869524264,135020.12,88856.4729899715,86888.37222065394,1.5539492402633,2511.480687367294
70300040804,7030004080403,2003,78797.45001548843,114347.06,50707.86610902236,73584.81026099998,1.5539492402633,2511.480687367294
70300040804,7030004080404,2004,81526.36362407482,143621.34,52463.981133811714,92423.44362269189,1.5539492402633,2511.480687367294
70300040804,7030004080405,2005,80967.26920873577,129750.625,52104.19176563112,83497.33803275012,1.5539492402633,2511.480687367294
70300040804,7030004080406,2006,45798.04703504087,83158.06,29472.03541042363,53514.013099880765,1.5539492402633,2511.480687367294
70300040804,7030004080407,2007,78241.15540246635,99013.125,50349.87847428609,63717.090902675365,1.5539492402633,2511.480687367294
70300040804,7030004080408,2008,99977.18602455796,121218.88,64337.485056859325,78006.97529827987,1.5539492402633,2511.480687367294
70300040804,7030004080409,2009,93796.25041446646,94352.54,60359.91909142006,60717.90349085854,1.5539492402633,2511.480687367294
70300040804,7030004080410,2010,83560.66026614264,105374.555,53773.09509285142,67810.80891815064,1.5539492402633,2511.480687367294
70300040804,7030004080411,2011,99023.6006419142,93842.72,63723.83220518562,60389.82327640211,1.5539492402633,2511.480687367294
70300040804,7030004080412,2012,73517.74763959249,66406.98,47310.26325360261,42734.33023381642,1.5539492402633,2511.480687367294
70300040804,7030004080413,2013,75999.95826654517,107262.25,48907.619565274734,69025.5815446234,1.5539492402633,2511.480687367294
70300040804,7030004080414,2014,186000.77114020984,157187.31,119695.52564580167,101153.43920330776,1.5539492402633,2511.480687367294
70300040804,7030004080415,2015,76782.55271075253,75377.01,49411.23604381218,48506.738860548736,1.5539492402633,2511.480687367294
70300040804,7030004080416,2016,118408.38891358608,87667.0,76198.36339925946,56415.6136690448,1.5539492402633,2511.480687367294
70300040804,7030004080417,2017,113647.86903150436,86793.58,73134.86572588945,55853.54897776054,1.5539492402633,2511.480687367294
70300040804,7030004080418,2018,126150.90652466626,99507.3,81180.84121157738,64035.103220707235,1.5539492402633,2511.480687367294
70300040804,7030004080419,2019,195776.46276672525,127902.664,125986.39498260125,82308.1350960526,1.5539492402633,2511.480687367294
70300040804,7030004080420,2020,167144.55938097756,77778.91,107561.14488826979,50052.413543972136,1.5539492402633,2511.480687367294
70200120609,7020012060901,2001,1105908.6714202915,643256.06,13981.652207025394,8132.482132933242,79.09713780926427,624.3614089641754
70200120609,7020012060902,2002,543284.1857670177,1029468.94,6868.569468052046,13015.248952275277,79.09713780926427,624.3614089641754
70200120609,7020012060903,2003,367998.4404671518,614844.9,4652.487443408476,7773.288857589815,79.09713780926427,624.3614089641754
70200120609,7020012060904,2004,1185923.664698904,1242556.4,14993.256362305468,15709.246053837174,79.09713780926427,624.3614089641754
70200120609,7020012060905,2005,1500789.3058584896,1017942.44,18974.002693719587,12869.523072436297,79.09713780926427,624.3614089641754
70200120609,7020012060906,2006,1149600.2395141297,478870.12,14534.030830373265,6054.202886010273,79.09713780926427,624.3614089641754
70200120609,7020012060907,2007,716619.0549546067,822304.75,9059.987185410804,10396.137872686557,79.09713780926427,624.3614089641754
70200120609,7020012060908,2008,766233.244935878,699690.94,9687.243636850444,8845.970402712202,79.09713780926427,624.3614089641754
70200120609,7020012060909,2009,750773.5739110085,711553.7,9491.79192452491,8995.94751096871,79.09713780926427,624.3614089641754
70200120609,7020012060910,2010,1642391.5339012046,1188365.6,20764.234704189752,15024.128975003348,79.09713780926427,624.3614089641754
70200120609,7020012060911,2011,2181930.865964045,854400.06,27585.45917585005,10801.90868676323,79.09713780926427,624.3614089641754
70200120609,7020012060912,2012,1170487.8595960804,875177.7,14798.106379254936,11064.593792387448,79.09713780926427,624.3614089641754
70200120609,7020012060913,2013,1656798.5921504183,896765.8,20946.37856739698,11337.52528647081,79.09713780926427,624.3614089641754
70200120609,7020012060914,2014,2097285.990858014,1714965.6,26515.32089461231,21681.76557962802,79.09713780926427,624.3614089641754
70200120609,7020012060915,2015,355847.1433891812,740222.25,4498.862452485639,9358.394886360873,79.09713780926427,624.3614089641754
70200120609,7020012060916,2016,3916594.103970274,1252132.1,49516.255738795415,15830.308588654694,79.09713780926427,624.3614089641754
70200120609,7020012060917,2017,2239793.8888162314,955431.5,28317.00300227419,12079.217105224949,79.09713780926427,624.3614089641754
70200120609,7020012060918,2018,2429427.4845677847,1237854.0,30714.48034473932,15649.795103648063,79.09713780926427,624.3614089641754
70200120609,7020012060919,2019,2949879.601742044,1544578.8,37294.39121874949,19527.61936499668,79.09713780926427,624.3614089641754
70200120609,7020012060920,2020,791973.8335437091,960648.3,10012.673725988465,12145.171451292184,79.09713780926427,624.3614089641754
70102030507,7010203050701,2001,225323.2719009255,328971.72,12019.971813416478,17549.14513912176,18.745740455848964,1536.9330887449175
70102030507,7010203050702,2002,308648.95611139445,453089.38,16465.018111092602,24170.257828285947,18.745740455848964,1536.9330887449175
70102030507,7010203050703,2003,228965.2385753533,295860.7,12214.254172281178,15782.82280696396,18.745740455848964,1536.9330887449175
70102030507,7010203050704,2004,230613.41401877283,379286.97,12302.176836488625,20233.234899059775,18.745740455848964,1536.9330887449175
70102030507,7010203050705,2005,247283.17116813263,369823.12,13191.432568403901,19728.381541984352,18.745740455848964,1536.9330887449175
70102030507,7010203050706,2006,204460.3792498181,232293.47,10907.031372346952,12391.800182399347,18.745740455848964,1536.9330887449175
70102030507,7010203050707,2007,179958.29224827272,312443.3,9599.956463289393,16667.429101340877,18.745740455848964,1536.9330887449175
70102030507,7010203050708,2008,171965.13649596256,409310.34,9173.557955791859,21834.84514596962,18.745740455848964,1536.9330887449175
70102030507,7010203050709,2009,191168.63703974205,332819.12,10197.977374646434,17754.38643162027,18.745740455848964,1536.9330887449175
70102030507,7010203050710,2010,242270.35481383407,378980.62,12924.021613573655,20216.89251980186,18.745740455848964,1536.9330887449175
70102030507,7010203050711,2011,294006.3997694404,401976.94,15683.904322792745,21443.6416073699,18.745740455848964,1536.9330887449175
70102030507,7010203050712,2012,174968.4887211498,254716.3,9333.773138129462,13587.956186629295,18.745740455848964,1536.9330887449175
70102030507,7010203050713,2013,159860.88001333366,420471.1,8527.850921111765,22430.220934207293,18.745740455848964,1536.9330887449175
70102030507,7010203050714,2014,232997.65843066448,610677.25,12429.365432613016,32576.85400255604,18.745740455848964,1536.9330887449175
70102030507,7010203050715,2015,250233.33712321304,309532.62,13348.810505115915,16512.157560755142,18.745740455848964,1536.9330887449175
70102030507,7010203050716,2016,304537.89855371194,342867.66,16245.71188697384,18290.430341097566,18.745740455848964,1536.9330887449175
70102030507,7010203050717,2017,272732.6008014505,362696.3,14549.043898468874,19348.19810688423,18.745740455848964,1536.9330887449175
70102030507,7010203050718,2018,257218.8609331044,386580.53,13721.456431071418,20622.313154846914,18.745740455848964,1536.9330887449175
70102030507,7010203050719,2019,346793.17451646563,607693.0,18499.838687794312,32417.657837057606,18.745740455848964,1536.9330887449175
70102030507,7010203050720,2020,354968.3366703943,317849.34,18935.94640907549,16955.816749336573,18.745740455848964,1536.9330887449175
70400020310,7040002031001,2001,3364709.369562012,2373284.5,72516.0331277029,51148.898321006076,46.399523311440085,1130.086481464336
70400020310,7040002031002,2002,1584683.2649274715,1963779.9,34153.00744128029,42323.27747892655,46.399523311440085,1130.086481464336
70400020310,7040002031003,2003,979042.815105368,1275511.8,21100.27744323785,27489.76086324393,46.399523311440085,1130.086481464336
70400020310,7040002031004,2004,2857632.2588517605,3839320.2,61587.53484752275,82744.81990321208,46.399523311440085,1130.086481464336
70400020310,7040002031005,2005,1740359.3879841426,2124379.5,37508.130768986724,45784.511313637166,46.399523311440085,1130.086481464336
70400020310,7040002031006,2006,2063743.8314337232,1860677.4,44477.69468624896,40101.218012755715,46.399523311440085,1130.086481464336
70400020310,7040002031007,2007,2532744.800164476,2414490.8,54585.57802769522,52036.97425496379,46.399523311440085,1130.086481464336
70400020310,7040002031008,2008,1685085.1264374154,1835718.6,36316.86289376053,39563.307314137695,46.399523311440085,1130.086481464336
70400020310,7040002031009,2009,563360.9908067794,1399512.4,12141.525399418904,30162.21504273389,46.399523311440085,1130.086481464336
70400020310,7040002031010,2010,3110801.246189606,3022493.5,67043.81907782701,65140.61534021807,46.399523311440085,1130.086481464336
70400020310,7040002031011,2011,3511322.692656829,1768658.8,75675.83548409195,38118.03815587749,46.399523311440085,1130.086481464336
70400020310,7040002031012,2012,1138053.274640935,1542389.2,24527.262209186123,33241.488056833434,46.399523311440085,1130.086481464336
70400020310,7040002031013,2013,3506192.338939685,4043929.5,75565.26638012275,87154.54839603804,46.399523311440085,1130.086481464336
70400020310,7040002031014,2014,2945993.217193283,2742573.5,63491.88541053245,59107.79474158524,46.399523311440085,1130.086481464336
70400020310,7040002031015,2015,2315757.7987165884,2525319.2,49909.08598721798,54425.54189726702,46.399523311440085,1130.086481464336
70400020310,7040002031016,2016,4436587.197035475,3473435.5,95617.08570272331,74859.29277087214,46.399523311440085,1130.086481464336
70400020310,7040002031017,2017,2492070.399620057,2034569.1,53708.965561842786,43848.92246292463,46.399523311440085,1130.086481464336
70400020310,7040002031018,2018,3153361.464460209,2817448.5,67961.07458463326,60721.49666471554,46.399523311440085,1130.086481464336
70400020310,7040002031019,2019,4138869.629649576,4147003.8,89200.69290084954,89376.00009734434,46.399523311440085,1130.086481464336
70400020310,7040002031020,2020,1452727.7853978788,2123263.2,31309.11013130387,45760.4528768186,46.399523311440085,1130.086481464336
70802010206,7080201020601,2001,3647561.02337698,2388446.0,30249.092741932338,19807.297013007472,120.58414625839686,1030.872342671737
70802010206,7080201020602,2002,1248962.1658222934,2396685.8,10357.598445370442,19875.629378875394,120.58414625839686,1030.872342671737
70802010206,7080201020603,2003,1661009.4113594492,2090464.2,13774.69147395307,17336.144633146007,120.58414625839686,1030.872342671737
70802010206,7080201020604,2004,3524927.38025957,4633290.0,29232.09633798865,38423.70779050369,120.58414625839686,1030.872342671737
70802010206,7080201020605,2005,2122929.422915238,2892220.8,17605.37756237096,23985.08336081204,120.58414625839686,1030.872342671737
70802010206,7080201020606,2006,3335117.483190508,2737082.2,27658.009669395222,22698.524515277262,120.58414625839686,1030.872342671737
70802010206,7080201020607,2007,3475688.214407861,3844450.0,28823.75770161272,31881.88596336554,120.58414625839686,1030.872342671737
70802010206,7080201020608,2008,2598960.662386937,3419294.8,21553.08755777635,28356.08913855786,120.58414625839686,1030.872342671737
70802010206,7080201020609,2009,1681284.345084825,2738664.5,13942.83077214845,22711.646472425837,120.58414625839686,1030.872342671737
70802010206,7080201020610,2010,3522204.70325318,3840926.0,29209.51727522731,31852.661557758784,120.58414625839686,1030.872342671737
70802010206,7080201020611,2011,4061643.627301994,3058641.8,33683.064924624465,25365.206744887593,120.58414625839686,1030.872342671737
70802010206,7080201020612,2012,688079.5257095404,2200960.8,5706.218827764234,18252.48897382923,120.58414625839686,1030.872342671737
70802010206,7080201020613,2013,5415038.463656316,6242589.0,44906.71976109165,51769.566677719864,120.58414625839686,1030.872342671737
70802010206,7080201020614,2014,3028805.87607556,3751216.0,25117.77849788981,31108.69974533476,120.58414625839686,1030.872342671737
70802010206,7080201020615,2015,3623154.1581645887,4043123.2,30046.687484112706,33529.47568527034,120.58414625839686,1030.872342671737
70802010206,7080201020616,2016,5641703.17699687,4616608.0,46786.44209917447,38285.364562827206,120.58414625839686,1030.872342671737
70802010206,7080201020617,2017,3439595.529493283,3387536.0,28524.442360131296,28092.714549232125,120.58414625839686,1030.872342671737
70802010206,7080201020618,2018,4921250.184374293,4238201.5,40811.75127142058,35147.25303041132,120.58414625839686,1030.872342671737
70802010206,7080201020619,2019,4486980.297364476,4734935.5,37210.36667415163,39266.65027634413,120.58414625839686,1030.872342671737
70802010206,7080201020620,2020,2073283.925420768,2755542.5,17193.669232255274,22851.615121072504,120.58414625839686,1030.872342671737
70600020602,7060002060201,2001,3860183.622827165,2251686.5,51804.53975536995,30218.143540137644,74.5143889137057,1988.5581595255364
70600020602,7060002060202,2002,1270521.3953778502,2021174.4,17050.685295818865,27124.618875163826,74.5143889137057,1988.5581595255364
70600020602,7060002060203,2003,804221.2463607992,1527125.5,10792.831533412413,20494.37058080886,74.5143889137057,1988.5581595255364
70600020602,7060002060204,2004,3599030.432418468,4289079.5,48299.804707336,57560.41970587904,74.5143889137057,1988.5581595255364
70600020602,7060002060205,2005,2802047.9411273333,2989417.8,37604.11890879699,40118.66491265213,74.5143889137057,1988.5581595255364
70600020602,7060002060206,2006,2784070.314858254,2176927.8,37362.85508671963,29214.86482994682,74.5143889137057,1988.5581595255364
70600020602,7060002060207,2007,5191338.7965114135,4651016.5,69668.94410854588,62417.69633763341,74.5143889137057,1988.5581595255364
70600020602,7060002060208,2008,8262338.258115533,5217275.5,110882.45342364756,70017.02055212544,74.5143889137057,1988.5581595255364
70600020602,7060002060209,2009,2543304.727080188,2904448.0,34131.726290147286,38978.350924458486,74.5143889137057,1988.5581595255364
70600020602,7060002060210,2010,4739234.182356616,3299625.8,63601.59764371242,44281.72663163433,74.5143889137057,1988.5581595255364
70600020602,7060002060211,2011,4574675.888419305,2646972.8,61393.1880152327,35522.97534192262,74.5143889137057,1988.5581595255364
70600020602,7060002060212,2012,818683.2107028036,2084302.6,10986.914375033144,27971.81363741449,74.5143889137057,1988.5581595255364
70600020602,7060002060213,2013,6634564.03893927,7396887.5,89037.35420312829,99267.90795488177,74.5143889137057,1988.5581595255364
70600020602,7060002060214,2014,4470376.007468683,5321394.0,59993.45995638207,71414.31443747929,74.5143889137057,1988.5581595255364
70600020602,7060002060215,2015,3694107.59362414,3120089.5,49575.761775383355,41872.308764597685,74.5143889137057,1988.5581595255364
70600020602,7060002060216,2016,9106328.209490946,6535356.0,122208.98999838655,87705.95981896228,74.5143889137057,1988.5581595255364
70600020602,7060002060217,2017,6213086.739762338,3109162.0,83381.03325194877,41725.659236106556,74.5143889137057,1988.5581595255364
70600020602,7060002060218,2018,7820945.367871548,6749988.0,104958.86072324768,90586.36994013448,74.5143889137057,1988.5581595255364
70600020602,7060002060219,2019,8571057.370399868,7179387.5,115025.53393178753,96349.00862321195,74.5143889137057,1988.5581595255364
70600020602,7060002060220,2020,4829401.389730723,3376164.2,64811.66201770237,45308.889319482965,74.5143889137057,1988.5581595255364
71000010806,7100001080601,2001,4567394.38230398,3670930.5,32648.471718976234,26240.403297759436,139.8961158616585,3214.760629549817
71000010806,7100001080602,2002,577451.4770005014,1811678.8,4127.716294650638,12950.172267767222,139.8961158616585,3214.760629549817
71000010806,7100001080603,2003,1172974.3232481335,1665855.8,8384.609651407856,11907.805944000216,139.8961158616585,3214.760629549817
71000010806,7100001080604,2004,1871182.2868064265,2744671.2,13375.51278876688,19619.35242515361,139.8961158616585,3214.760629549817
71000010806,7100001080605,2005,3096959.9463301552,3544967.2,22137.569204513868,25339.997312760086,139.8961158616585,3214.760629549817
71000010806,7100001080606,2006,4001482.855291975,2702490.5,28603.24484811995,19317.837978235642,139.8961158616585,3214.760629549817
71000010806,7100001080607,2007,3283710.408144785,3553657.5,23472.49162651524,25402.116978817103,139.8961158616585,3214.760629549817
71000010806,7100001080608,2008,2583541.601943729,3330064.5,18467.572069681766,23803.838151539952,139.8961158616585,3214.760629549817
71000010806,7100001080609,2009,1713070.077876385,2361092.0,12245.30121744351,16877.46643612932,139.8961158616585,3214.760629549817
71000010806,7100001080610,2010,6379744.128497306,5938555.0,45603.44001835015,42449.748968531494,139.8961158616585,3214.760629549817
71000010806,7100001080611,2011,5995939.610856871,4212405.0,42859.943422490585,30110.950358089955,139.8961158616585,3214.760629549817
71000010806,7100001080612,2012,1503709.2916933168,2093190.5,10748.756550041146,14962.463304341698,139.8961158616585,3214.760629549817
71000010806,7100001080613,2013,1457966.196542678,2553505.2,10421.777528008299,18252.867024021805,139.8961158616585,3214.760629549817
71000010806,7100001080614,2014,1217987.0510399602,3612071.2,8706.367889759085,25819.667527952897,139.8961158616585,3214.760629549817
71000010806,7100001080615,2015,2913381.85865362,2804031.8,20825.32342452328,20043.67156821474,139.8961158616585,3214.760629549817
71000010806,7100001080616,2016,7716464.744151271,4511013.5,55158.534578486695,32245.452078604412,139.8961158616585,3214.760629549817
71000010806,7100001080617,2017,4866072.1654384425,3697973.5,34783.468686510496,26433.711023520333,139.8961158616585,3214.760629549817
71000010806,7100001080618,2018,6758392.285391407,7862341.0,48310.078115926364,56201.28158365004,139.8961158616585,3214.760629549817
71000010806,7100001080619,2019,6739532.720837943,8678395.0,48175.266906642224,62034.56719686167,139.8961158616585,3214.760629549817
71000010806,7100001080620,2020,1968157.4669182769,3279829.8,14068.707017316785,23444.752413593684,139.8961158616585,3214.760629549817
70900031406,7090003140601,2001,6671653.471469139,4629817.0,803619.3224226149,557674.4080596564,8.302007287924054,3444.064899646571
70900031406,7090003140602,2002,5497290.17490431,3225465.8,662163.9784514002,388516.37780319736,8.302007287924054,3444.064899646571
70900031406,7090003140603,2003,2704331.1115463832,2829720.0,325744.24687389197,340847.68922282907,8.302007287924054,3444.064899646571
70900031406,7090003140604,2004,5319552.022407675,4018062.0,640754.9208184142,483986.80712369387,8.302007287924054,3444.064899646571
70900031406,7090003140605,2005,3194269.8047956163,2164123.8,384758.7329201628,260674.76514359296,8.302007287924054,3444.064899646571
70900031406,7090003140606,2006,3737178.6540761846,3730402.2,450153.62242721894,449337.3795788127,8.302007287924054,3444.064899646571
70900031406,7090003140607,2007,6109296.923097634,5377107.0,735881.9031614322,647687.5788607702,8.302007287924054,3444.064899646571
70900031406,7090003140608,2008,9884095.880960189,6315063.5,1190566.9964103033,760667.0629145043,8.302007287924054,3444.064899646571
70900031406,7090003140609,2009,7892783.196411156,6551439.5,950707.8135057593,789139.213299608,8.302007287924054,3444.064899646571
70900031406,7090003140610,2010,9331039.31628167,3525328.5,1123949.7861986253,424635.67878672876,8.302007287924054,3444.064899646571
70900031406,7090003140611,2011,6624613.890820305,3394800.5,797953.2733555107,408913.216077034,8.302007287924054,3444.064899646571
70900031406,7090003140612,2012,3136726.397271299,1749957.8,377827.4685248618,210787.3119486966,8.302007287924054,3444.064899646571
70900031406,7090003140613,2013,6738163.829029318,5039399.0,811630.6810318663,607009.7056323013,8.302007287924054,3444.064899646571
70900031406,7090003140614,2014,4341454.958983421,4951776.5,522940.39362003707,596455.3304118104,8.302007287924054,3444.064899646571
70900031406,7090003140615,2015,5295333.547628004,5175083.5,637837.737787884,623353.2831906304,8.302007287924054,3444.064899646571
70900031406,7090003140616,2016,7547288.822845266,3585704.5,909092.0498014273,431908.1368689834,8.302007287924054,3444.064899646571
70900031406,7090003140617,2017,9460952.9579105,5204313.5,1139598.2477240446,626874.1184520638,8.302007287924054,3444.064899646571
70900031406,7090003140618,2018,10047692.313154316,7796349.0,1210272.6442759817,939092.0448046853,8.302007287924054,3444.064899646571
70900031406,7090003140619,2019,12791928.298780032,8639053.0,1540823.5448536566,1040598.0987954813,8.302007287924054,3444.064899646571
70900031406,7090003140620,2020,8944487.492796492,4824947.0,1077388.537806631,581178.3623724685,8.302007287924054,3444.064899646571
70802020705,7080202070501,2001,831936.1750969712,8934968.0,29881.810106612054,320929.6879697945,27.840889562205128,4485.071754818595
70802020705,7080202070502,2002,2806987.7969763703,7065927.5,100822.48955101433,253796.7576148219,27.840889562205128,4485.071754818595
70802020705,7080202070503,2003,6054604.181907869,5066996.5,217471.64968921043,181998.36929343684,27.840889562205128,4485.071754818595
70802020705,7080202070504,2004,9318824.439491415,10915159.0,334717.19424303196,392054.96561495174,27.840889562205128,4485.071754818595
70802020705,7080202070505,2005,8532297.389490044,9298445.0,306466.40691657003,333985.1975356035,27.840889562205128,4485.071754818595
70802020705,7080202070506,2006,7908335.818814414,7064140.5,284054.71029022813,253732.57144735023,27.840889562205128,4485.071754818595
70802020705,7080202070507,2007,10821408.377024587,13519021.0,388687.59393791016,485581.50305486255,27.840889562205128,4485.071754818595
70802020705,7080202070508,2008,13291019.053603206,15343191.0,477392.03964395507,551102.7571773014,27.840889562205128,4485.071754818595
70802020705,7080202070509,2009,8069187.94207437,9838567.0,289832.25999461394,353385.51155190676,27.840889562205128,4485.071754818595
70802020705,7080202070510,2010,12350570.023122683,10500312.0,443612.62220187695,377154.3282242856,27.840889562205128,4485.071754818595
70802020705,7080202070511,2011,10280290.409277946,9856452.0,369251.5063611243,354027.91200251156,27.840889562205128,4485.071754818595
70802020705,7080202070512,2012,931489.2605701756,5743818.5,33457.596909356704,206308.727570164,27.840889562205128,4485.071754818595
70802020705,7080202070513,2013,15024227.68129894,18810838.0,539646.1074898554,675655.063318677,27.840889562205128,4485.071754818595
70802020705,7080202070514,2014,9560886.399829598,14252670.0,343411.6707538253,511932.99582454585,27.840889562205128,4485.071754818595
70802020705,7080202070515,2015,7629437.836151373,13469553.0,274037.1430699029,483804.69201261934,27.840889562205128,4485.071754818595
70802020705,7080202070516,2016,18601667.48591209,16760493.0,668141.9946855588,602009.966763163,27.840889562205128,4485.071754818595
70802020705,7080202070517,2017,10366822.518860478,9566869.0,372359.6006405543,343626.55613516463,27.840889562205128,4485.071754818595
70802020705,7080202070518,2018,16615466.078052672,19889546.0,596800.8328515725,714400.5207003398,27.840889562205128,4485.071754818595
70802020705,7080202070519,2019,10941682.45009222,15172709.0,393007.6453069192,544979.3177800404,27.840889562205128,4485.071754818595
70802020705,7080202070520,2020,6288353.668110396,8778306.0,225867.55549100813,315302.64075745706,27.840889562205128,4485.071754818595
70802040607,7080204060701,2001,7569748.62117108,4913102.5,68098.29772973715,44198.81472496713,111.15914602172974,2213.051329569475
70802040607,7080204060702,2002,2740285.8957714736,3996943.5,24651.91568884304,35956.94680146845,111.15914602172974,2213.051329569475
70802040607,7080204060703,2003,3406582.975781271,3362947.5,30645.998082023238,30253.448504746524,111.15914602172974,2213.051329569475
70802040607,7080204060704,2004,4534001.583129239,4660252.5,40788.380852106566,41924.148095641176,111.15914602172974,2213.051329569475
70802040607,7080204060705,2005,5254982.858542382,5314560.5,47274.40832907372,47810.375396020885,111.15914602172974,2213.051329569475
70802040607,7080204060706,2006,4698787.669511048,4465423.5,42270.81475232379,40171.44481415038,111.15914602172974,2213.051329569475
70802040607,7080204060707,2007,9779293.822537549,8917257.0,87975.61129721042,80220.6324818007,111.15914602172974,2213.051329569475
70802040607,7080204060708,2008,9950795.32344141,10970802.0,89518.45781089572,98694.55094460148,111.15914602172974,2213.051329569475
70802040607,7080204060709,2009,7739482.954964603,7080564.0,69625.24661220108,63697.53864981896,111.15914602172974,2213.051329569475
70802040607,7080204060710,2010,8943582.202755483,7662421.5,80457.45692403181,68931.99322080187,111.15914602172974,2213.051329569475
70802040607,7080204060711,2011,5425004.406165002,5616393.0,48803.94101898286,50525.694025231984,111.15914602172974,2213.051329569475
70802040607,7080204060712,2012,837634.3308811293,2880843.0,7535.451295365168,25916.38297974009,111.15914602172974,2213.051329569475
70802040607,7080204060713,2013,7946246.693024085,8845190.0,71485.31612028333,79572.30976091625,111.15914602172974,2213.051329569475
70802040607,7080204060714,2014,7405130.448368245,8755380.0,66617.3743986902,78764.36904515685,111.15914602172974,2213.051329569475
70802040607,7080204060715,2015,6690285.474281287,7953945.5,60186.54976868434,71554.57544127892,111.15914602172974,2213.051329569475
70802040607,7080204060716,2016,11630333.548682354,7274936.0,104627.76986797668,65446.130708649674,111.15914602172974,2213.051329569475
70802040607,7080204060717,2017,6887383.915407365,5091280.0,61959.669194120994,45801.719266579654,111.15914602172974,2213.051329569475
70802040607,7080204060718,2018,10088009.17303783,9706984.0,90752.84881251062,87325.10411786042,111.15914602172974,2213.051329569475
70802040607,7080204060719,2019,6563136.612947565,7022111.5,59042.70451722058,63171.69348015048,111.15914602172974,2213.051329569475
70802040607,7080204060720,2020,4751913.990338855,4462176.5,42748.74502373324,40142.23444220883,111.15914602172974,2213.051329569475
71000060801,7100006080101,2001,4975258.691161136,4532982.0,434909.4746891754,396248.10341980215,11.439756962565358,1808.8423265622253
70600011002,7060001100201,2001,171155.2660610237,119397.7,1924.6640721394656,1342.6432547167624,88.92734505651508,88.92734505651508
70802011205,7080201120501,2001,12780449.80952015,9333208.0,514452.29845698643,375690.24401633395,24.84282769821997,4337.591254297793
71000060801,7100006080102,2002,3747336.5105107017,3507319.8,327571.3393888714,306590.41197091003,11.439756962565358,1808.8423265622253
70600011002,7060001100202,2002,92884.8189608494,61244.094,1044.5023282975474,688.698104740203,88.92734505651508,88.92734505651508
70802011205,7080201120502,2002,2570677.291862,7321608.0,103477.64445696304,294717.1750712019,24.84282769821997,4337.591254297793
71000060801,7100006080103,2003,4905829.382732997,3920889.5,428840.3502615031,342742.3775549112,11.439756962565358,1808.8423265622253
70600011002,7060001100203,2003,59343.1318937225,70899.9,667.3215292327548,797.2789467057822,88.92734505651508,88.92734505651508
70802011205,7080201120503,2003,5323809.093631391,6733522.0,214299.64246835117,271044.9100962234,24.84282769821997,4337.591254297793
71000060801,7100006080104,2004,4469949.926522889,4471073.0,390738.1897316554,390836.3625757802,11.439756962565358,1808.8423265622253
70600011002,7060001100204,2004,106803.18576044122,143206.36,1201.0162418833677,1610.3748504915955,88.92734505651508,88.92734505651508
70802011205,7080201120504,2004,11041698.34057127,13849795.0,444462.2196273746,557496.721719499,24.84282769821997,4337.591254297793
71000060801,7100006080105,2005,3853363.354429628,4549296.5,336839.6170512274,397674.2263744582,11.439756962565358,1808.8423265622253
70600011002,7060001100205,2005,49784.58208251114,58979.504,559.8343462393042,663.2324844795194,88.92734505651508,88.92734505651508
70802011205,7080201120505,2005,8096737.461486433,10690111.0,325918.5129745346,430309.7509614803,24.84282769821997,4337.591254297793
71000060801,7100006080106,2006,3534307.365028166,3314476.2,308949.51497602445,289733.0958031761,11.439756962565358,1808.8423265622253
70600011002,7060001100206,2006,55149.55658512305,64981.22,620.1642087714912,730.7225911074164,88.92734505651508,88.92734505651508
70802011205,7080201120506,2006,10157318.545253878,9456779.0,408863.22075089975,380664.3557197635,24.84282769821997,4337.591254297793
71000060801,7100006080107,2007,7970667.761068199,8005686.5,696751.4945597919,699812.6381703069,11.439756962565358,1808.8423265622253
70600011002,7060001100207,2007,221183.1501930268,199460.95,2487.2343827701206,2242.965309188514,88.92734505651508,88.92734505651508
70802011205,7080201120507,2007,13425353.085534744,16127286.0,540411.6330322853,649172.7188187819,24.84282769821997,4337.591254297793
71000060801,7100006080108,2008,6553625.60039361,7521494.0,572881.5412634399,657487.219755874,11.439756962565358,1808.8423265622253
70600011002,7060001100208,2008,240762.2915852696,123821.805,2707.4044708324577,1392.3929126784208,88.92734505651508,88.92734505651508
70802011205,7080201120508,2008,14002635.74397909,17491866.0,563649.0303791949,704101.248556875,24.84282769821997,4337.591254297793
71000060801,7100006080109,2009,2615463.527405308,4417996.0,228629.29133581804,386196.66610550677,11.439756962565358,1808.8423265622253
70600011002,7060001100209,2009,114900.18075899284,68039.47,1292.0680437043466,765.1130252090578,88.92734505651508,88.92734505651508
70802011205,7080201120509,2009,8341006.150264948,11445107.0,335751.07679318625,460700.6552969838,24.84282769821997,4337.591254297793
71000060801,7100006080110,2010,8433027.618040532,7596623.5,737168.4246121808,664054.6232632955,11.439756962565358,1808.8423265622253
70600011002,7060001100210,2010,169833.52635995086,115746.01,1909.8009307712753,1301.5795077030707,88.92734505651508,88.92734505651508
70802011205,7080201120510,2010,13291567.32058576,13403338.0,535026.3457141846,539525.458326162,24.84282769821997,4337.591254297793
71000060801,7100006080111,2011,4534657.82487302,4571099.5,396394.5947201422,399580.1235077055,11.439756962565358,1808.8423265622253
70600011002,7060001100211,2011,198809.8327847623,54202.816,2235.6434082049195,609.5179830855519,88.92734505651508,88.92734505651508
70802011205,7080201120511,2011,11909462.638862904,12279965.0,479392.39379405417,494306.2500441477,24.84282769821997,4337.591254297793
71000060801,7100006080112,2012,774581.5027382453,2788782.0,67709.61177522656,243779.82933779192,11.439756962565358,1808.8423265622253
70600011002,7060001100212,2012,93740.05099921706,58714.76,1054.1195280219308,660.2554024601276,88.92734505651508,88.92734505651508
70802011205,7080201120512,2012,2086891.6895293072,7376960.0,84003.79034464086,296945.2628183937,24.84282769821997,4337.591254297793
71000060801,7100006080113,2013,5098285.491476241,5693155.0,445663.7940962824,497663.9817287966,11.439756962565358,1808.8423265622253
70600011002,7060001100213,2013,168454.0233293953,185218.52,1894.288232965231,2082.8072611668545,88.92734505651508,88.92734505651508
70802011205,7080201120513,2013,17953868.57269573,23155986.0,722698.2689246021,932099.4486331829,24.84282769821997,4337.591254297793
71000060801,7100006080114,2014,4259816.465981969,7849971.5,372369.49000940204,686200.8979463187,11.439756962565358,1808.8423265622253
70600011002,7060001100214,2014,154900.78418365534,147436.78,1741.8802291377624,1657.9464944815459,88.92734505651508,88.92734505651508
70802011205,7080201120514,2014,13335852.770825734,16293025.0,536808.9708959045,655844.2218382178,24.84282769821997,4337.591254297793
71000060801,7100006080115,2015,11317211.101734648,8497897.0,989287.7216507553,742838.9456006723,11.439756962565358,1808.8423265622253
70600011002,7060001100215,2015,110394.62706129256,136975.78,1241.4024841417968,1540.3111372879646,88.92734505651508,88.92734505651508
70802011205,7080201120515,2015,11576867.166818775,14882707.0,466004.4060784706,599074.59733605,24.84282769821997,4337.591254297793
71000060801,7100006080116,2016,9263728.068430608,7199580.5,809783.6430218377,629347.3299790714,11.439756962565358,1808.8423265622253
70600011002,7060001100216,2016,182944.438071768,156372.36,2057.2349028918293,1758.4282978494666,88.92734505651508,88.92734505651508
70802011205,7080201120516,2016,24385636.592513423,19113208.0,981596.655933845,769365.2362033447,24.84282769821997,4337.591254297793
71000060801,7100006080117,2017,4549847.762229046,4886510.0,397722.4146559793,427151.5571519802,11.439756962565358,1808.8423265622253
70600011002,7060001100217,2017,223521.4100665495,111062.88,2513.528430703708,1248.917078649063,88.92734505651508,88.92734505651508
70802011205,7080201120517,2017,14195101.531568108,12480700.0,571396.3685617483,502386.4493853195,24.84282769821997,4337.591254297793
71000060801,7100006080118,2018,7791022.922405639,9091854.0,681047.9407823457,794759.3668074884,11.439756962565358,1808.8423265622253
70600011002,7060001100218,2018,209634.2527426958,283913.84,2357.3654718857188,3192.6494580442854,88.92734505651508,88.92734505651508
70802011205,7080201120518,2018,21778431.697453264,19552024.0,876648.6634294745,787028.9259141355,24.84282769821997,4337.591254297793
71000060801,7100006080119,2019,6277556.653588174,7994769.5,548749.1276370994,698858.3346797936,11.439756962565358,1808.8423265622253
70600011002,7060001100219,2019,322381.870245567,301353.84,3625.2276511874607,3388.7646123752343,88.92734505651508,88.92734505651508
70802011205,7080201120519,2019,18566290.25402495,18249732.0,747350.1197029698,734607.6791937668,24.84282769821997,4337.591254297793
71000060801,7100006080120,2020,3744402.643630023,3501521.8,327314.877045285,306083.5830217486,11.439756962565358,1808.8423265622253
70600011002,7060001100220,2020,242874.1987184619,124641.49,2731.1531516443065,1401.6103811576504,88.92734505651508,88.92734505651508
70802011205,7080201120520,2020,10568558.98244406,10500961.0,425416.90949300886,422695.8833978634,24.84282769821997,4337.591254297793
70900050104,7090005010401,2001,21695693.57411355,13650029.0,2484588.0970640704,1563199.6028209517,8.732108794914701,16494.177861545864
71200010807,7120001080701,2001,3995150.957280817,3019314.0,52667.91719296272,39803.49714739841,75.85549553143585,3442.9988855154143
71200060907,7120006090701,2001,494454.0950419385,338197.2,34041.05309603937,23283.433098385758,14.525229100490652,503.4214060372777
70900050104,7090005010402,2002,17193020.398839504,8884173.0,1968942.5318260079,1017414.3736245998,8.732108794914701,16494.177861545864
71200010807,7120001080702,2002,3188091.3229292235,1886588.0,42028.4819259802,24870.815051470658,75.85549553143585,3442.9988855154143
71200060907,7120006090702,2002,336713.0201248055,263475.12,23181.253651512565,18139.13695799125,14.525229100490652,503.4214060372777
70900050104,7090005010403,2003,9787863.786854643,8350022.0,1120904.9287790344,956243.4683432693,8.732108794914701,16494.177861545864
71200010807,7120001080703,2003,1919745.3695559464,2509365.2,25307.927344042862,33080.86226870768,75.85549553143585,3442.9988855154143
71200060907,7120006090703,2003,127193.22842891168,249496.9,8756.710654884968,17176.79619879952,14.525229100490652,503.4214060372777
70900050104,7090005010404,2004,17077366.212846078,12328997.0,1955697.8290045338,1411915.184471821,8.732108794914701,16494.177861545864
71200010807,7120001080704,2004,3048511.726257768,2603533.5,40188.40961884444,34322.27924634742,75.85549553143585,3442.9988855154143
71200060907,7120006090704,2004,346507.6555536738,361008.03,23855.57247713009,24853.861340321677,14.525229100490652,503.4214060372777
70900050104,7090005010405,2005,10980689.612922,6506419.0,1257507.19222793,745114.2848551233,8.732108794914701,16494.177861545864
71200010807,7120001080705,2005,2750886.659700865,1970618.0,36264.83012771104,25978.579220846845,75.85549553143585,3442.9988855154143
71200060907,7120006090705,2005,183612.86416823568,201967.4,12640.961660428018,13904.593077514879,14.525229100490652,503.4214060372777
70900050104,7090005010406,2006,16200850.241737438,12780865.0,1855319.330328579,1463663.0509508955,8.732108794914701,16494.177861545864
71200010807,7120001080706,2006,2476772.329635179,2651263.8,32651.1917466647,34951.5059050833,75.85549553143585,3442.9988855154143
71200060907,7120006090706,2006,322139.1604747449,407595.94,22177.90564582994,28061.2400107501,14.525229100490652,503.4214060372777
70900050104,7090005010407,2007,19295374.29078552,16448649.0,2209703.834888375,1883697.2129320197,8.732108794914701,16494.177861545864
71200010807,7120001080707,2007,3361807.063058698,3404143.5,44318.56966336086,44876.68923854387,75.85549553143585,3442.9988855154143
71200060907,7120006090707,2007,495987.6076410773,424604.88,34146.62889030254,29232.23290059206,14.525229100490652,503.4214060372777
70900050104,7090005010408,2008,26269387.88633141,19401662.0,3008366.993964832,2221875.8899681717,8.732108794914701,16494.177861545864
71200010807,7120001080708,2008,3650913.958364786,4665213.5,48129.85443950838,61501.32521468604,75.85549553143585,3442.9988855154143
71200060907,7120006090708,2008,655710.7338128842,566413.0,45142.884100240095,38995.11643371374,14.525229100490652,503.4214060372777
70900050104,7090005010409,2009,20782811.82860501,17897418.0,2380044.994481545,2049610.0564416787,8.732108794914701,16494.177861545864
71200010807,7120001080709,2009,3199069.0467962986,3459154.2,42173.200825911794,45601.8931227793,75.85549553143585,3442.9988855154143
71200060907,7120006090709,2009,617117.5648865149,558090.9,42485.90921472413,38422.17538456231,14.525229100490652,503.4214060372777
70900050104,7090005010410,2010,19412723.730461847,11149853.0,2223142.677948217,1276879.7620218974,8.732108794914701,16494.177861545864
71200010807,7120001080710,2010,2007277.028869028,2426920.5,26461.8537497679,31993.997046585,75.85549553143585,3442.9988855154143
71200060907,7120006090710,2010,386321.3378434306,271409.72,26596.57449605259,18685.400286790104,14.525229100490652,503.4214060372777
70900050104,7090005010411,2011,17244260.60281246,11059667.0,1974810.5535348991,1266551.6726544674,8.732108794914701,16494.177861545864
71200010807,7120001080711,2011,3366962.5716608623,4655769.0,44386.53452953233,61376.81874440551,75.85549553143585,3442.9988855154143
71200060907,7120006090711,2011,405676.74322288495,439862.84,27929.111507727026,30282.678294219935,14.525229100490652,503.4214060372777
70900050104,7090005010412,2012,9563209.660626208,6431365.0,1095177.5665227068,736519.1102228845,8.732108794914701,16494.177861545864
71200010807,7120001080712,2012,1709826.854529568,1987074.6,22540.579855825814,26195.525928329364,75.85549553143585,3442.9988855154143
71200060907,7120006090712,2012,189235.039916088,215119.16,13028.024453651871,14810.035594738636,14.525229100490652,503.4214060372777
70900050104,7090005010413,2013,19185945.10209933,17081198.0,2197172.0179749257,1956136.6447870575,8.732108794914701,16494.177861545864
71200010807,7120001080713,2013,2661229.744206744,3482543.0,35082.88655373536,45910.22674892122,75.85549553143585,3442.9988855154143
71200060907,7120006090713,2013,431956.6771885476,504712.03,29738.372744424145,34747.26811592605,14.525229100490652,503.4214060372777
70900050104,7090005010414,2014,14308852.160527296,13877857.0,1638647.9482321967,1589290.4367020733,8.732108794914701,16494.177861545864
71200010807,7120001080714,2014,3403613.9275802737,4452850.5,44869.7079062618,58701.752177660754,75.85549553143585,3442.9988855154143
71200060907,7120006090714,2014,341783.4321551666,527659.44,23530.32986885015,36327.09930765746,14.525229100490652,503.4214060372777
70900050104,7090005010415,2015,14771346.532640254,15730466.0,1691612.745508005,1801450.9861765483,8.732108794914701,16494.177861545864
71200010807,7120001080715,2015,3416340.394642392,3895814.5,45037.48041862835,51358.368602120674,75.85549553143585,3442.9988855154143
71200060907,7120006090715,2015,376733.7410642658,518024.44,25936.50939740014,35663.77069966501,14.525229100490652,503.4214060372777
70900050104,7090005010416,2016,20586302.076347385,12374815.0,2357540.722389554,1417162.2560642732,8.732108794914701,16494.177861545864
71200010807,7120001080716,2016,3791075.2378225736,3321290.8,49977.59504782993,43784.44536854418,75.85549553143585,3442.9988855154143
71200060907,7120006090716,2016,371112.10730005393,289587.03,25549.48391743563,19936.83046212455,14.525229100490652,503.4214060372777
70900050104,7090005010417,2017,24948588.01655725,16629023.0,2857109.159139944,1904353.6207066278,8.732108794914701,16494.177861545864
71200010807,7120001080717,2017,3602913.6958580655,3246758.0,47497.06887571455,42801.88241146597,75.85549553143585,3442.9988855154143
71200060907,7120006090717,2017,557073.9527903125,568303.5,38352.16291159875,39125.26928616934,14.525229100490652,503.4214060372777
70900050104,7090005010418,2018,25659065.56459461,25253484.0,2938472.958506612,2892025.8087836485,8.732108794914701,16494.177861545864
71200010807,7120001080718,2018,3648943.588427991,4370316.0,48103.87913049497,57613.70312568671,75.85549553143585,3442.9988855154143
71200060907,7120006090718,2018,571379.519448661,802590.75,39337.04009042861,55254.946028554485,14.525229100490652,503.4214060372777
70900050104,7090005010419,2019,29627901.37878885,26136482.0,3392983.536353004,2993146.628592287,8.732108794914701,16494.177861545864
71200010807,7120001080719,2019,3593360.7901522587,3756539.8,47371.13329729824,49522.31573575607,75.85549553143585,3442.9988855154143
71200060907,7120006090719,2019,782760.5173401863,964373.3,53889.719186167276,66392.98377520422,14.525229100490652,503.4214060372777
70900050104,7090005010420,2020,22893661.63885314,14451678.0,2621779.2490384076,1655004.3453897634,8.732108794914701,16494.177861545864
71200010807,7120001080720,2020,2905422.057858041,1804074.2,38302.064174822815,23783.03888677861,75.85549553143585,3442.9988855154143
71200060907,7120006090720,2020,582990.803058846,480128.22,40136.42738613693,33054.77777171732,14.525229100490652,503.4214060372777
70600040902,7060004090201,2001,7716457.591253109,6987172.5,6322446.140717839,5724909.55658591,1.2204860934374044,4025.494437563343
70600040902,7060004090202,2002,3240886.7694670544,5151826.5,2655406.552269144,4221126.75244851,1.2204860934374044,4025.494437563343
70600040902,7060004090203,2003,2725171.9357325933,5363648.0,2232857.834584053,4394681.781988766,1.2204860934374044,4025.494437563343
70600040902,7060004090204,2004,8167834.971544813,11130979.0,6692280.244292452,9120119.48341866,1.2204860934374044,4025.494437563343
70600040902,7060004090205,2005,4226512.92130296,6654781.0,3462975.0752827623,5452566.019213972,1.2204860934374044,4025.494437563343
70600040902,7060004090206,2006,5762318.64944107,6312849.5,4721330.853686294,5172405.924118602,1.2204860934374044,4025.494437563343
70600040902,7060004090207,2007,11512915.057472724,13666582.0,9433057.13959222,11197654.830715138,1.2204860934374044,4025.494437563343
70600040902,7060004090208,2008,13033041.602635942,14983087.0,10678566.247264147,12276327.506363712,1.2204860934374044,4025.494437563343
70600040902,7060004090209,2009,6696061.858124234,9439595.0,5486389.311708825,7734291.321103145,1.2204860934374044,4025.494437563343
70600040902,7060004090210,2010,10594773.271895844,9596737.0,8680781.64008939,7863044.938899332,1.2204860934374044,4025.494437563343
70600040902,7060004090211,2011,9140481.464347448,8633110.0,7489213.939836046,7073501.325759079,1.2204860934374044,4025.494437563343
70600040902,7060004090212,2012,3902922.453505119,5045952.0,3197842.625566376,4134378.93895904,1.2204860934374044,4025.494437563343
70600040902,7060004090213,2013,15158457.612850051,15993136.0,12420016.659229137,13103906.78435063,1.2204860934374044,4025.494437563343
70600040902,7060004090214,2014,11728862.029966196,12998399.0,9609992.357170384,10650181.98068199,1.2204860934374044,4025.494437563343
70600040902,7060004090215,2015,7000416.862901088,9748447.0,5735761.26802474,7987347.870998067,1.2204860934374044,4025.494437563343
70600040902,7060004090216,2016,18691678.8797639,14005114.0,15314946.21714225,11475029.560194071,1.2204860934374044,4025.494437563343
70600040902,7060004090217,2017,15858228.514494965,9608879.0,12993370.919804169,7872993.434064732,1.2204860934374044,4025.494437563343
70600040902,7060004090218,2018,17088762.33233709,18359542.0,14001603.479321845,15042811.3017591,1.2204860934374044,4025.494437563343
70600040902,7060004090219,2019,13723650.443043884,14702415.0,11244413.612606011,12046360.11754283,1.2204860934374044,4025.494437563343
70600040902,7060004090220,2020,10316614.683573902,8946643.0,8452873.604252186,7330393.232750792,1.2204860934374044,4025.494437563343
70900060803,7090006080301,2001,4250596.087499342,5580476.0,375755.3338520883,493317.544002913,11.312137725162776,2843.045289309545
70900060803,7090006080302,2002,3599454.4695504075,4374196.0,318194.01045160217,386681.6428755121,11.312137725162776,2843.045289309545
70900060803,7090006080303,2003,1345967.741333672,2938834.8,118984.38421057186,259794.82140345947,11.312137725162776,2843.045289309545
70900060803,7090006080304,2004,4727797.136143797,4786434.5,417940.2029049966,423123.7822850257,11.312137725162776,2843.045289309545
70900060803,7090006080305,2005,1583076.024230145,2746195.0,139944.9036682733,242765.34344974867,11.312137725162776,2843.045289309545
70900060803,7090006080306,2006,2654654.3162714955,5072340.5,234673.09015929583,448398.05023917457,11.312137725162776,2843.045289309545
70900060803,7090006080307,2007,6142495.502154671,5832239.0,543000.417020319,515573.54955347994,11.312137725162776,2843.045289309545
70900060803,7090006080308,2008,8762098.523660589,6987247.5,774574.950954684,617677.0182401097,11.312137725162776,2843.045289309545
70900060803,7090006080309,2009,8440711.153985808,8362272.5,746164.1078865445,739230.0821620055,11.312137725162776,2843.045289309545
70900060803,7090006080310,2010,5390621.371843017,4038636.5,476534.2769697801,357017.9746854069,11.312137725162776,2843.045289309545
70900060803,7090006080311,2011,5734806.872317708,6344619.0,506960.48895879113,560868.2597531497,11.312137725162776,2843.045289309545
70900060803,7090006080312,2012,2054785.7902150133,3132544.2,181644.33992386228,276918.85266141634,11.312137725162776,2843.045289309545
70900060803,7090006080313,2013,5373757.270929532,6449473.0,475043.47997603664,570137.4184698759,11.312137725162776,2843.045289309545
70900060803,7090006080314,2014,2872436.4479648373,6000354.5,253925.16584865964,530435.0641570409,11.312137725162776,2843.045289309545
70900060803,7090006080315,2015,5422179.268455545,7513200.0,479324.01462850143,664171.5458686115,11.312137725162776,2843.045289309545
70900060803,7090006080316,2016,4289598.364990426,5210499.5,379203.15940360434,460611.3916390656,11.312137725162776,2843.045289309545
70900060803,7090006080317,2017,7080951.762842796,8000983.0,625960.5332678978,707291.8659929832,11.312137725162776,2843.045289309545
70900060803,7090006080318,2018,5891652.1643768335,9062065.0,520825.7101813226,801092.1737491135,11.312137725162776,2843.045289309545
70900060803,7090006080319,2019,7155489.621472548,9770542.0,632549.7262604786,863721.9805294942,11.312137725162776,2843.045289309545
70900060803,7090006080320,2020,4567781.955291113,6729169.0,403794.7615445413,594862.7185674731,11.312137725162776,2843.045289309545
71200040801,7120004080101,2001,201988.89396034603,99928.555,2642.0022445840304,1307.0593210925192,76.45296077034489,76.45296077034489
71200011103,7120001110301,2001,4168373.8877893193,4318899.0,96443.66138444816,99926.36071581791,43.22081750062511,4559.833789402731
71200020711,7120002071101,2001,4250113.585973836,3459497.2,2208464.3704801216,1797640.4986421408,1.9244655439244684,1159.6372815080117
71200040801,7120004080102,2002,182983.69681193508,71725.125,2393.415440921839,938.1602004329602,76.45296077034489,76.45296077034489
71200011103,7120001110302,2002,3657245.527814759,2777719.0,84617.68516437394,64268.08099962074,43.22081750062511,4559.833789402731
71200020711,7120002071102,2002,3908375.64924142,2950945.8,2030888.8676028259,1533384.5853027226,1.9244655439244684,1159.6372815080117
71200040801,7120004080103,2003,162787.1910197194,80632.305,2129.246393854016,1054.6655641265397,76.45296077034489,76.45296077034489
71200011103,7120001110303,2003,2419697.4238793687,4016551.0,55984.53624446998,92930.93542115227,43.22081750062511,4559.833789402731
71200020711,7120002071103,2003,3381577.449533774,2645604.0,1757151.464836252,1374721.4172538258,1.9244655439244684,1159.6372815080117
71200040801,7120004080104,2004,192135.3121189281,88251.73,2513.118003318125,1154.327172038466,76.45296077034489,76.45296077034489
71200011103,7120001110304,2004,3496786.8509631013,3966945.5,80905.15296043456,91783.21303021687,43.22081750062511,4559.833789402731
71200020711,7120002071104,2004,5271100.7573047215,3717915.5,2738994.612787727,1931921.0529580263,1.9244655439244684,1159.6372815080117
71200040801,7120004080105,2005,157325.70229393747,51956.312,2057.8104589896025,679.58534864425,76.45296077034489,76.45296077034489
71200011103,7120001110305,2005,3178578.3810176486,2960223.0,73542.76399264489,68490.67581743881,43.22081750062511,4559.833789402731
71200020711,7120002071105,2005,2189218.4804030703,2446235.2,1137572.1884522308,1271124.4468485066,1.9244655439244684,1159.6372815080117
71200040801,7120004080106,2006,213508.45931532912,102783.57,2792.6774472041934,1344.402740774801,76.45296077034489,76.45296077034489
71200011103,7120001110306,2006,3090742.416441771,4270256.0,71510.50339103534,98800.90768616856,43.22081750062511,4559.833789402731
71200020711,7120002071106,2006,3027024.2458169507,3001618.2,1572916.8315708516,1559715.2204029318,1.9244655439244684,1159.6372815080117
71200040801,7120004080107,2007,215148.85434570853,206911.7,2814.1337127804472,2706.3922432191584,76.45296077034489,76.45296077034489
71200011103,7120001110307,2007,3858713.622477616,4636952.0,89279.0522164882,107285.15257567572,43.22081750062511,4559.833789402731
71200020711,7120002071107,2007,3027614.0471680625,2751088.8,1573223.306972801,1429533.9340759716,1.9244655439244684,1159.6372815080117
71200040801,7120004080108,2008,240768.2543189728,147861.52,3149.2338804537662,1934.019539729239,76.45296077034489,76.45296077034489
71200011103,7120001110308,2008,4382205.62912973,6948916.0,101391.08611414742,160777.06072772678,43.22081750062511,4559.833789402731
71200020711,7120002071108,2008,4342179.8710475415,3424377.0,2256304.2943303348,1779391.1721676427,1.9244655439244684,1159.6372815080117
71200040801,7120004080109,2009,237807.40209208903,121499.53,3110.5061163874693,1589.2063404185137,76.45296077034489,76.45296077034489
71200011103,7120001110309,2009,3674310.387072931,5279729.5,85012.51479150733,122157.09478247695,43.22081750062511,4559.833789402731
71200020711,7120002071109,2009,3392736.4671578184,3101769.2,1762949.9670018393,1611756.1625316055,1.9244655439244684,1159.6372815080117
71200040801,7120004080110,2010,211356.7122763116,95761.74,2764.5327289704405,1252.5576385152208,76.45296077034489,76.45296077034489
71200011103,7120001110310,2010,2164925.531329544,3848638.0,50089.879287874,89045.9325519314,43.22081750062511,4559.833789402731
71200020711,7120002071110,2010,2930131.1938096364,2780909.8,1522568.7999767265,1445029.6648746573,1.9244655439244684,1159.6372815080117
71200040801,7120004080111,2011,246546.99471482777,113959.69,3224.819447547938,1490.585699386066,76.45296077034489,76.45296077034489
71200011103,7120001110311,2011,3764760.544029476,6732853.5,87105.25995893127,155778.02293773415,43.22081750062511,4559.833789402731
71200020711,7120002071111,2011,3037604.633819087,3422517.0,1578414.6634419074,1778424.6700622286,1.9244655439244684,1159.6372815080117
71200040801,7120004080112,2012,198368.06715321355,46220.137,2594.642053812492,604.5565342961603,76.45296077034489,76.45296077034489
71200011103,7120001110312,2012,2000406.5003972496,3161931.8,46283.40267669202,73157.61206863495,43.22081750062511,4559.833789402731
71200020711,7120002071112,2012,1307011.7085397693,3575453.8,679155.6817766891,1857894.4223177682,1.9244655439244684,1159.6372815080117
71200040801,7120004080113,2013,250632.4095800881,90372.43,3278.256421395588,1182.0657969214226,76.45296077034489,76.45296077034489
71200011103,7120001110313,2013,2855196.0832835385,4858433.0,66060.66817783452,112409.5581933343,43.22081750062511,4559.833789402731
71200020711,7120002071113,2013,3868857.607801994,2711195.2,2010354.313703337,1408804.2306391168,1.9244655439244684,1159.6372815080117
71200040801,7120004080114,2014,244024.2964719876,103723.34,3191.8227105030765,1356.6948742714087,76.45296077034489,76.45296077034489
71200011103,7120001110314,2014,4056128.1860382087,6712708.0,93846.63272460185,155311.91652964253,43.22081750062511,4559.833789402731
71200020711,7120002071114,2014,2830992.159086918,3828291.8,1471053.700090579,1989275.3144299749,1.9244655439244684,1159.6372815080117
71200040801,7120004080115,2015,254293.68036594856,120713.35,3326.1456169083485,1578.923154625859,76.45296077034489,76.45296077034489
71200011103,7120001110315,2015,3978160.7305237255,6130080.5,92042.69980469918,141831.6647969775,43.22081750062511,4559.833789402731
71200020711,7120002071115,2015,4034607.4988165926,5641088.0,2096482.065659131,2931249.1552830846,1.9244655439244684,1159.6372815080117
71200040801,7120004080116,2016,252038.76516619,82105.71,3296.651465510706,1073.9376104299645,76.45296077034489,76.45296077034489
71200011103,7120001110316,2016,4303777.03894818,4768677.5,99576.48392203441,110332.88530303782,43.22081750062511,4559.833789402731
71200020711,7120002071116,2016,2326689.144633096,3167137.5,1209005.353189329,1645723.151551683,1.9244655439244684,1159.6372815080117
71200040801,7120004080117,2017,242379.7134026463,109853.305,3170.3116656361367,1436.8744374725468,76.45296077034489,76.45296077034489
71200011103,7120001110317,2017,4000489.180411483,4819390.5,92559.31312159062,111506.23192007639,43.22081750062511,4559.833789402731
71200020711,7120002071117,2017,3715407.727464116,4021411.0,1930617.9521860739,2089624.837761103,1.9244655439244684,1159.6372815080117
71200040801,7120004080118,2018,259978.37345626048,128289.66,3400.501051060703,1678.0208210034673,76.45296077034489,76.45296077034489
71200011103,7120001110318,2018,4424887.364989081,6210515.5,102378.61338289318,143692.6892905294,43.22081750062511,4559.833789402731
71200020711,7120002071118,2018,2560827.090257724,4018028.8,1330669.2335138172,2087867.3628036126,1.9244655439244684,1159.6372815080117
71200040801,7120004080119,2019,285747.5386711497,286529.06,3737.5601388349037,3747.7823894969533,76.45296077034489,76.45296077034489
71200011103,7120001110319,2019,4153444.076298746,5947554.0,96098.23035482089,137608.54939668783,43.22081750062511,4559.833789402731
71200020711,7120002071119,2019,2788307.2698521484,3422848.0,1448873.5735772592,1778596.6658670092,1.9244655439244684,1159.6372815080117
71200040801,7120004080120,2020,266856.0756320577,91555.71,3490.460970290737,1197.5430261624776,76.45296077034489,76.45296077034489
71200011103,7120001110320,2020,3206109.9137233887,2931049.0,74179.76103013364,67815.67701623432,43.22081750062511,4559.833789402731
71200020711,7120002071120,2020,2160521.7994031915,2906967.0,1122660.6816754667,1510532.1106825143,1.9244655439244684,1159.6372815080117
70900050407,7090005040701,2001,28144317.11213433,20282918.0,311296.9188779938,224344.0426747017,90.40988010281237,20699.43546284253
71200040104,7120004010401,2001,358201.81692602986,212022.3,4974.286203876264,2944.316728638777,72.01069706180103,318.2724581960194
71200021001,7120002100101,2001,5863450.23070714,3667960.2,3913767.360280774,2448309.842281657,1.4981601334338113,1777.6251541080917
71200061205,7120006120501,2001,27761.34072620055,76431.4,301.2099819691299,829.2791347122434,92.16607147184692,92.16607147184692
70900050407,7090005040702,2002,23512235.75220488,14232646.0,260062.6803781536,157423.56901496727,90.40988010281237,20699.43546284253
71200040104,7120004010402,2002,248514.60573615052,142804.06,3451.0790184806892,1983.0950931837626,72.01069706180103,318.2724581960194
71200021001,7120002100102,2002,4879677.095650064,2926149.2,3257113.1661778716,1953161.838109529,1.4981601334338113,1777.6251541080917
71200061205,7120006120502,2002,17131.73039665553,44605.207,185.87892619344848,483.9655882872812,92.16607147184692,92.16607147184692
70900050407,7090005040703,2003,11282476.467263851,11479577.0,124792.51664125246,126972.5940012933,90.40988010281237,20699.43546284253
71200040104,7120004010403,2003,131553.16939320866,130923.72,1826.8559361438633,1818.1148821214526,72.01069706180103,318.2724581960194
71200021001,7120002100103,2003,6066239.292033535,4320901.0,4049126.095839702,2884138.2864036127,1.4981601334338113,1777.6251541080917
71200061205,7120006120503,2003,22456.488467644183,52744.72,243.6524429112046,572.2791387079075,92.16607147184692,92.16607147184692
70900050407,7090005040704,2004,23880286.21654273,17827536.0,264133.59014951164,197185.70558579295,90.40988010281237,20699.43546284253
71200040104,7120004010404,2004,772664.2305978939,254293.78,10729.853509608134,3531.3334042824217,72.01069706180103,318.2724581960194
71200021001,7120002100104,2004,5968508.965838159,3689626.8,3983892.5310061644,2462771.981218927,1.4981601334338113,1777.6251541080917
71200061205,7120006120504,2004,14811.248816980387,51190.84,160.70174827300343,555.4195723275107,92.16607147184692,92.16607147184692
70900050407,7090005040705,2005,14085037.496384067,9553428.0,155790.91002406855,105667.96448724439,90.40988010281237,20699.43546284253
71200040104,7120004010405,2005,219371.4062839904,109611.195,3046.372486794864,1522.1515618148992,72.01069706180103,318.2724581960194
71200021001,7120002100105,2005,3350707.4110075147,2790301.0,2236548.2408930683,1862485.149437649,1.4981601334338113,1777.6251541080917
71200061205,7120006120505,2005,11250.85830969589,37327.523,122.07158371866356,405.0028649794635,92.16607147184692,92.16607147184692
70900050407,7090005040706,2006,20740406.44607836,18847542.0,229404.2025328733,208467.72475051333,90.40988010281237,20699.43546284253
71200040104,7120004010406,2006,494712.702148469,293954.56,6869.989075704914,4082.095744021507,72.01069706180103,318.2724581960194
71200021001,7120002100106,2006,5627082.48019009,3916119.2,3755995.34029297,2613952.349021717,1.4981601334338113,1777.6251541080917
71200061205,7120006120506,2006,20815.821854658043,78624.77,225.85124354591213,853.0771545797821,92.16607147184692,92.16607147184692
70900050407,7090005040707,2007,27173659.032220256,22820924.0,300560.7241301382,252416.26218338622,90.40988010281237,20699.43546284253
71200040104,7120004010407,2007,524229.0140292683,265882.75,7279.876954660839,3692.2674109349905,72.01069706180103,318.2724581960194
71200021001,7120002100107,2007,5653552.318497522,3274504.5,3773663.5706221024,2185683.911168277,1.4981601334338113,1777.6251541080917
71200061205,7120006120507,2007,20891.478669094544,80147.61,226.6721184430223,869.5999375918059,92.16607147184692,92.16607147184692
70900050407,7090005040708,2008,39438636.36614791,27912816.0,436220.42548114277,308736.34572082263,90.40988010281237,20699.43546284253
71200040104,7120004010408,2008,779814.9172595034,249911.56,10829.153849048991,3470.4782788801626,72.01069706180103,318.2724581960194
71200021001,7120002100108,2008,6902234.60579219,4689635.5,4607140.753353341,3130263.177709359,1.4981601334338113,1777.6251541080917
71200061205,7120006120508,2008,31140.49131555092,113688.14,337.8736971019005,1233.5140055820566,92.16607147184692,92.16607147184692
70900050407,7090005040709,2009,34520369.61809275,27936756.0,381820.7653725108,309001.1397894883,90.40988010281237,20699.43546284253
71200040104,7120004010409,2009,452518.38967874966,289662.7,6284.044012105442,4022.4954321912155,72.01069706180103,318.2724581960194
71200021001,7120002100109,2009,5380433.721940484,4122492.2,3591360.8978557107,2751703.311281665,1.4981601334338113,1777.6251541080917
71200061205,7120006120509,2009,25924.149670834584,74958.375,281.2764964030542,813.2968434365439,92.16607147184692,92.16607147184692
70900050407,7090005040710,2010,31339524.74044141,15404442.0,346638.2734365172,170384.4976067037,90.40988010281237,20699.43546284253
71200040104,7120004010410,2010,246241.30622127827,154169.58,3419.5101043106006,2140.9260886294237,72.01069706180103,318.2724581960194
71200021001,7120002100110,2010,4057644.449872976,3493708.8,2708418.3855385194,2331999.5787048168,1.4981601334338113,1777.6251541080917
71200061205,7120006120510,2010,15989.188490492796,72998.375,173.48236976094677,792.0308833202043,92.16607147184692,92.16607147184692
70900050407,7090005040711,2011,27514098.923911963,18380806.0,304326.2405903366,203305.28012090828,90.40988010281237,20699.43546284253
71200040104,7120004010411,2011,329564.88017789554,226628.0,4576.610054129268,3147.1435390425854,72.01069706180103,318.2724581960194
71200021001,7120002100111,2011,6599667.930876771,4742127.0,4405181.918537779,3165300.4870253457,1.4981601334338113,1777.6251541080917
71200061205,7120006120511,2011,20813.302761710544,74327.55,225.8239114386923,806.4524050230797,92.16607147184692,92.16607147184692
70900050407,7090005040712,2012,13208064.072565531,9887619.0,146090.93671560648,109364.36359340363,90.40988010281237,20699.43546284253
71200040104,7120004010412,2012,118399.77313957208,97029.9,1644.1970147568356,1347.4373108307366,72.01069706180103,318.2724581960194
71200021001,7120002100112,2012,1931570.527251353,2819412.5,1289295.1054732427,1881916.6503502221,1.4981601334338113,1777.6251541080917
71200061205,7120006120512,2012,5511.885189636584,32446.754,59.80384214727267,352.04662064728666,92.16607147184692,92.16607147184692
70900050407,7090005040713,2013,27527453.12008345,24554260.0,304473.94785591756,271588.2376138246,90.40988010281237,20699.43546284253
71200040104,7120004010413,2013,239578.01353114875,243473.4,3326.9781200081716,3381.072673009209,72.01069706180103,318.2724581960194
71200021001,7120002100113,2013,6652011.297177961,3629018.8,4440120.350774136,2422317.0267401394,1.4981601334338113,1777.6251541080917
71200061205,7120006120513,2013,20597.20963698608,60567.24,223.47930543266904,657.1533215289629,92.16607147184692,92.16607147184692
70900050407,7090005040714,2014,19880286.68200545,20824116.0,219890.6431398645,230330.09198020413,90.40988010281237,20699.43546284253
71200040104,7120004010414,2014,138008.33834990242,244639.08,1916.4977424320848,3397.2602680133177,72.01069706180103,318.2724581960194
71200021001,7120002100114,2014,5696451.217968531,5558612.0,3802297.9592389483,3710292.2951631057,1.4981601334338113,1777.6251541080917
71200061205,7120006120514,2014,14012.113059508503,65355.734,152.03114156589226,709.1083839888258,92.16607147184692,92.16607147184692
70900050407,7090005040715,2015,22866124.52476017,24179170.0,252916.2133470065,267439.4653825878,90.40988010281237,20699.43546284253
71200040104,7120004010415,2015,228176.3848635552,218708.3,3168.645689788694,3037.164045395924,72.01069706180103,318.2724581960194
71200021001,7120002100115,2015,7307726.364632671,7702305.0,4877800.577888309,5141176.051952586,1.4981601334338113,1777.6251541080917
71200061205,7120006120515,2015,18298.27792509022,70733.72,198.53594313911512,767.4594226532304,92.16607147184692,92.16607147184692
70900050407,7090005040716,2016,26641486.609743588,18199102.0,294674.5043732765,201295.4997761786,90.40988010281237,20699.43546284253
71200040104,7120004010416,2016,199700.84301345723,190073.56,2773.210802862663,2639.5184015074183,72.01069706180103,318.2724581960194
71200021001,7120002100116,2016,5696705.2606179295,4006839.0,3802467.528995698,2674506.490048063,1.4981601334338113,1777.6251541080917
71200061205,7120006120516,2016,11928.280379899505,50060.586,129.42159939564226,543.1563394268305,92.16607147184692,92.16607147184692
70900050407,7090005040717,2017,35589394.913630255,25913640.0,393644.9741240524,286623.983689963,90.40988010281237,20699.43546284253
71200040104,7120004010417,2017,185949.0433909341,269944.88,2582.241958182253,3748.677502292859,72.01069706180103,318.2724581960194
71200021001,7120002100117,2017,6124566.841747308,4832099.5,4088058.8830712545,3225355.8162202174,1.4981601334338113,1777.6251541080917
71200061205,7120006120517,2017,19502.950675692613,66063.23,211.6066179694986,716.7847011921268,92.16607147184692,92.16607147184692
70900050407,7090005040718,2018,38290114.94625725,35876664.0,423516.9309229751,396822.38223523524,90.40988010281237,20699.43546284253
71200040104,7120004010418,2018,303244.4042939959,383890.34,4211.102192688753,5331.0182467826635,72.01069706180103,318.2724581960194
71200021001,7120002100118,2018,4323433.326377579,5069386.0,2885828.5772617566,3383741.088064379,1.4981601334338113,1777.6251541080917
71200061205,7120006120518,2018,21565.686054966307,87763.65,233.98725486041542,952.2338166144827,92.16607147184692,92.16607147184692
70900050407,7090005040719,2019,48121024.682995975,37807764.0,532254.0482110326,418181.7734633178,90.40988010281237,20699.43546284253
71200040104,7120004010419,2019,407424.9143418693,524506.3,5657.838779038746,7283.727576610711,72.01069706180103,318.2724581960194
71200021001,7120002100119,2019,6009926.880032834,5329768.5,4011538.383589188,3557542.602461374,1.4981601334338113,1777.6251541080917
71200061205,7120006120519,2019,24200.42089437209,89138.4,262.5740742542592,967.1498261399613,92.16607147184692,92.16607147184692
70900050407,7090005040720,2020,30939604.45485106,22069856.0,342214.8599209195,244108.89578553347,90.40988010281237,20699.43546284253
71200040104,7120004010420,2020,270434.3853771992,242056.67,3755.4751781545315,3361.3987904083488,72.01069706180103,318.2724581960194
71200021001,7120002100120,2020,3836065.482038895,3199542.2,2560517.6619181293,2135647.6711648903,1.4981601334338113,1777.6251541080917
71200061205,7120006120520,2020,17347.70669164838,57202.547,188.22226459926108,620.6464709464492,92.16607147184692,92.16607147184692
71200030102,7120003010201,2001,14437.627670120111,17722.627,232.87554346689893,285.86181113588736,61.99718293807131,61.99718293807131
71200030102,7120003010202,2002,6988.932659014761,13349.13,112.72984235422393,215.31833169475428,61.99718293807131,61.99718293807131
71200030102,7120003010203,2003,6498.209226381927,14546.81,104.8145886382121,234.63662880506584,61.99718293807131,61.99718293807131
71200030102,7120003010204,2004,7947.376840043729,17835.078,128.18932189196929,287.6756193554048,61.99718293807131,61.99718293807131
71200030102,7120003010205,2005,4416.3037654963055,11487.924,71.23394251489991,185.2975160415794,61.99718293807131,61.99718293807131
71200030102,7120003010206,2006,7504.794135109198,17487.377,121.05056680729672,282.0672838872059,61.99718293807131,61.99718293807131
71200030102,7120003010207,2007,9425.323381673752,20080.875,152.02825249477323,323.89979751271426,61.99718293807131,61.99718293807131
71200030102,7120003010208,2008,11779.216485864436,26111.31,189.99599542499598,421.16929774184194,61.99718293807131,61.99718293807131
71200030102,7120003010209,2009,10620.463172042364,23572.344,171.30557662032956,380.2163724688314,61.99718293807131,61.99718293807131
71200030102,7120003010210,2010,5330.112202245118,14747.745,85.9734579806528,237.87766316304166,61.99718293807131,61.99718293807131
71200030102,7120003010211,2011,8893.364947103944,21602.771,143.44788788205884,348.4476225569621,61.99718293807131,61.99718293807131
71200030102,7120003010212,2012,2327.411095309402,11012.932,37.54059434658897,177.63600663921724,61.99718293807131,61.99718293807131
71200030102,7120003010213,2013,7559.047832205973,19727.834,121.92566619932826,318.20532909867916,61.99718293807131,61.99718293807131
71200030102,7120003010214,2014,8834.525019433644,20642.748,142.49881366800824,332.9626770400188,61.99718293807131,61.99718293807131
71200030102,7120003010215,2015,6734.513576172701,20300.111,108.62612230139189,327.436022702478,61.99718293807131,61.99718293807131
71200030102,7120003010216,2016,5334.139349189022,16066.018,86.03841491503361,259.1410970406231,61.99718293807131,61.99718293807131
71200030102,7120003010217,2017,10446.13295289889,25410.797,168.49367112911375,409.87018757582456,61.99718293807131,61.99718293807131
71200030102,7120003010218,2018,13006.35807910058,27950.486,209.7895011147937,450.83477466902985,61.99718293807131,61.99718293807131
71200030102,7120003010219,2019,12861.700872039932,32885.203,207.45621433940673,530.4306009008325,61.99718293807131,61.99718293807131
71200030102,7120003010220,2020,8198.181373003752,18471.367,132.234740104125,297.93881148520825,61.99718293807131,61.99718293807131
71200030105,7120003010501,2001,304544.8024993296,281145.7,6431.926568118858,5937.742107243333,47.34892403916229,261.7936345384898
71200040805,7120004080501,2001,555064.8126775094,229041.27,14855.036766630927,6129.764325202565,37.36542839963608,246.52536046470965
71200030105,7120003010502,2002,259767.92911142207,191550.4,5486.247774005763,4045.50692306268,47.34892403916229,261.7936345384898
71200040805,7120004080502,2002,469731.87061412784,182098.9,12571.296268577045,4873.459446319998,37.36542839963608,246.52536046470965
71200030105,7120003010503,2003,258517.99107778628,192429.14,5459.849327599632,4064.065739716533,47.34892403916229,261.7936345384898
71200040805,7120004080503,2003,440367.6350232021,195666.08,11785.429844757007,5236.553905050522,37.36542839963608,246.52536046470965
71200030105,7120003010504,2004,274374.93903347844,242066.34,5794.744962030034,5112.393679733608,47.34892403916229,261.7936345384898
71200040805,7120004080504,2004,495490.381179932,203333.28,13260.663731203409,5441.748929659812,37.36542839963608,246.52536046470965
71200030105,7120003010505,2005,260746.7285965157,128001.69,5506.919827383028,2703.3706171259523,47.34892403916229,261.7936345384898
71200040805,7120004080505,2005,436764.0180738532,121387.734,11688.987301376881,3248.664318838166,37.36542839963608,246.52536046470965
71200030105,7120003010506,2006,358350.2145488431,267835.12,7568.286330064262,5656.6252652008225,47.34892403916229,261.7936345384898
71200040805,7120004080506,2006,576566.6809073975,241070.12,15430.48495900593,6451.688909375595,37.36542839963608,246.52536046470965
71200030105,7120003010507,2007,308675.7693508047,291005.56,6519.171778760991,6145.980418885745,47.34892403916229,261.7936345384898
71200040805,7120004080507,2007,544723.0666467081,337284.8,14578.26365111375,9026.65416792826,37.36542839963608,246.52536046470965
71200030105,7120003010508,2008,356120.50483496126,392251.7,7521.195297709702,8284.279061453828,47.34892403916229,261.7936345384898
71200040805,7120004080508,2008,644373.65368306,409003.56,17245.183081838713,10946.042304816274,37.36542839963608,246.52536046470965
71200030105,7120003010509,2009,309873.506464345,340266.88,6544.467751960923,7186.369846938133,47.34892403916229,261.7936345384898
71200040805,7120004080509,2009,620361.5242761682,287972.44,16602.55350590896,7706.921941855876,37.36542839963608,246.52536046470965
71200030105,7120003010510,2010,252157.77281913243,223785.4,5325.522763950724,4726.303808190173,47.34892403916229,261.7936345384898
71200040805,7120004080510,2010,604587.8525638791,259978.36,16180.407356704292,6957.724590213237,37.36542839963608,246.52536046470965
71200030105,7120003010511,2011,329217.97227461054,317225.84,6953.019080271272,6699.747595903606,47.34892403916229,261.7936345384898
71200040805,7120004080511,2011,638597.5377614964,275848.38,17090.598585716096,7382.449280380434,37.36542839963608,246.52536046470965
71200030105,7120003010512,2012,219870.73238613052,126879.48,4643.626795073009,2679.669761768145,47.34892403916229,261.7936345384898
71200040805,7120004080512,2012,533841.7382940432,102838.44,14287.049852190175,2752.2350045102544,37.36542839963608,246.52536046470965
71200030105,7120003010513,2013,277826.07745307294,301710.44,5867.632329369998,6372.065387387796,47.34892403916229,261.7936345384898
71200040805,7120004080513,2013,733547.1610611583,243574.67,19631.707502871897,6518.717446375439,37.36542839963608,246.52536046470965
71200030105,7120003010514,2014,290469.3855763712,300166.53,6134.656520095874,6339.45831064149,47.34892403916229,261.7936345384898
71200040805,7120004080514,2014,707493.5972143818,263975.3,18934.44361583373,7064.693523025979,37.36542839963608,246.52536046470965
71200030105,7120003010515,2015,255476.4703795177,283157.84,5395.613006289502,5980.238109862859,47.34892403916229,261.7936345384898
71200040805,7120004080515,2015,719891.8915040971,346987.4,19266.255529164722,9286.322005701386,37.36542839963608,246.52536046470965
71200030105,7120003010516,2016,296194.88013208495,238452.42,6255.577843481769,5036.068397304573,47.34892403916229,261.7936345384898
71200040805,7120004080516,2016,728866.3792801826,220375.81,19506.43711306362,5897.853161029096,37.36542839963608,246.52536046470965
71200030105,7120003010517,2017,303949.0070784889,315802.44,6419.34348554769,6669.685666749256,47.34892403916229,261.7936345384898
71200040805,7120004080517,2017,758710.0377951079,252692.06,20305.134191971352,6762.723480575994,37.36542839963608,246.52536046470965
71200030105,7120003010518,2018,316454.3723989373,376246.44,6683.4543513005265,7946.25110570214,47.34892403916229,261.7936345384898
71200040805,7120004080518,2018,788604.5902708425,300027.3,21105.19333102369,8029.542624029492,37.36542839963608,246.52536046470965
71200030105,7120003010519,2019,331390.95030343806,428699.56,6998.911950551286,9054.050724477342,47.34892403916229,261.7936345384898
71200040805,7120004080519,2019,822551.5990216844,477207.34,22013.707168675086,12771.360063000047,37.36542839963608,246.52536046470965
71200030105,7120003010520,2020,277242.5785680422,256521.1,5855.308947226233,5417.675379229979,47.34892403916229,261.7936345384898
71200040805,7120004080520,2020,756769.7349604979,227756.67,20253.20643635036,6095.384952209413,37.36542839963608,246.52536046470965
71200011406,7120001140601,2001,5770210.261547785,5679451.5,1701403.1883433654,1674642.075789717,3.3914420174363054,5885.838799265739
71200021402,7120002140201,2001,17740590.67434494,11019004.0,295697.1700207599,183662.89821225154,59.99580812051543,5414.710607350503
71200011406,7120001140602,2002,4722501.759207223,4050562.0,1392476.0426177375,1194348.0027595882,3.3914420174363054,5885.838799265739
71200021402,7120002140202,2002,17242243.815041628,9122890.0,287390.80871127866,152058.7902020516,59.99580812051543,5414.710607350503
71200011406,7120001140603,2003,3329766.769583408,5216931.0,981814.4472068788,1538263.3620679257,3.3914420174363054,5885.838799265739
71200021402,7120002140203,2003,14055618.38591174,8749416.0,234276.67409159298,145833.78862777844,59.99580812051543,5414.710607350503
71200011406,7120001140604,2004,4199239.536858188,5403759.0,1238187.0352695936,1593351.4334663067,3.3914420174363054,5885.838799265739
71200021402,7120002140204,2004,17470115.728802837,10497528.0,291188.93929572677,174971.0242907853,59.99580812051543,5414.710607350503
71200011406,7120001140605,2005,3550038.418833447,4132749.5,1046763.7071728649,1218581.794632618,3.3914420174363054,5885.838799265739
71200021402,7120002140205,2005,9286257.971042568,7033382.0,154781.77996017615,117231.22365268969,59.99580812051543,5414.710607350503
71200011406,7120001140606,2006,3285453.183179108,5949647.0,968748.1508714345,1754311.8736547115,3.3914420174363054,5885.838799265739
71200021402,7120002140206,2006,14410516.8970523,10662222.0,240192.06255386127,177716.11607568426,59.99580812051543,5414.710607350503
71200011406,7120001140607,2007,4847496.513628439,6136219.5,1429331.9740411807,1809324.6083677867,3.3914420174363054,5885.838799265739
71200021402,7120002140207,2007,14405153.485641615,9077310.0,240102.66611803178,151299.0704578248,59.99580812051543,5414.710607350503
71200011406,7120001140608,2008,7323652.878272312,9258841.0,2159451.0065687294,2730060.237620999,3.3914420174363054,5885.838799265739
71200021402,7120002140208,2008,18615500.903107483,12224159.0,310280.0259930486,203750.2182726659,59.99580812051543,5414.710607350503
71200011406,7120001140609,2009,5715542.783028321,7378869.5,1685283.945190039,2175732.169992372,3.3914420174363054,5885.838799265739
71200021402,7120002140209,2009,16020296.181800677,11110007.0,267023.5918752893,185179.72085121326,59.99580812051543,5414.710607350503
71200011406,7120001140610,2010,2929905.165377402,5344737.5,863911.3245380521,1575948.3643008736,3.3914420174363054,5885.838799265739
71200021402,7120002140210,2010,12403171.1687506,8388434.0,206733.9628768058,139817.00160034338,59.99580812051543,5414.710607350503
71200011406,7120001140611,2011,5641917.207887,8866908.0,1663574.7209831108,2614494.941801413,3.3914420174363054,5885.838799265739
71200021402,7120002140211,2011,15853308.814933335,12316524.0,264240.27463865984,205289.74249766616,59.99580812051543,5414.710607350503
71200011406,7120001140612,2012,2493672.956327976,4632881.5,735283.971687365,1366050.6286650705,3.3914420174363054,5885.838799265739
71200021402,7120002140212,2012,5460793.442872087,8633709.0,91019.58309991962,143905.203887865,59.99580812051543,5414.710607350503
71200011406,7120001140613,2013,5512549.826882085,6334289.5,1625429.4776500969,1867727.4939196168,3.3914420174363054,5885.838799265739
71200021402,7120002140213,2013,17226056.914220322,9047204.0,287121.00818140176,150797.2687329522,59.99580812051543,5414.710607350503
71200011406,7120001140614,2014,5353647.397667859,9158059.0,1578575.5351686196,2700343.6747306846,3.3914420174363054,5885.838799265739
71200021402,7120002140214,2014,15689356.800408108,13136159.0,261507.55014237686,218951.28028966612,59.99580812051543,5414.710607350503
71200011406,7120001140615,2015,5222455.463286469,9218635.0,1539892.3043461856,2718205.103494191,3.3914420174363054,5885.838799265739
71200021402,7120002140215,2015,17902148.281865977,21613898.0,298389.98494537116,360256.80255166325,59.99580812051543,5414.710607350503
71200011406,7120001140616,2016,6049843.167898845,6864034.5,1783855.6981941583,2023928.0119518992,3.3914420174363054,5885.838799265739
71200021402,7120002140216,2016,13180179.908690847,11268761.0,219685.01336319055,187825.8057190278,59.99580812051543,5414.710607350503
71200011406,7120001140617,2017,5162709.713504288,6922500.0,1522275.683016671,2041167.139054593,3.3914420174363054,5885.838799265739
71200021402,7120002140217,2017,14966406.441462597,12772851.0,249457.5356231408,212895.72388695524,59.99580812051543,5414.710607350503
71200011406,7120001140618,2018,4811328.775821786,8077285.0,1418667.5611982944,2381666.842149307,3.3914420174363054,5885.838799265739
71200021402,7120002140218,2018,9837433.678712752,11636076.0,163968.6835945604,193948.15012119274,59.99580812051543,5414.710607350503
71200011406,7120001140619,2019,5865698.658416902,8698519.0,1729558.8803405114,2564843.790717518,3.3914420174363054,5885.838799265739
71200021402,7120002140219,2019,15836992.037133737,13309760.0,263968.30934123736,221844.8324466982,59.99580812051543,5414.710607350503
71200011406,7120001140620,2020,3925576.548841408,4829841.0,1157494.814494535,1424126.072381159,3.3914420174363054,5885.838799265739
71200021402,7120002140220,2020,10197975.280419344,9231411.0,169978.13013759823,153867.59990725652,59.99580812051543,5414.710607350503
71200040403,7120004040301,2001,102038.67917545293,136883.73,1629.052684672933,2185.355687142107,62.63681962866619,62.63681962866619
71200040404,7120004040401,2001,830779.9013226244,403326.38,8120.847726271916,3942.502834690671,102.30211541031017,306.3763090655943
71200040403,7120004040302,2002,93716.08906925718,108649.234,1496.1821118128314,1734.5905274902543,62.63681962866619,62.63681962866619
71200040404,7120004040402,2002,1012876.7476591666,309354.44,9900.838742158476,3023.930040539736,102.30211541031017,306.3763090655943
71200040403,7120004040303,2003,81671.81198447823,122219.52,1303.8946177130065,1951.2408312644495,62.63681962866619,62.63681962866619
71200040404,7120004040403,2003,878906.5750076585,342196.4,8591.284466431287,3344.9591792655438,102.30211541031017,306.3763090655943
71200040403,7120004040304,2004,71767.8257511274,123864.95,1145.7769755328118,1977.5102046099466,62.63681962866619,62.63681962866619
71200040404,7120004040404,2004,858224.9071259593,359685.12,8389.121805388064,3515.9108739578455,102.30211541031017,306.3763090655943
71200040403,7120004040305,2005,55653.43697922575,71938.53,888.5099420621854,1148.5022775178836,62.63681962866619,62.63681962866619
71200040404,7120004040405,2005,738734.901483725,209877.88,7221.110712333073,2051.549756896309,102.30211541031017,306.3763090655943
71200040403,7120004040306,2006,74074.42706228368,150901.3,1182.6019823711322,2409.1469026460427,62.63681962866619,62.63681962866619
71200040404,7120004040406,2006,925184.5808475228,432243.25,9043.65053583517,4225.164340604025,102.30211541031017,306.3763090655943
71200040403,7120004040307,2007,60870.074606355694,140829.03,971.793826174694,2248.342601602151,62.63681962866619,62.63681962866619
71200040404,7120004040407,2007,761477.5549814308,446976.7,7443.419443745812,4369.183356642036,102.30211541031017,306.3763090655943
71200040403,7120004040308,2008,66065.2629392852,194532.61,1054.735271218176,3105.722978166196,62.63681962866619,62.63681962866619
71200040404,7120004040408,2008,840496.8974118207,616032.94,8215.831061173874,6021.702850710702,102.30211541031017,306.3763090655943
71200040403,7120004040309,2009,71297.63979277333,171495.72,1138.270432877206,2737.937861735141,62.63681962866619,62.63681962866619
71200040404,7120004040409,2009,869783.6529044945,519043.34,8502.108186287187,5073.632523806932,102.30211541031017,306.3763090655943
71200040403,7120004040310,2010,60774.09790331335,136541.34,970.261553246226,2179.889413438719,62.63681962866619,62.63681962866619
71200040404,7120004040410,2010,771978.8254741341,388995.75,7546.069036577643,3802.421371638581,102.30211541031017,306.3763090655943
71200040403,7120004040311,2011,64990.71713936186,158165.58,1037.580093061085,2525.1215010222895,62.63681962866619,62.63681962866619
71200040404,7120004040411,2011,823869.399412011,481970.62,8053.297784778556,4711.24783751467,102.30211541031017,306.3763090655943
71200040403,7120004040312,2012,43760.75879892587,62872.613,698.6427321558715,1003.7644531240838,62.63681962866619,62.63681962866619
71200040404,7120004040412,2012,731877.2455230275,175369.4,7154.077338358418,1714.23043694291,102.30211541031017,306.3763090655943
71200040403,7120004040313,2013,56015.71247198094,149302.3,894.293688665268,2383.6187866037617,62.63681962866619,62.63681962866619
71200040404,7120004040413,2013,829774.7645812106,444750.16,8111.022545850353,4347.418997312126,102.30211541031017,306.3763090655943
71200040403,7120004040314,2014,49569.89510445259,165852.48,791.385887698656,2647.8432491182302,62.63681962866619,62.63681962866619
71200040404,7120004040414,2014,863483.531755009,470282.62,8440.524697771652,4596.998000616165,102.30211541031017,306.3763090655943
71200040403,7120004040315,2015,44856.52022058294,158785.6,716.136618789215,2535.020151746827,62.63681962866619,62.63681962866619
71200040404,7120004040415,2015,867270.5501687733,461280.72,8477.54268511801,4509.004707770798,102.30211541031017,306.3763090655943
71200040403,7120004040316,2016,46333.68053653021,121381.59,739.7195581003808,1937.8632363455574,62.63681962866619,62.63681962866619
71200040404,7120004040416,2016,916821.0817296634,367111.22,8961.89759178005,3588.500770757297,102.30211541031017,306.3763090655943
71200040403,7120004040317,2017,51896.64102255815,155749.44,828.5325042079129,2486.547703464819,62.63681962866619,62.63681962866619
71200040404,7120004040417,2017,885504.3705537263,473614.5,8655.777712925805,4629.567024107386,102.30211541031017,306.3763090655943
71200040403,7120004040318,2018,51336.67800272848,175926.06,819.592666215669,2808.6684643785165,62.63681962866619,62.63681962866619
71200040404,7120004040418,2018,890793.4757214562,562890.25,8707.478551628079,5502.2347069009975,102.30211541031017,306.3763090655943
71200040403,7120004040319,2019,54183.0520051549,215080.3,865.035171427472,3433.7678904368727,62.63681962866619,62.63681962866619
71200040404,7120004040419,2019,1065876.857027357,616772.5,10418.913164721678,6028.9320267354,102.30211541031017,306.3763090655943
71200040403,7120004040320,2020,44303.634548672206,136299.66,707.309771015199,2176.030979989627,62.63681962866619,62.63681962866619
71200040404,7120004040420,2020,845061.9446889985,398953.78,8260.454256489713,3899.7608055306437,102.30211541031017,306.3763090655943
71000070902,7100007090201,2001,2649641.7587382426,4888906.0,110649.168095428,204160.95119754912,23.94633239766513,2556.5183666647613
71000070902,7100007090202,2002,1605890.1544487418,4994243.0,67062.05057962541,208559.8294161723,23.94633239766513,2556.5183666647613
71000070902,7100007090203,2003,3002296.1259312755,4820425.0,125376.03153892628,201301.18132286562,23.94633239766513,2556.5183666647613
71000070902,7100007090204,2004,4191847.0189357023,4853809.5,175051.73440858212,202695.31965877442,23.94633239766513,2556.5183666647613
71000070902,7100007090205,2005,2153393.956314319,3964729.0,89925.83584633961,165567.27494464154,23.94633239766513,2556.5183666647613
71000070902,7100007090206,2006,1730960.5264450694,4582448.5,72284.99536796898,191363.27116409727,23.94633239766513,2556.5183666647613
71000070902,7100007090207,2007,7545782.819735202,8743468.0,315112.2557904085,365127.6468897811,23.94633239766513,2556.5183666647613
71000070902,7100007090208,2008,6145811.87014161,10191201.0,256649.40117263436,425585.04704435176,23.94633239766513,2556.5183666647613
71000070902,7100007090209,2009,4870663.255383523,6192642.0,203399.1332993621,258605.0296622379,23.94633239766513,2556.5183666647613
71000070902,7100007090210,2010,7964606.107669087,9140928.0,332602.3365668168,381725.59572802385,23.94633239766513,2556.5183666647613
71000070902,7100007090211,2011,3728225.2694720537,4941844.5,155690.86771031257,206371.66551992952,23.94633239766513,2556.5183666647613
71000070902,7100007090212,2012,651049.3083660265,3254662.2,27187.850630082565,135914.85100730264,23.94633239766513,2556.5183666647613
71000070902,7100007090213,2013,4808407.927779096,8144875.5,200799.34780525873,340130.3951161289,23.94633239766513,2556.5183666647613
71000070902,7100007090214,2014,5308149.2644093465,11030284.0,221668.57021190075,460625.1937384574,23.94633239766513,2556.5183666647613
71000070902,7100007090215,2015,11581162.040450666,12815749.0,483629.88737180806,535186.2985602585,23.94633239766513,2556.5183666647613
71000070902,7100007090216,2016,8300004.019905346,6793578.5,346608.56961605663,283700.1669893467,23.94633239766513,2556.5183666647613
71000070902,7100007090217,2017,5168515.692250408,6681392.0,215837.46547986448,279015.2533191874,23.94633239766513,2556.5183666647613
71000070902,7100007090218,2018,5632947.969254972,10925661.0,235232.17984747462,456256.1321943939,23.94633239766513,2556.5183666647613
71000070902,7100007090219,2019,5891625.989508373,9986641.0,246034.58649403995,417042.61154304113,23.94633239766513,2556.5183666647613
71000070902,7100007090220,2020,1573362.7943376198,3259605.2,65703.70644696426,136121.2709265585,23.94633239766513,2556.5183666647613
70900051001,7090005100101,2001,34849045.90561335,23113226.0,1020367.953945152,676747.2253492333,34.153410807221995,22677.964386037987
71200040706,7120004070601,2001,2815594.6826981567,1424161.6,169948.68463201265,85962.08542043537,16.567322593844853,1658.5157154802073
71200040810,7120004081001,2001,1865606.0377128376,901668.8,78212.74655700481,37801.11765676743,23.85296668175569,839.7346199324535
71200070202,7120007020201,2001,182709.11236049887,391729.12,2422.328489842024,5193.48266442508,75.42705835591049,190.09753830597245
70900051001,7090005100102,2002,28511444.30829442,16681587.0,834805.1815154421,488431.0704473637,34.153410807221995,22677.964386037987
71200040706,7120004070602,2002,2699859.2842129325,1019631.3,162962.9210706619,61544.724213845926,16.567322593844853,1658.5157154802073
71200040810,7120004081002,2002,1772822.8697502415,713580.2,74322.95082633107,29915.784041479117,23.85296668175569,839.7346199324535
71200070202,7120007020202,2002,159407.84138340174,290855.22,2113.4039276889084,3856.1124660008495,75.42705835591049,190.09753830597245
70900051001,7090005100103,2003,10836761.416099545,12749078.0,317296.6084490756,373288.5734886576,34.153410807221995,22677.964386037987
71200040706,7120004070603,2003,2356274.222043392,1086012.5,142224.2012067057,65551.47905452622,16.567322593844853,1658.5157154802073
71200040810,7120004081003,2003,1612373.3066081514,863382.7,67596.34254809067,36196.03010053972,23.85296668175569,839.7346199324535
71200070202,7120007020203,2003,55540.681560391255,363232.3,736.3495643475412,4815.676335752752,75.42705835591049,190.09753830597245
70900051001,7090005100104,2004,26445768.195821185,19768280.0,774322.9027722476,578808.3688502306,34.153410807221995,22677.964386037987
71200040706,7120004070604,2004,3048062.0756684346,1313645.9,183980.36607320368,79291.3817280319,16.567322593844853,1658.5157154802073
71200040810,7120004081004,2004,1751102.17603359,978700.5,73412.34318551024,41030.55662038778,23.85296668175569,839.7346199324535
71200070202,7120007020204,2004,154274.5402662528,333986.84,2045.347434050685,4427.94465646596,75.42705835591049,190.09753830597245
70900051001,7090005100105,2005,14022437.973261705,10943296.0,410572.11100850155,320415.9040445225,34.153410807221995,22677.964386037987
71200040706,7120004070605,2005,2053024.4638235208,692510.56,123920.11154453328,41799.787266609026,16.567322593844853,1658.5157154802073
71200040810,7120004081005,2005,1607881.4041136035,584737.1,67408.02624536496,24514.22952127985,23.85296668175569,839.7346199324535
71200070202,7120007020205,2005,47518.46186992134,218773.89,629.992245563926,2900.4696029333727,75.42705835591049,190.09753830597245
70900051001,7090005100106,2006,21132297.633090857,20709196.0,618746.331146003,606358.0623584712,34.153410807221995,22677.964386037987
71200040706,7120004070606,2006,3168538.237043042,1548439.4,191252.28105476912,93463.46648524133,16.567322593844853,1658.5157154802073
71200040810,7120004081006,2006,2090859.4493285231,1198669.1,87656.15938782782,50252.411617915044,23.85296668175569,839.7346199324535
71200070202,7120007020206,2006,58522.89582489777,391922.44,775.8872889984831,5196.045670383603,75.42705835591049,190.09753830597245
70900051001,7090005100107,2007,32007359.869997136,24950326.0,937164.3743186241,730536.8749502485,34.153410807221995,22677.964386037987
71200040706,7120004070607,2007,2761766.516313005,1562794.2,166699.62817885043,94329.9191011476,16.567322593844853,1658.5157154802073
71200040810,7120004081007,2007,1904450.888359368,1149569.5,79841.25889950691,48193.98422583913,23.85296668175569,839.7346199324535
71200070202,7120007020207,2007,116535.14314251508,440805.7,1545.0044809202525,5844.132193516179,75.42705835591049,190.09753830597245
70900051001,7090005100108,2008,51984439.57308129,31376810.0,1522086.3259164966,918702.0932434994,34.153410807221995,22677.964386037987
71200040706,7120004070608,2008,3195322.006908727,2087595.2,192868.94359719075,126006.79368527478,16.567322593844853,1658.5157154802073
71200040810,7120004081008,2008,2070027.8612021,1417953.2,86782.8261708592,59445.56997535,23.85296668175569,839.7346199324535
71200070202,7120007020208,2008,173774.44820982448,602469.9,2303.874126839887,7987.450566574963,75.42705835591049,190.09753830597245
70900051001,7090005100109,2009,46035237.81978542,32749448.0,1347895.7659494122,958892.4568867623,34.153410807221995,22677.964386037987
71200040706,7120004070609,2009,3264846.156647409,1854157.6,197065.40620271227,111916.55075810879,16.567322593844853,1658.5157154802073
71200040810,7120004081009,2009,2166104.712373168,1436259.8,90810.70465041764,60213.046836582624,23.85296668175569,839.7346199324535
71200070202,7120007020209,2009,138222.97778612346,613122.44,1832.5383595619471,8128.680255657292,75.42705835591049,190.09753830597245
70900051001,7090005100110,2010,38197619.93270926,16668240.0,1118413.0378167701,488040.27492549515,34.153410807221995,22677.964386037987
71200040706,7120004070610,2010,2475550.38085042,1271834.4,149423.68429345032,76767.64865268671,16.567322593844853,1658.5157154802073
71200040810,7120004081010,2010,2031304.487691368,1009099.3,85159.40657583036,42304.980905030374,23.85296668175569,839.7346199324535
71200070202,7120007020210,2010,84248.84051471372,349487.1,1116.957791422499,4633.444649941251,75.42705835591049,190.09753830597245
70900051001,7090005100111,2011,33467911.885065354,21348404.0,979928.829772642,625073.8504713479,34.153410807221995,22677.964386037987
71200040706,7120004070611,2011,3077085.344554985,1665292.4,185732.2042910056,100516.68823173002,16.567322593844853,1658.5157154802073
71200040810,7120004081011,2011,2203300.3096130323,1308600.6,92370.07450726289,54861.12555554373,23.85296668175569,839.7346199324535
71200070202,7120007020211,2011,127847.62933069502,439276.94,1694.9836320996712,5823.864135430361,75.42705835591049,190.09753830597245
70900051001,7090005100112,2012,13041982.281051872,11785540.0,381864.70905254496,345076.51568164484,34.153410807221995,22677.964386037987
71200040706,7120004070612,2012,2377230.3924176414,601234.2,143489.11110723697,36290.36596555272,16.567322593844853,1658.5157154802073
71200040810,7120004081012,2012,1551363.37037536,503366.16,65038.59209940306,21102.874401992412,23.85296668175569,839.7346199324535
71200070202,7120007020212,2012,17943.821689412052,202657.05,237.89634755132894,2686.7950894192563,75.42705835591049,190.09753830597245
70900051001,7090005100113,2013,33213359.96929252,27204520.0,972475.6381365374,796538.8919295698,34.153410807221995,22677.964386037987
71200040706,7120004070613,2013,2928301.265430204,1556137.4,176751.6295311432,93928.11609632937,16.567322593844853,1658.5157154802073
71200040810,7120004081013,2013,2249064.783674184,1376307.8,94288.68172588426,57699.64878426173,23.85296668175569,839.7346199324535
71200070202,7120007020213,2013,79533.46935337438,414837.62,1054.4421469824179,5499.851499478412,75.42705835591049,190.09753830597245
70900051001,7090005100114,2014,20046000.782856643,23373084.0,586939.9368632829,684355.7772876256,34.153410807221995,22677.964386037987
71200040706,7120004070614,2014,2741430.0298280707,1664995.9,165472.12226353193,100498.79155601066,16.567322593844853,1658.5157154802073
71200040810,7120004081014,2014,2118370.3677112893,1327529.1,88809.5135491703,55654.674645371524,23.85296668175569,839.7346199324535
71200070202,7120007020214,2014,51912.86761661784,427386.16,688.2525813437073,5666.218056434516,75.42705835591049,190.09753830597245
70900051001,7090005100115,2015,25977807.36955566,27813660.0,760621.1723972956,814374.2994511867,34.153410807221995,22677.964386037987
71200040706,7120004070615,2015,2583861.8211691547,1577074.2,155961.33934937196,95191.85680527038,16.567322593844853,1658.5157154802073
71200040810,7120004081015,2015,2207419.270781081,1547745.5,92542.75580192127,64886.918287770764,23.85296668175569,839.7346199324535
71200070202,7120007020215,2015,104007.49393514004,641442.06,1378.9148907858737,8504.137294779393,75.42705835591049,190.09753830597245
70900051001,7090005100116,2016,30107802.18313689,20506440.0,881545.985350616,600421.4371369245,34.153410807221995,22677.964386037987
71200040706,7120004070616,2016,2442487.0620654523,1250373.6,147427.98953965522,75472.27941734792,16.567322593844853,1658.5157154802073
71200040810,7120004081016,2016,2206891.216218847,1032015.7,92520.6179031316,43265.71674580643,23.85296668175569,839.7346199324535
71200070202,7120007020216,2016,91123.0777086292,374879.88,1208.0953399860218,4970.098107645799,75.42705835591049,190.09753830597245
70900051001,7090005100117,2017,39865802.92765541,28839616.0,1167256.8562090872,844413.9346077156,34.153410807221995,22677.964386037987
71200040706,7120004070617,2017,2828428.5391229223,1736800.0,170723.33342345548,104832.87146501642,16.567322593844853,1658.5157154802073
71200040810,7120004081017,2017,2190190.954267221,1209394.4,91820.48436526021,50702.05380050373,23.85296668175569,839.7346199324535
71200070202,7120007020217,2017,109374.11235975528,437714.8,1450.064668353657,5803.15353058841,75.42705835591049,190.09753830597245
70900051001,7090005100118,2018,41777687.44475556,39582412.0,1223236.1704829012,1158959.268326723,34.153410807221995,22677.964386037987
71200040706,7120004070618,2018,2752261.9191193096,2065665.1,166125.93275281784,124683.09760367936,16.567322593844853,1658.5157154802073
71200040810,7120004081018,2018,2070004.1323829528,1346036.1,86781.83137555915,56430.55297727543,23.85296668175569,839.7346199324535
71200070202,7120007020218,2018,118878.19405138589,577105.6,1576.0682789781706,7651.174692202188,75.42705835591049,190.09753830597245
70900051001,7090005100119,2019,54399253.14051271,42034190.0,1592791.2280143213,1230746.47616488,34.153410807221995,22677.964386037987
71200040706,7120004070619,2019,2935587.782762774,2479704.2,177191.44213763383,149674.4079167788,16.567322593844853,1658.5157154802073
71200040810,7120004081019,2019,2329873.7383523467,1853926.5,97676.47644996656,77723.09938360851,23.85296668175569,839.7346199324535
71200070202,7120007020219,2019,181951.977994738,753313.6,2412.2905222709137,9987.312463458547,75.42705835591049,190.09753830597245
70900051001,7090005100120,2020,35642138.29958243,24852696.0,1043589.4236380523,727678.3024770314,34.153410807221995,22677.964386037987
71200040706,7120004070620,2020,2426491.934516857,1450472.9,146462.52710853564,87550.22978419485,16.567322593844853,1658.5157154802073
71200040810,7120004081020,2020,1946886.4535619973,1022489.1,81620.30658648023,42866.328270272,23.85296668175569,839.7346199324535
71200070202,7120007020220,2020,172761.61138980347,395794.94,2290.446096606468,5247.3866623884505,75.42705835591049,190.09753830597245
71200040603,7120004060301,2001,187007.5251980085,210474.97,1476.2207203256635,1661.470635980756,126.6799216561284,282.4957997234748
71200011809,7120001180901,2001,27650704.6835936,20829780.0,3584447.7757780985,2700229.865579092,7.714076592339608,13281.673352990523
71200050503,7120005050301,2001,4287288.425584742,2231035.8,433023.10539153294,225338.24516924546,9.900830630523146,1170.4823471817615
71200040603,7120004060302,2002,265985.354530716,162775.75,2099.6646591930416,1284.9372487129683,126.6799216561284,282.4957997234748
71200011809,7120001180902,2002,34482069.39905481,16811146.0,4470019.060129233,2179281.706470759,7.714076592339608,13281.673352990523
71200050503,7120005050302,2002,3904834.917182483,1787485.4,394394.6788812159,180538.93321731852,9.900830630523146,1170.4823471817615
71200040603,7120004060303,2003,200145.1745176813,277249.2,1579.9281520000757,2188.5804504409994,126.6799216561284,282.4957997234748
71200011809,7120001180903,2003,29732685.43175342,16856368.0,3854341.485444828,2185143.9764986336,7.714076592339608,13281.673352990523
71200050503,7120005050303,2003,1645042.8136919986,1079849.0,166152.0002797055,109066.50565973193,9.900830630523146,1170.4823471817615
71200040603,7120004060304,2004,225683.07167088383,298834.3,1781.5220338034205,2358.9713041596538,126.6799216561284,282.4957997234748
71200011809,7120001180904,2004,33592991.28917489,19925544.0,4354765.069682364,2583010.9101829343,7.714076592339608,13281.673352990523
71200050503,7120005050304,2004,3610751.485450865,1717845.2,364691.7738719138,173505.15972913188,9.900830630523146,1170.4823471817615
71200040603,7120004060305,2005,162183.5483795309,145294.28,1280.2624619533378,1146.9400841153038,126.6799216561284,282.4957997234748
71200011809,7120001180905,2005,17560631.083623808,14170650.0,2276439.8140747305,1836985.9088606965,7.714076592339608,13281.673352990523
71200050503,7120005050305,2005,2061457.8504447057,1621181.4,208210.59640081745,163741.95867991928,9.900830630523146,1170.4823471817615
71200040603,7120004060306,2006,259301.0168138308,372986.97,2046.899093588811,2944.325865723773,126.6799216561284,282.4957997234748
71200011809,7120001180906,2006,21619504.57427482,21705144.0,2802604.344860131,2813706.052848126,7.714076592339608,13281.673352990523
71200050503,7120005050306,2006,2808804.98479752,2685448.2,283693.8727280407,271234.6367910856,9.900830630523146,1170.4823471817615
71200040603,7120004060307,2007,237449.42530125572,272828.12,1874.404579644517,2153.6808393408205,126.6799216561284,282.4957997234748
71200011809,7120001180907,2007,20634314.65873657,19112540.0,2674891.078891709,2477618.645759822,7.714076592339608,13281.673352990523
71200050503,7120005050307,2007,3979098.441222379,2155915.5,401895.4156184903,217750.97266622816,9.900830630523146,1170.4823471817615
71200040603,7120004060308,2008,268153.382530974,553257.5,2116.7788788098096,4367.365346986975,126.6799216561284,282.4957997234748
71200011809,7120001180908,2008,30074024.523154225,26041836.0,3898590.3449570304,3375885.07039982,7.714076592339608,13281.673352990523
71200050503,7120005050308,2008,3578629.852351501,3054008.2,361447.4366745542,308459.79635131184,9.900830630523146,1170.4823471817615
71200040603,7120004060309,2009,297857.94912789663,335423.7,2351.2640774789043,2647.804763492867,126.6799216561284,282.4957997234748
71200011809,7120001180909,2009,28721025.896262016,24622664.0,3723196.8794273008,3191913.3424798124,7.714076592339608,13281.673352990523
71200050503,7120005050309,2009,4668801.651271452,4082260.8,471556.5618179613,412314.9816758656,9.900830630523146,1170.4823471817615
71200040603,7120004060310,2010,207506.2306253117,227019.69,1638.035672208463,1792.0731796491245,126.6799216561284,282.4957997234748
71200011809,7120001180910,2010,19398242.482280504,17216138.0,2514655.156722679,2231782.0926352125,7.714076592339608,13281.673352990523
71200050503,7120005050310,2010,2301889.840954047,1339350.2,232494.61856842396,135276.54900700293,9.900830630523146,1170.4823471817615
71200040603,7120004060311,2011,270740.852651509,323142.5,2137.204137104164,2550.8580663411494,126.6799216561284,282.4957997234748
71200011809,7120001180911,2011,25273930.01857094,26714588.0,3276339.003902163,3463096.027141949,7.714076592339608,13281.673352990523
71200050503,7120005050311,2011,3954473.011872277,2406721.2,399408.2071943623,243082.75636797075,9.900830630523146,1170.4823471817615
71200040603,7120004060312,2012,131722.88786433465,122854.266,1039.8087253471417,969.8006155504808,126.6799216561284,282.4957997234748
71200011809,7120001180912,2012,9105259.635476304,16968674.0,1180343.4314507842,2199702.556343631,7.714076592339608,13281.673352990523
71200050503,7120005050312,2012,2006895.3382042325,1886678.8,202699.6939041862,190557.62798159398,9.900830630523146,1170.4823471817615
71200040603,7120004060313,2013,231104.8750622093,343861.03,1824.3212660767313,2714.4082937895078,126.6799216561284,282.4957997234748
71200011809,7120001180913,2013,28141142.42059606,19936048.0,3648024.7614525063,2584372.576725166,7.714076592339608,13281.673352990523
71200050503,7120005050313,2013,4707649.618244777,3426847.2,475480.26967875037,346117.1418724623,9.900830630523146,1170.4823471817615
71200040603,7120004060314,2014,258931.70319703704,386203.44,2043.9837648455848,3048.655500816823,126.6799216561284,282.4957997234748
71200011809,7120001180914,2014,25597367.23920833,28468160.0,3318267.1876278175,3690417.078340918,7.714076592339608,13281.673352990523
71200050503,7120005050314,2014,3587509.24639837,3919676.5,362344.2699179686,395893.7028895413,9.900830630523146,1170.4823471817615
71200040603,7120004060315,2015,252263.51512997883,375031.0,1991.3456831363226,2960.461256188795,126.6799216561284,282.4957997234748
71200011809,7120001180915,2015,29279343.51403477,39614950.0,3795573.3474451564,5135410.509060703,7.714076592339608,13281.673352990523
71200050503,7120005050315,2015,4802482.363629777,3466185.0,485058.5312331538,350090.3236657884,9.900830630523146,1170.4823471817615
71200040603,7120004060316,2016,194706.59638436887,227387.34,1536.9965014100524,1794.9753759497978,126.6799216561284,282.4957997234748
71200011809,7120001180916,2016,24426064.460428946,23941642.0,3166427.5261001457,3103630.3196386495,7.714076592339608,13281.673352990523
71200050503,7120005050316,2016,4015184.2418851126,2388459.2,405540.1401885163,241238.2646600023,9.900830630523146,1170.4823471817615
71200040603,7120004060317,2017,255344.45264454733,364037.0,2015.6663290152462,2873.675601001518,126.6799216561284,282.4957997234748
71200011809,7120001180917,2017,25368889.2469859,24711348.0,3288648.867212213,3203409.7282025144,7.714076592339608,13281.673352990523
71200050503,7120005050317,2017,3136340.4877627715,2078804.0,316775.49135057285,209962.58572399788,9.900830630523146,1170.4823471817615
71200040603,7120004060318,2018,236845.2102473432,333237.25,1869.6349599130442,2630.545122253626,126.6799216561284,282.4957997234748
71200011809,7120001180918,2018,18371953.43600817,24386486.0,2381614.0812307033,3161296.8458488956,7.714076592339608,13281.673352990523
71200050503,7120005050318,2018,2006069.1352960465,1839292.2,202616.24606642209,185771.5042947679,9.900830630523146,1170.4823471817615
71200040603,7120004060319,2019,293842.4438541951,357831.06,2319.5660370854034,2824.6864642948663,126.6799216561284,282.4957997234748
71200011809,7120001180919,2019,28613585.849129844,28869732.0,3709269.08835003,3742474.1191536547,7.714076592339608,13281.673352990523
71200050503,7120005050319,2019,6262725.07754041,3060029.5,632545.4208087485,309067.95744654734,9.900830630523146,1170.4823471817615
71200040603,7120004060320,2020,215499.270285961,235063.47,1701.1320142029454,1855.57006135572,126.6799216561284,282.4957997234748
71200011809,7120001180920,2020,20357201.43559127,19056230.0,2638968.020593262,2470319.00343375,7.714076592339608,13281.673352990523
71200050503,7120005050320,2020,3756961.7026851033,2140374.5,379459.24366212403,216181.3063846852,9.900830630523146,1170.4823471817615
71000040911,7100004091101,2001,1517663.0021060642,1566248.8,18438.940062271566,19029.236204432716,82.30749690495482,957.0309336396122
71000061702,7100006170201,2001,16089696.63449813,18439446.0,4675010.771918915,5357752.270691339,3.441638408865937,8874.466852623364
71000040911,7100004091102,2002,768455.2827049815,1093545.6,9336.394758698116,13286.099579273803,82.30749690495482,957.0309336396122
71000061702,7100006170202,2002,11850603.358654607,14932576.0,3443302.8548631086,4338798.626123095,3.441638408865937,8874.466852623364
71000040911,7100004091103,2003,1846339.5920774487,1551308.6,22432.216523478084,18847.719324904087,82.30749690495482,957.0309336396122
71000061702,7100006170203,2003,15019807.24155199,16130101.0,4364144.47341701,4686750.635525093,3.441638408865937,8874.466852623364
71000040911,7100004091104,2004,2822921.2064711694,1755982.6,34297.25496003065,21334.41868640148,82.30749690495482,957.0309336396122
71000061702,7100006170204,2004,19818996.862616915,17290048.0,5758593.584834941,5023784.008064139,3.441638408865937,8874.466852623364
71000040911,7100004091105,2005,1421634.3928709591,1144227.8,17272.234563427457,13901.866087864457,82.30749690495482,957.0309336396122
71000061702,7100006170205,2005,12391118.863511216,14207932.0,3600354.654222448,4128246.582615776,3.441638408865937,8874.466852623364
71000040911,7100004091106,2006,2157210.5109166475,1432655.4,26209.161887254355,17406.13496792849,82.30749690495482,957.0309336396122
71000061702,7100006170206,2006,8999424.044515092,13121382.0,2614866.2280534334,3812539.390017925,3.441638408865937,8874.466852623364
71000040911,7100004091107,2007,4626038.048764352,2463865.0,56204.33402447292,29934.879478173974,82.30749690495482,957.0309336396122
71000061702,7100006170207,2007,30510857.158366736,30759466.0,8865212.882262215,8937448.489870738,3.441638408865937,8874.466852623364
71000040911,7100004091108,2008,3456505.981975358,3167451.0,41995.03218967749,38483.140893685995,82.30749690495482,957.0309336396122
71000061702,7100006170208,2008,28542263.36477606,33768344.0,8293219.674457636,9811705.934304439,3.441638408865937,8874.466852623364
71000040911,7100004091109,2009,2676780.0820233217,1803746.6,32521.704372985037,21914.730344465337,82.30749690495482,957.0309336396122
71000061702,7100006170209,2009,19012947.88148204,19613292.0,5524388.568102668,5698824.126751545,3.441638408865937,8874.466852623364
71000040911,7100004091110,2010,4164697.900173699,2815072.5,50599.2534918528,34201.89661764014,82.30749690495482,957.0309336396122
71000061702,7100006170210,2010,35769948.50956877,30779498.0,10393290.712185951,8943268.973495165,3.441638408865937,8874.466852623364
71000040911,7100004091111,2011,1639533.397988171,1725400.5,19919.611938648,20962.859580001794,82.30749690495482,957.0309336396122
71000061702,7100006170211,2011,15194927.80973719,16037281.0,4415027.380736406,4659780.922564868,3.441638408865937,8874.466852623364
71000040911,7100004091112,2012,586740.7681049561,884191.06,7128.643078315203,10742.533708940586,82.30749690495482,957.0309336396122
71000061702,7100006170212,2012,2309299.051056984,10164762.0,670988.2842741539,2953465.9927709885,3.441638408865937,8874.466852623364
71000040911,7100004091113,2013,2068271.1545414864,2161008.8,25128.587702403798,26255.309434272316,82.30749690495482,957.0309336396122
71000061702,7100006170213,2013,26219549.7695957,23865236.0,7618333.6698161075,6934265.941047507,3.441638408865937,8874.466852623364
71000040911,7100004091114,2014,2085859.166217126,2841769.5,25342.274332868936,34526.25346244649,82.30749690495482,957.0309336396122
71000061702,7100006170214,2014,21461944.684022058,33751760.0,6235967.331354266,9806887.299099393,3.441638408865937,8874.466852623364
71000040911,7100004091115,2015,5416584.301742163,3577668.5,65809.12438628772,43467.10366045196,82.30749690495482,957.0309336396122
71000061702,7100006170215,2015,48444954.79042245,39263760.0,14076131.491798893,11408450.085532926,3.441638408865937,8874.466852623364
71000040911,7100004091116,2016,2882074.4334586663,1885414.8,35015.94073243125,22906.963167367325,82.30749690495482,957.0309336396122
71000061702,7100006170216,2016,31942162.78924032,23736402.0,9281092.024936363,6896832.0259482,3.441638408865937,8874.466852623364
71000040911,7100004091117,2017,2103252.162420701,1632785.5,25553.591610852247,19837.627936680798,82.30749690495482,957.0309336396122
71000061702,7100006170217,2017,18791885.704657752,20346240.0,5460156.899762725,5911788.974572823,3.441638408865937,8874.466852623364
71000040911,7100004091118,2018,3252268.251741575,3125544.8,39513.63331455889,37973.998937292985,82.30749690495482,957.0309336396122
71000061702,7100006170218,2018,26318260.55841085,37978540.0,7647015.006170577,11035017.479513314,3.441638408865937,8874.466852623364
71000040911,7100004091119,2019,2974607.7114289864,2908098.8,36140.17948892233,35332.125375628275,82.30749690495482,957.0309336396122
71000061702,7100006170219,2019,23629845.62768077,33297082.0,6865871.082449682,9674776.38389438,3.441638408865937,8874.466852623364
71000040911,7100004091120,2020,1009683.5981108556,1181626.4,12267.213025282437,14356.242680596783,82.30749690495482,957.0309336396122
71000061702,7100006170220,2020,9149576.873116933,12156556.0,2658494.5267773885,3532200.2359933383,3.441638408865937,8874.466852623364
71000080701,7100008070101,2001,807125.2765144333,734087.3,7927.383497333876,7210.0226779582445,101.81483925760426,1267.5887871519735
71300020305,7130002030501,2001,5555855.167769064,3273864.2,52217.91256214966,30770.12437755792,106.39749647511276,1501.5160204975678
71000080701,7100008070102,2002,75890.02786470331,454293.06,745.3729575969968,4461.953319501707,101.81483925760426,1267.5887871519735
71300020305,7130002030502,2002,5247166.723611828,2953640.2,49316.63711503948,27760.429501185496,106.39749647511276,1501.5160204975678
71000080701,7100008070103,2003,390524.1409506206,697785.5,3835.6308746168693,6853.475437254441,101.81483925760426,1267.5887871519735
71300020305,7130002030503,2003,2998814.3446069416,1714694.2,28185.00851952272,16115.926190059188,106.39749647511276,1501.5160204975678
71000080701,7100008070104,2004,1070464.5209130528,798688.06,10513.83598617333,7844.515257537455,101.81483925760426,1267.5887871519735
71300020305,7130002030504,2004,4930762.987297831,2572130.8,46342.84781739368,24174.730470294875,106.39749647511276,1501.5160204975678
71000080701,7100008070105,2005,561285.185162542,497487.8,5512.803332551755,4886.201300591299,101.81483925760426,1267.5887871519735
71300020305,7130002030505,2005,3310256.115109632,2750002.2,31112.161702826605,25846.493490034776,106.39749647511276,1501.5160204975678
71000080701,7100008070106,2006,239885.5150166153,650925.5,2356.095798665212,6393.228185069144,101.81483925760426,1267.5887871519735
71300020305,7130002030506,2006,4579951.998563665,3988552.5,43045.67447820497,37487.277728691246,106.39749647511276,1501.5160204975678
71000080701,7100008070107,2007,1638292.537920515,1465005.8,16090.901383986182,14388.92219132569,101.81483925760426,1267.5887871519735
71300020305,7130002030507,2007,5715781.997688094,3406028.8,53721.019639076396,32012.302101456848,106.39749647511276,1501.5160204975678
71000080701,7100008070108,2008,2189145.2336554728,1994618.8,21501.23940299765,19590.649207365197,101.81483925760426,1267.5887871519735
71300020305,7130002030508,2008,5776444.132747243,4737510.0,54291.16590255862,44526.51760568579,106.39749647511276,1501.5160204975678
71000080701,7100008070109,2009,996557.85278656,1014443.75,9787.94309408223,9963.613923048393,101.81483925760426,1267.5887871519735
71300020305,7130002030509,2009,6183358.739128337,5505950.5,58115.64128837068,51748.87269352138,106.39749647511276,1501.5160204975678
71000080701,7100008070110,2010,1960995.6837974207,1869579.6,19260.41133194599,18362.545318857992,101.81483925760426,1267.5887871519735
71300020305,7130002030510,2010,3053026.12307335,1596403.0,28694.529704347675,15004.140631950035,106.39749647511276,1501.5160204975678
71000080701,7100008070111,2011,1371930.4648868944,1071815.5,13474.759424957092,10527.104966380912,101.81483925760426,1267.5887871519735
71300020305,7130002030511,2011,4018713.424539276,3207583.5,37770.75173455125,30147.170810078973,106.39749647511276,1501.5160204975678
71000080701,7100008070112,2012,372578.01730810606,419453.88,3659.3685166602986,4119.771568255677,101.81483925760426,1267.5887871519735
71300020305,7130002030512,2012,1237581.613026617,2546666.0,11631.679823557668,23935.3940117913,106.39749647511276,1501.5160204975678
71000080701,7100008070113,2013,1279653.1515673387,1179201.2,12568.434629942856,11581.82057348707,101.81483925760426,1267.5887871519735
71300020305,7130002030513,2013,4937525.1942742,4547453.5,46406.403889673544,42740.23027471973,106.39749647511276,1501.5160204975678
71000080701,7100008070114,2014,1138922.519409522,2091664.1,11186.213401839252,20543.803980359175,101.81483925760426,1267.5887871519735
71300020305,7130002030514,2014,4172769.364768207,5777940.0,39218.679978473476,54305.225136115,106.39749647511276,1501.5160204975678
71000080701,7100008070115,2015,1765583.292472581,1826159.6,17341.119480682326,17936.084890136575,101.81483925760426,1267.5887871519735
71300020305,7130002030515,2015,5221911.616719545,4998653.0,49079.27150279323,46980.92686014681,106.39749647511276,1501.5160204975678
71000080701,7100008070116,2016,915952.1280206912,696630.2,8996.25373569778,6842.128368316121,101.81483925760426,1267.5887871519735
71300020305,7130002030516,2016,4228677.171739824,3135960.5,39744.141655898326,29474.006474706166,106.39749647511276,1501.5160204975678
71000080701,7100008070117,2017,974610.5089960868,860954.0,9572.38174810845,8456.075816430637,101.81483925760426,1267.5887871519735
71300020305,7130002030517,2017,3993224.038031692,2920085.2,37531.18419441138,27445.055539281715,106.39749647511276,1501.5160204975678
71000080701,7100008070118,2018,808369.6123586141,1562372.9,7939.605054164433,15345.2376037937,101.81483925760426,1267.5887871519735
71300020305,7130002030518,2018,3189706.0557123064,3100015.8,29979.145763626162,29136.17239786388,106.39749647511276,1501.5160204975678
71000080701,7100008070119,2019,1689864.211141823,1760320.8,16597.42551737724,17289.43258994073,101.81483925760426,1267.5887871519735
71300020305,7130002030519,2019,6046592.887229973,3979564.5,56830.217698254964,37402.80205682144,106.39749647511276,1501.5160204975678
71000080701,7100008070120,2020,392654.21214034,577904.2,3856.551903469354,5676.03115826594,101.81483925760426,1267.5887871519735
71300020305,7130002030520,2020,4108718.352185863,3233184.5,38616.6826128933,30387.78737389059,106.39749647511276,1501.5160204975678
71000080405,7100008040501,2001,795367.0327854669,581228.5,12305.704187098136,8992.610570068702,64.63401205591843,906.4540248572712
71000080405,7100008040502,2002,203595.0381077076,419437.6,3149.96751140199,6489.425407123443,64.63401205591843,906.4540248572712
71000080405,7100008040503,2003,552934.2568843539,677877.06,8554.84967273856,10487.931020180697,64.63401205591843,906.4540248572712
71000080405,7100008040504,2004,1358429.6461174437,756802.25,21017.257058747826,11709.040270395853,64.63401205591843,906.4540248572712
71000080405,7100008040505,2005,611146.0842573645,456943.4,9455.487363659686,7069.705027821469,64.63401205591843,906.4540248572712
71000080405,7100008040506,2006,171146.21476978305,564717.25,2647.9280695389148,8737.15296385179,64.63401205591843,906.4540248572712
71000080405,7100008040507,2007,1718672.638953966,1210382.8,26590.839471129348,18726.716190120325,64.63401205591843,906.4540248572712
71000080405,7100008040508,2008,2162715.3277417026,1803704.1,33460.94817494261,27906.42329984895,64.63401205591843,906.4540248572712
71000080405,7100008040509,2009,1215827.2445324548,938360.75,18810.9511673293,14518.064408382581,64.63401205591843,906.4540248572712
71000080405,7100008040510,2010,1754053.5027627123,1540270.0,27138.242652261542,23830.641963977538,64.63401205591843,906.4540248572712
71000080405,7100008040511,2011,1305732.488402167,863552.7,20201.9408492313,13360.654437680476,64.63401205591843,906.4540248572712
71000080405,7100008040512,2012,392221.9717933362,298183.47,6068.352548716974,4613.414215135293,64.63401205591843,906.4540248572712
71000080405,7100008040513,2013,1016336.7538466057,1017862.25,15724.488106468107,15748.090171462534,64.63401205591843,906.4540248572712
71000080405,7100008040514,2014,983321.0080135984,1655527.5,15213.677392684109,25613.874914150652,64.63401205591843,906.4540248572712
71000080405,7100008040515,2015,1698889.7799502425,1595474.0,26284.76441289827,24684.74336112182,64.63401205591843,906.4540248572712
71000080405,7100008040516,2016,807355.5858823549,558854.75,12491.187846792913,8646.449945216213,64.63401205591843,906.4540248572712
71000080405,7100008040517,2017,973807.438730234,687943.6,15066.486014944265,10643.677811688716,64.63401205591843,906.4540248572712
71000080405,7100008040518,2018,887318.3390291488,1245768.6,13728.34999414056,19274.1957426721,64.63401205591843,906.4540248572712
71000080405,7100008040519,2019,1370842.1568912333,1347863.8,21209.30007726029,20853.785137674713,64.63401205591843,906.4540248572712
71000080405,7100008040520,2020,548807.8734546836,533892.7,8491.007381374991,8260.243840937803,64.63401205591843,906.4540248572712
70900051104,7090005110401,2001,36453878.27412687,24512294.0,566954.8202658545,381231.4051900873,64.29767764745884,24763.646290841098
70900070604,7090007060401,2001,3894231.821884727,4250640.0,26455394.795744926,28876647.430855982,0.1471999133617569,2586.858773733596
70801051203,7080105120301,2001,8774268.111728989,8739664.0,179663.85548910993,178955.2940398997,48.83713581589497,4251.498979450461
70900051104,7090005110402,2002,30096017.341247648,17738888.0,468073.1628638705,275886.9161225619,64.29767764745884,24763.646290841098
70900070604,7090007060402,2002,4985822.839143435,3333434.8,33871099.00595071,22645630.176478345,0.1471999133617569,2586.858773733596
70801051203,7080105120302,2002,4714946.204696298,6356123.0,96544.28184467218,130149.38107675184,48.83713581589497,4251.498979450461
70900051104,7090005110403,2003,11950370.23206411,11778779.0,185860.06010337465,183191.35979657763,64.29767764745884,24763.646290841098
70900070604,7090007060403,2003,1422400.221361865,1728077.6,9663050.669508139,11739664.518368945,0.1471999133617569,2586.858773733596
70801051203,7080105120303,2003,6782447.666866586,7452015.0,138878.89929570994,152589.1081756396,48.83713581589497,4251.498979450461
70900051104,7090005110404,2004,28464949.652573094,19562820.0,442705.71961626795,304253.9126725856,64.29767764745884,24763.646290841098
70900070604,7090007060404,2004,3141404.3110947893,2589148.5,21341074.456847735,17589334.40155591,0.1471999133617569,2586.858773733596
70801051203,7080105120304,2004,11010119.99628801,9414247.0,225445.6534427754,192768.2048244925,48.83713581589497,4251.498979450461
70900051104,7090005110405,2005,15900741.693157729,10656330.0,247298.84927323117,165734.29072241395,64.29767764745884,24763.646290841098
70900070604,7090007060405,2005,1587531.4179853946,1371180.6,10784866.524234256,9315091.080456017,0.1471999133617569,2586.858773733596
70801051203,7080105120305,2005,7463499.001075488,7182471.5,152824.25712292388,147069.87582310938,48.83713581589497,4251.498979450461
70900051104,7090005110406,2006,22241950.90412316,20375476.0,345921.52808496036,316892.8761582616,64.29767764745884,24763.646290841098
70900070604,7090007060406,2006,1565677.5319196917,2901461.5,10636402.536949188,19711027.226418268,0.1471999133617569,2586.858773733596
70801051203,7080105120306,2006,6616064.4101653,7681278.0,135471.99891300703,157283.54809661017,48.83713581589497,4251.498979450461
70900051104,7090005110407,2007,32080668.509152643,25135304.0,498939.77018967073,390920.86867920327,64.29767764745884,24763.646290841098
70900070604,7090007060407,2007,4148573.7359217927,3358588.5,28183262.076563206,22816511.391185194,0.1471999133617569,2586.858773733596
70801051203,7080105120307,2007,16510005.163831322,15306425.0,338062.51918765943,313417.74541614775,48.83713581589497,4251.498979450461
70900051104,7090005110408,2008,51753040.08097216,33434890.0,804897.5013488303,520001.51830244844,64.29767764745884,24763.646290841098
70900070604,7090007060408,2008,7919101.330611703,5334111.0,53798274.39945434,36237188.447869174,0.1471999133617569,2586.858773733596
70801051203,7080105120308,2008,14654752.52494762,20820528.0,300073.95561018866,426325.7386446395,48.83713581589497,4251.498979450461
70900051104,7090005110409,2009,52086245.65520527,36186910.0,810079.7347734971,562802.7531322537,64.29767764745884,24763.646290841098
70900070604,7090007060409,2009,8789881.24838062,6703100.0,59713902.322610095,45537390.93260561,0.1471999133617569,2586.858773733596
70801051203,7080105120309,2009,12676234.59433296,13343448.0,259561.3846422017,273223.39398243587,48.83713581589497,4251.498979450461
70900051104,7090005110410,2010,45675875.351460926,17721922.0,710381.416913681,275623.0496716922,64.29767764745884,24763.646290841098
70900070604,7090007060410,2010,5882751.248364245,2942177.0,39964366.2418935,19987627.253348567,0.1471999133617569,2586.858773733596
70801051203,7080105120310,2010,15928902.713323291,18083378.0,326163.73682051455,370279.2495483411,48.83713581589497,4251.498979450461
70900051104,7090005110411,2011,36653917.809951,23548104.0,570065.9674043395,366235.6847336408,64.29767764745884,24763.646290841098
70900070604,7090007060411,2011,5223202.115207525,3995388.0,35483730.906627916,27142597.497194026,0.1471999133617569,2586.858773733596
70801051203,7080105120311,2011,7810590.512305923,10489766.0,159931.37971379186,214790.76986709583,48.83713581589497,4251.498979450461
70900051104,7090005110412,2012,14827093.32053994,11995392.0,230600.7598258245,186560.2684092289,64.29767764745884,24763.646290841098
70900070604,7090007060412,2012,1048166.0061776488,1941867.2,7120697.167814817,13192040.373201093,0.1471999133617569,2586.858773733596
70801051203,7080105120312,2012,1157742.904669179,6089175.5,23706.199909708255,124683.30499468322,48.83713581589497,4251.498979450461
70900051104,7090005110413,2013,39413182.60661148,27756092.0,612979.8781024739,431681.0966670578,64.29767764745884,24763.646290841098
70900070604,7090007060413,2013,4275113.402796455,4269472.5,29042907.058579464,29004585.685505066,0.1471999133617569,2586.858773733596
70801051203,7080105120313,2013,8981495.176039634,14642921.0,183907.08271463448,299831.690687196,48.83713581589497,4251.498979450461
70900051104,7090005110414,2014,23087581.88637353,24823920.0,359073.3402994998,386078.01880665723,64.29767764745884,24763.646290841098
70900070604,7090007060414,2014,2317775.4625632106,4093227.8,15745766.486064915,27807270.442751743,0.1471999133617569,2586.858773733596
70801051203,7080105120314,2014,8987927.882274048,18680780.0,184038.800230966,382511.78509776545,48.83713581589497,4251.498979450461
70900051104,7090005110415,2015,33787858.49791111,30123138.0,525491.1177845078,468494.9612824861,64.29767764745884,24763.646290841098
70900070604,7090007060415,2015,4847050.212017028,5163244.5,32928349.62548497,35076409.91140305,0.1471999133617569,2586.858773733596
70801051203,7080105120315,2015,13984900.488997262,18320294.0,286357.91709237813,375130.3939908228,48.83713581589497,4251.498979450461
70900051104,7090005110416,2016,39551801.57386845,21853696.0,615135.7719438815,339883.13108014246,64.29767764745884,24763.646290841098
70900070604,7090007060416,2016,5721969.173414207,3987477.0,38872096.068099976,27088854.25904036,0.1471999133617569,2586.858773733596
70801051203,7080105120316,2016,9969588.13853453,10230086.0,204139.492867019,209473.50472323206,48.83713581589497,4251.498979450461
70900051104,7090005110417,2017,55212185.12779928,29900086.0,858696.4124975883,465025.90908400726,64.29767764745884,24763.646290841098
70900070604,7090007060417,2017,5118972.418623121,3714277.8,34775648.311985016,25232880.340573512,0.1471999133617569,2586.858773733596
70801051203,7080105120317,2017,7129809.861113722,9269541.0,145991.5644519266,189805.1727469049,48.83713581589497,4251.498979450461
70900051104,7090005110418,2018,45342385.58038516,41481764.0,705194.7634717905,645151.8237943612,64.29767764745884,24763.646290841098
70900070604,7090007060418,2018,3841530.524318807,4238455.0,26097369.465686463,28793868.84952588,0.1471999133617569,2586.858773733596
70801051203,7080105120318,2018,10486115.938644769,20740566.0,214716.03040307423,424688.41903807124,48.83713581589497,4251.498979450461
70900051104,7090005110419,2019,63420308.2023913,44956664.0,986354.5702244781,699195.7663929214,64.29767764745884,24763.646290841098
70900070604,7090007060419,2019,7337615.567043659,6140143.0,49847961.18059401,41712952.540332355,0.1471999133617569,2586.858773733596
70801051203,7080105120319,2019,9898887.874025589,16142177.0,202691.81860586937,330530.7883093796,48.83713581589497,4251.498979450461
70900051104,7090005110420,2020,41169925.26323748,25790182.0,640301.901554987,401105.9643772262,64.29767764745884,24763.646290841098
70900070604,7090007060420,2020,3440873.5535056293,3633032.5,23375513.44238482,24680941.83636847,0.1471999133617569,2586.858773733596
70801051203,7080105120320,2020,5471943.700237486,8555639.0,112044.73007724049,175187.1574175201,48.83713581589497,4251.498979450461
70802060806,7080206080601,2001,52221569.67104778,38541584.0,753793.9846353899,556329.7763840785,69.27830512776956,20176.830224317702
70802090207,7080209020701,2001,1309942.705501166,854299.75,16730.401853285053,10910.994855452658,78.29714533987452,523.0973887030826
71200070609,7120007060901,2001,10127396.6972128,7783496.0,190388.31694182058,146324.54397399368,53.19337268109555,6788.326288692773
70802060806,7080206080602,2002,16519166.34507855,28215824.0,238446.45613965805,407282.25016419974,69.27830512776956,20176.830224317702
70802090207,7080209020702,2002,562205.5625678872,656151.94,7180.409453338932,8380.279219015669,78.29714533987452,523.0973887030826
71200070609,7120007060902,2002,7230963.742574548,6041648.5,135937.30530916998,113578.97037702119,53.19337268109555,6788.326288692773
70802060806,7080206080603,2003,22153077.285009995,25495256.0,319769.3310214967,368012.12086495553,69.27830512776956,20176.830224317702
70802090207,7080209020703,2003,200514.6704862156,505267.56,2560.9448418050965,6453.205385799443,78.29714533987452,523.0973887030826
71200070609,7120007060903,2003,2639662.207265317,5069195.0,49623.89249297271,95297.49185844624,53.19337268109555,6788.326288692773
70802060806,7080206080604,2004,49177759.05199472,43267176.0,709857.9989983368,624541.4913110621,69.27830512776956,20176.830224317702
70802090207,7080209020704,2004,913391.2307475038,747274.4,11665.70283990085,9544.082313042316,78.29714533987452,523.0973887030826
71200070609,7120007060904,2004,7419017.315811206,6859932.5,139472.5873143941,128962.16491341144,53.19337268109555,6788.326288692773
70802060806,7080206080605,2005,26675704.707193848,33748536.0,385051.3469981116,487144.36558108317,69.27830512776956,20176.830224317702
70802090207,7080209020705,2005,501005.9474887776,338991.38,6398.776677157212,4329.549672960571,78.29714533987452,523.0973887030826
71200070609,7120007060905,2005,4346963.53813447,4118229.8,81720.02110479717,77419.97907689695,53.19337268109555,6788.326288692773
70802060806,7080206080606,2006,26668536.11703112,33539728.0,384947.87174493517,484130.3195588126,69.27830512776956,20176.830224317702
70802090207,7080209020706,2006,252324.987777081,603677.0,3222.6588425642003,7710.076751579401,78.29714533987452,523.0973887030826
71200070609,7120007060906,2006,5987205.77747452,7280849.0,112555.48343153505,136875.1149443011,53.19337268109555,6788.326288692773
70802060806,7080206080607,2007,62962823.64252284,65575384.0,908838.9724084747,946550.0617987077,69.27830512776956,20176.830224317702
70802090207,7080209020707,2007,1659312.379869255,1291140.9,21192.501625269524,16490.2678685842,78.29714533987452,523.0973887030826
71200070609,7120007060907,2007,7390516.913872226,8024746.5,138936.79872828876,150859.89279359838,53.19337268109555,6788.326288692773
70802060806,7080206080608,2008,79684235.30519034,79716660.0,1150204.7453128246,1150672.7806487046,69.27830512776956,20176.830224317702
70802090207,7080209020708,2008,2091616.118046282,2276965.2,26713.82346019046,29081.075563050013,78.29714533987452,523.0973887030826
71200070609,7120007060908,2008,11508191.427990694,9780088.0,216346.33880022052,183859.14460873723,53.19337268109555,6788.326288692773
70802060806,7080206080609,2009,58600988.87127468,54107944.0,845877.9233007682,781022.917639354,69.27830512776956,20176.830224317702
70802090207,7080209020709,2009,1515515.5462690827,1709913.5,19355.94892624104,21838.771931946663,78.29714533987452,523.0973887030826
71200070609,7120007060909,2009,12159803.95085311,11219606.0,228596.22050576602,210921.12484131593,53.19337268109555,6788.326288692773
70802060806,7080206080610,2010,67229491.45756292,55512204.0,970426.3309209425,801292.7553238951,69.27830512776956,20176.830224317702
70802090207,7080209020710,2010,1409065.5115541094,1585143.5,17996.384228794,20245.22724448207,78.29714533987452,523.0973887030826
71200070609,7120007060910,2010,8337259.429121384,6205891.0,156734.92784721227,116666.62005444746,53.19337268109555,6788.326288692773
70802060806,7080206080611,2011,45367355.22707421,49021576.0,654856.598229467,707603.5695386861,69.27830512776956,20176.830224317702
70802090207,7080209020711,2011,759344.6876136556,1098852.0,9698.242309058269,14034.381397049297,78.29714533987452,523.0973887030826
71200070609,7120007060911,2011,9258280.135938324,8645577.0,174049.50408847892,162531.0929583632,53.19337268109555,6788.326288692773
70802060806,7080206080612,2012,9309840.49325434,24456080.0,134383.2023038707,353012.10032341006,69.27830512776956,20176.830224317702
70802090207,7080209020712,2012,325720.59303354885,535134.1,4160.05707002026,6834.65658520594,78.29714533987452,523.0973887030826
71200070609,7120007060912,2012,3109397.8980541136,4671054.5,58454.61081581627,87812.71546746745,53.19337268109555,6788.326288692773
70802060806,7080206080613,2013,67313634.74707924,76523600.0,971640.900032602,1104582.4498573975,69.27830512776956,20176.830224317702
70802090207,7080209020713,2013,988960.5273991778,1405085.8,12630.863144579145,17945.555919066563,78.29714533987452,523.0973887030826
71200070609,7120007060913,2013,10283798.615274506,9440435.0,193328.56889763026,177473.89428749355,53.19337268109555,6788.326288692773
70802060806,7080206080614,2014,40008341.13709132,67291224.0,577501.731073013,971317.411358364,69.27830512776956,20176.830224317702
70802090207,7080209020714,2014,990661.405544351,1801528.5,12652.586518244812,23008.86567677369,78.29714533987452,523.0973887030826
71200070609,7120007060914,2014,5520703.376012051,8470708.0,103785.54879589462,159243.6721541143,53.19337268109555,6788.326288692773
70802060806,7080206080615,2015,50092412.03613034,62058284.0,723060.5879249674,895782.3648477873,69.27830512776956,20176.830224317702
70802090207,7080209020715,2015,1069152.1142532916,1598844.8,13655.058682053927,20420.21829863258,78.29714533987452,523.0973887030826
71200070609,7120007060915,2015,8512795.372501677,11663437.0,160034.88674308197,219264.85221992852,53.19337268109555,6788.326288692773
70802060806,7080206080616,2016,79696689.52996126,64160124.0,1150384.5162345865,926121.4442482372,69.27830512776956,20176.830224317702
70802090207,7080209020716,2016,882497.0559257072,1000233.94,11271.126834764389,12774.845566312226,78.29714533987452,523.0973887030826
71200070609,7120007060916,2016,7033145.632024335,7973279.0,132218.4565018915,149892.33805123306,53.19337268109555,6788.326288692773
70802060806,7080206080617,2017,48552166.03244364,41892320.0,700827.8557464589,604696.0866426835,69.27830512776956,20176.830224317702
70802090207,7080209020717,2017,621517.5318883226,693690.7,7937.933486469031,8859.718920642728,78.29714533987452,523.0973887030826
71200070609,7120007060917,2017,10607230.974928731,10732953.0,199408.88197710476,201772.37236574764,53.19337268109555,6788.326288692773
70802060806,7080206080618,2018,68506077.32282203,79548220.0,988853.2520603195,1148241.427865328,69.27830512776956,20176.830224317702
70802090207,7080209020718,2018,865008.2143436517,1685663.9,11047.761838427174,21529.059491030242,78.29714533987452,523.0973887030826
71200070609,7120007060918,2018,9214414.63028082,11039915.0,173224.8617797371,207543.0536466714,53.19337268109555,6788.326288692773
70802060806,7080206080619,2019,60687670.20352349,66665652.0,875998.1944072908,962287.5715138952,69.27830512776956,20176.830224317702
70802090207,7080209020719,2019,1077010.198224541,1716928.2,13755.421012470173,21928.362682280538,78.29714533987452,523.0973887030826
71200070609,7120007060919,2019,13448161.392648406,13908385.0,252816.4828591093,261468.38034473636,53.19337268109555,6788.326288692773
70802060806,7080206080620,2020,39554563.23807907,43016436.0,570951.658894207,620922.1764398689,69.27830512776956,20176.830224317702
70802090207,7080209020720,2020,563305.5969438554,1042122.4,7194.458935873615,13309.839017454913,78.29714533987452,523.0973887030826
71200070609,7120007060920,2020,8352161.692664492,8731670.0,157015.08048262514,164149.58405341266,53.19337268109555,6788.326288692773
70801060604,7080106060401,2001,3863578.8239015904,3301637.0,1780285.3387538327,1521350.0779703269,2.170202011889861,1899.0959950760453
71200050803,7120005080301,2001,49276749.94555947,27989968.0,82769622.34962517,47014445.625930786,0.5953482515289333,20321.25411255912
71300020904,7130002090401,2001,11768829.769039134,7098768.0,166844.8672858087,100638.12869216524,70.53755959348085,3246.5804565372514
71300010505,7130001050501,2001,1763129.9358265707,1038995.8,24184.790328187355,14251.868262384818,72.90242800954302,506.6755978593922
70801060604,7080106060402,2002,1345378.3472910686,2428204.0,619932.3104117311,1118883.8581369969,2.170202011889861,1899.0959950760453
71200050803,7120005080302,2002,47877386.16427667,22382324.0,80419126.18592761,37595346.8285482,0.5953482515289333,20321.25411255912
71300020904,7130002090402,2002,11427653.040154671,5942735.5,162008.0579199798,84249.23592833275,70.53755959348085,3246.5804565372514
71300010505,7130001050502,2002,2144443.5684032906,743095.3,29415.255800843566,10193.011677234234,72.90242800954302,506.6755978593922
70801060604,7080106060403,2003,1578856.48496643,3043633.8,727515.9069599821,1402465.661410725,2.170202011889861,1899.0959950760453
71200050803,7120005080303,2003,40005166.61882358,21465002.0,67196244.41003229,36054531.01588024,0.5953482515289333,20321.25411255912
71300020904,7130002090403,2003,3841219.589546103,3289974.0,54456.372061688286,46641.44916496463,70.53755959348085,3246.5804565372514
71300010505,7130001050503,2003,515237.3352788178,444651.1,7067.492117153802,6099.263250077139,72.90242800954302,506.6755978593922
70801060604,7080106060404,2004,2897614.2699174783,3336973.8,1335181.8190391273,1537632.8017934551,2.170202011889861,1899.0959950760453
71200050803,7120005080304,2004,49217007.36470651,26429938.0,82669273.38462941,44394080.15749507,0.5953482515289333,20321.25411255912
71300020904,7130002090404,2004,8383635.076295064,5224703.0,118853.48918521257,74069.80097001928,70.53755959348085,3246.5804565372514
71300010505,7130001050504,2004,1370834.4006530435,608175.06,18803.686490024716,8342.315566230376,72.90242800954302,506.6755978593922
70801060604,7080106060405,2005,2159035.133839458,2625952.2,994854.4522633272,1210003.578290512,2.170202011889861,1899.0959950760453
71200050803,7120005080305,2005,33906095.36435747,18661614.0,56951700.58412386,31345710.602281097,0.5953482515289333,20321.25411255912
71300020904,7130002090405,2005,6562393.448917831,4815120.5,93034.03019239602,68263.21363753302,70.53755959348085,3246.5804565372514
71300010505,7130001050505,2005,881566.065555235,397449.94,12092.410220409078,5451.806624986116,72.90242800954302,506.6755978593922
70801060604,7080106060406,2006,1415397.787728879,3228838.8,652196.3300993895,1487805.6431199482,2.170202011889861,1899.0959950760453
71200050803,7120005080306,2006,47002675.38164737,30570058.0,78949883.97284827,51348194.81117486,0.5953482515289333,20321.25411255912
71300020904,7130002090406,2006,7194179.177842005,7668311.5,101990.75810537253,108712.45821649765,70.53755959348085,3246.5804565372514
71300010505,7130001050506,2006,1166687.2638185876,703991.3,16003.407508812557,9656.62350652912,72.90242800954302,506.6755978593922
70801060604,7080106060407,2007,5173154.118137513,5328655.5,2383720.0821837843,2455373.0347709367,2.170202011889861,1899.0959950760453
71200050803,7120005080307,2007,45531449.80097375,26948626.0,76478682.32424122,45265314.764580816,0.5953482515289333,20321.25411255912
71300020904,7130002090407,2007,11755560.226627031,6974795.5,166656.74704903585,98880.58986158372,70.53755959348085,3246.5804565372514
71300010505,7130001050507,2007,2161209.0199992345,806349.7,29645.226901308823,11060.670021778256,72.90242800954302,506.6755978593922
70801060604,7080106060408,2008,5507973.863453042,6964187.5,2538000.5332575347,3209004.2594400826,2.170202011889861,1899.0959950760453
71200050803,7120005080308,2008,56452468.36144767,36634030.0,94822598.73354837,61533782.800098844,0.5953482515289333,20321.25411255912
71300020904,7130002090408,2008,11693863.569543395,9443481.0,165782.0831474322,133878.75983269452,70.53755959348085,3246.5804565372514
71300010505,7130001050508,2008,2883290.5982241244,988953.06,39549.99410783271,13565.433785971365,72.90242800954302,506.6755978593922
70801060604,7080106060409,2009,4671046.992390528,5435542.5,2152355.848349286,2504625.131771308,2.170202011889861,1899.0959950760453
71200050803,7120005080309,2009,61746863.77716351,36991184.0,103715537.28190075,62133690.49963904,0.5953482515289333,20321.25411255912
71300020904,7130002090409,2009,13485233.512576142,11211908.0,191178.0559221737,158949.47407616602,70.53755959348085,3246.5804565372514
71300010505,7130001050509,2009,2653422.35014917,1386387.1,36396.89956282161,19017.022311225635,72.90242800954302,506.6755978593922
70801060604,7080106060410,2010,5921271.808359922,7764934.5,2728442.686864687,3577977.7446792247,2.170202011889861,1899.0959950760453
71200050803,7120005080310,2010,41199925.53173974,22864496.0,69203067.99580391,38405245.906544514,0.5953482515289333,20321.25411255912
71300020904,7130002090410,2010,5704189.833030894,3581012.2,80867.41114811804,50767.45241312489,70.53755959348085,3246.5804565372514
71300010505,7130001050510,2010,1717146.2964590506,552284.0,23554.03439010665,7575.659893353694,72.90242800954302,506.6755978593922
70801060604,7080106060411,2011,3058820.716699435,4445472.5,1409463.589076551,2048414.1456162333,2.170202011889861,1899.0959950760453
71200050803,7120005080311,2011,57200165.018886566,35301710.0,96078496.69834244,59295899.348558635,0.5953482515289333,20321.25411255912
71300020904,7130002090411,2011,8655273.811190126,6891805.0,122704.469236983,97704.04646430307,70.53755959348085,3246.5804565372514
71300010505,7130001050511,2011,1978250.184310872,895029.4,27135.587089800585,12277.086297905464,72.90242800954302,506.6755978593922
70801060604,7080106060412,2012,756239.2550765789,2271925.2,348464.91291288997,1046872.681691764,2.170202011889861,1899.0959950760453
71200050803,7120005080312,2012,27480929.47674513,20576672.0,46159419.140260264,34562412.75111899,0.5953482515289333,20321.25411255912
71300020904,7130002090412,2012,2377333.800378462,5335405.0,33703.091148593936,75639.20598825344,70.53755959348085,3246.5804565372514
71300010505,7130001050512,2012,441959.2325024407,566235.9,6062.338999801045,7767.03760711343,72.90242800954302,506.6755978593922
70801060604,7080106060413,2013,4183131.238894352,6224972.0,1927530.8086419047,2868383.664698179,2.170202011889861,1899.0959950760453
71200050803,7120005080313,2013,57221050.78325364,29700860.0,96113578.29018962,49888212.35927753,0.5953482515289333,20321.25411255912
71300020904,7130002090413,2013,14096890.062295685,10019352.0,199849.41559558196,142042.7933393658,70.53755959348085,3246.5804565372514
71300010505,7130001050513,2013,950246.5278628066,914621.0,13034.497667737734,12545.823575043001,72.90242800954302,506.6755978593922
70801060604,7080106060414,2014,2765653.760897009,7534462.0,1274376.1851407627,3471779.1056874106,2.170202011889861,1899.0959950760453
71200050803,7120005080314,2014,49610870.41702736,38762736.0,83330840.88114823,65109347.17697104,0.5953482515289333,20321.25411255912
71300020904,7130002090414,2014,6645314.557865065,10869465.0,94209.58984352545,154094.71298188443,70.53755959348085,3246.5804565372514
71300010505,7130001050514,2014,1081809.845019415,899820.9,14839.146988051,12342.811132191817,72.90242800954302,506.6755978593922
70801060604,7080106060415,2015,5113315.585955877,6686404.5,2356147.2885665083,3081005.5761478757,2.170202011889861,1899.0959950760453
71200050803,7120005080315,2015,61376248.88323909,49667310.0,103093019.46485396,83425641.83643398,0.5953482515289333,20321.25411255912
71300020904,7130002090415,2015,9856427.39947831,10051377.0,139733.03664434192,142496.80677822823,70.53755959348085,3246.5804565372514
71300010505,7130001050515,2015,1480345.664176731,1139732.8,20305.848578636527,15633.674091771096,72.90242800954302,506.6755978593922
70801060604,7080106060416,2016,2504666.8209130145,3241987.5,1154116.9011874127,1493864.3878487626,2.170202011889861,1899.0959950760453
71200050803,7120005080316,2016,46595083.51637406,31261084.0,78265256.33813772,52508903.68740882,0.5953482515289333,20321.25411255912
71300020904,7130002090416,2016,8701837.707366822,6547470.0,123364.59834330666,92822.46278059673,70.53755959348085,3246.5804565372514
71300010505,7130001050516,2016,1663470.3848252953,884020.44,22817.763828216324,12126.076786966281,72.90242800954302,506.6755978593922
70801060604,7080106060417,2017,2132488.347022571,2889551.8,982622.0487029925,1331466.7409619223,2.170202011889861,1899.0959950760453
71200050803,7120005080317,2017,48102680.88772289,33109022.0,80797551.28899567,55612865.10033688,0.5953482515289333,20321.25411255912
71300020904,7130002090417,2017,8615942.344868688,6205870.5,122146.873162663,87979.65985448626,70.53755959348085,3246.5804565372514
71300010505,7130001050517,2017,1401105.327669462,999834.4,19218.911714244354,13714.692737930765,72.90242800954302,506.6755978593922
70801060604,7080106060418,2018,2735707.6887771664,7177211.5,1260577.4364732297,3307162.8634930267,2.170202011889861,1899.0959950760453
71200050803,7120005080318,2018,43496131.01992756,32763320.0,73059979.44601957,55032193.2009701,0.5953482515289333,20321.25411255912
71300020904,7130002090418,2018,7169757.349508241,6812797.5,101644.53364744528,96583.96943788859,70.53755959348085,3246.5804565372514
71300010505,7130001050518,2018,1244361.911960346,967165.44,17068.86788184143,13266.57378096374,72.90242800954302,506.6755978593922
70801060604,7080106060419,2019,4381283.59414638,6708491.0,2018836.7581186877,3091182.739323928,2.170202011889861,1899.0959950760453
71200050803,7120005080319,2019,58368409.07226506,41448290.0,98040783.56217094,69620243.09898499,0.5953482515289333,20321.25411255912
71300020904,7130002090419,2019,14095042.503379766,9111804.0,199823.22304048698,129176.62664419881,70.53755959348085,3246.5804565372514
71300010505,7130001050519,2019,2532254.5261679767,1353369.8,34734.84485093557,18564.12518692577,72.90242800954302,506.6755978593922
70801060604,7080106060420,2020,2195495.2306140447,3531750.2,1011654.7761847101,1627383.156337816,2.170202011889861,1899.0959950760453
71200050803,7120005080320,2020,45174208.44702728,26563436.0,75878627.89722472,44618315.29996362,0.5953482515289333,20321.25411255912
71300020904,7130002090420,2020,9318333.267404944,7292900.5,132104.55991259092,103390.31491917417,70.53755959348085,3246.5804565372514
71300010505,7130001050520,2020,894511.5803530006,780841.94,12269.98338431071,10710.780989321602,72.90242800954302,506.6755978593922
71000090310,7100009031001,2001,301668.6874682745,200717.11,54395.465713809404,36192.35647825772,5.545842535027505,964.6571125170658
71300060107,7130006010701,2001,2262316.127984592,1494095.9,48842.25694430489,32256.772139198343,46.31882860295183,621.4209762894197
71000090310,7100009031002,2002,140944.9311525357,122192.336,25414.52092487813,22033.14198487137,5.545842535027505,964.6571125170658
71300060107,7130006010702,2002,3187410.048071892,1524755.6,68814.56513925664,32918.69950059207,46.31882860295183,621.4209762894197
71000090310,7100009031003,2003,54240.52155787263,186953.73,9780.393369499738,33710.60913093032,5.545842535027505,964.6571125170658
71300060107,7130006010703,2003,1871455.2969417584,908564.56,40403.769987017615,19615.4477002922,46.31882860295183,621.4209762894197
71000090310,7100009031004,2004,161833.57220636072,155554.53,29181.061522071883,28048.854437809692,5.545842535027505,964.6571125170658
71300060107,7130006010704,2004,3794256.476448808,1503253.0,81916.07151755573,32454.46928042994,46.31882860295183,621.4209762894197
71000090310,7100009031005,2005,102581.85411467197,104781.59,18497.072981565136,18893.718914339916,5.545842535027505,964.6571125170658
71300060107,7130006010705,2005,2618280.5831870087,1405365.4,56527.348859166734,30341.125680161047,46.31882860295183,621.4209762894197
71000090310,7100009031006,2006,21748.53134937064,117326.67,3921.591933418062,21155.788188893846,5.545842535027505,964.6571125170658
71300060107,7130006010706,2006,2416214.303128377,1600722.4,52164.84043325731,34558.784154960005,46.31882860295183,621.4209762894197
71000090310,7100009031007,2007,361672.41129474906,256981.75,65215.0523586684,46337.72927682402,5.545842535027505,964.6571125170658
71300060107,7130006010707,2007,2809726.5085024624,1288375.0,60660.56921662744,27815.362323689977,46.31882860295183,621.4209762894197
71000090310,7100009031008,2008,495572.91264924326,484263.75,89359.35514201998,87320.14061729905,5.545842535027505,964.6571125170658
71300060107,7130006010708,2008,5612584.239725841,1951161.0,121172.8450181091,42124.57566069914,46.31882860295183,621.4209762894197
71000090310,7100009031009,2009,399584.9062959823,297351.97,72051.25348803299,53617.095711233575,5.545842535027505,964.6571125170658
71300060107,7130006010709,2009,3523991.360545791,1995959.5,76081.18484069807,43091.752537817854,46.31882860295183,621.4209762894197
71000090310,7100009031010,2010,583507.4548302025,503114.47,105215.29436596391,90719.21296400542,5.545842535027505,964.6571125170658
71300060107,7130006010710,2010,2510099.545379402,916824.6,54191.77516115848,19793.777771434663,46.31882860295183,621.4209762894197
71000090310,7100009031011,2011,327309.5085728955,175764.53,59018.89685933395,31693.02570166253,5.545842535027505,964.6571125170658
71300060107,7130006010711,2011,2754927.279027449,1660928.5,59477.481666103304,35858.60329581287,46.31882860295183,621.4209762894197
71000090310,7100009031012,2012,78425.79914541428,93851.91,14141.367817437556,16922.930899539962,5.545842535027505,964.6571125170658
71300060107,7130006010712,2012,453211.969488595,1586124.5,9784.616389450584,34243.622903255346,46.31882860295183,621.4209762894197
71000090310,7100009031013,2013,448052.3003113088,238730.72,80790.66390389077,43046.790184210666,5.545842535027505,964.6571125170658
71300060107,7130006010713,2013,3479020.767178951,1828472.9,75110.29255513681,39475.801853146906,46.31882860295183,621.4209762894197
71000090310,7100009031014,2014,208425.20862189244,447090.5,37582.24423168891,80617.23663738725,5.545842535027505,964.6571125170658
71300060107,7130006010714,2014,2324219.1242564744,2393846.8,50178.711214392744,51681.93739354288,46.31882860295183,621.4209762894197
71000090310,7100009031015,2015,428851.39614823327,404563.44,77328.44801121032,72948.95905262003,5.545842535027505,964.6571125170658
71300060107,7130006010715,2015,3617328.812084826,2420874.0,78096.29304516347,52265.44092364463,46.31882860295183,621.4209762894197
71000090310,7100009031016,2016,137051.0942485706,109790.484,24712.402738259654,19796.898903379246,5.545842535027505,964.6571125170658
71300060107,7130006010716,2016,2432408.640456178,1632483.0,52514.46795658309,35244.47938858204,46.31882860295183,621.4209762894197
71000090310,7100009031017,2017,155442.43634669724,127318.305,28028.642242350703,22957.432382159863,5.545842535027505,964.6571125170658
71300060107,7130006010717,2017,1732473.156067253,1366202.5,37403.2161071717,29495.618546642905,46.31882860295183,621.4209762894197
71000090310,7100009031018,2018,201088.09493298893,269740.56,36259.25072032208,48638.33733040929,5.545842535027505,964.6571125170658
71300060107,7130006010718,2018,1761329.203577398,1970484.5,38026.20352676948,42541.76021788306,46.31882860295183,621.4209762894197
71000090310,7100009031019,2019,726841.9516513373,428110.5,131060.69042902107,77194.8531347684,5.545842535027505,964.6571125170658
71300060107,7130006010719,2019,2672173.5982005885,1965370.9,57690.87169942581,42431.36018933669,46.31882860295183,621.4209762894197
71000090310,7100009031020,2020,295983.71881797793,154810.8,53370.37915313078,27914.7485746694,5.545842535027505,964.6571125170658
71300060107,7130006010720,2020,2528557.2142395684,1830854.9,54590.26686349376,39527.2280241414,46.31882860295183,621.4209762894197
71300050302,7130005030201,2001,562964.6426167123,508680.56,9924.172708879181,8967.23053089927,56.72660675413543,163.85018206835733
71300050302,7130005030202,2002,393633.5313373604,401911.72,6939.134100572022,7085.065421627747,56.72660675413543,163.85018206835733
71300050302,7130005030203,2003,178449.71340629982,278031.06,3145.785084232817,4901.246097885649,56.72660675413543,163.85018206835733
71300050302,7130005030204,2004,408991.7480718953,397389.4,7209.8750740467885,7005.34410109115,56.72660675413543,163.85018206835733
71300050302,7130005030205,2005,248318.5286414845,239700.9,4377.461351033161,4225.546242152507,56.72660675413543,163.85018206835733
71300050302,7130005030206,2006,185978.10048766463,388832.9,3278.498594032449,6854.506593092732,56.72660675413543,163.85018206835733
71300050302,7130005030207,2007,369163.77002049686,274104.6,6507.771064476449,4832.028842973539,56.72660675413543,163.85018206835733
71300050302,7130005030208,2008,551607.0073066768,322969.9,9723.955633331869,5693.446487991372,56.72660675413543,163.85018206835733
71300050302,7130005030209,2009,1099698.4897091037,548815.2,19385.938144959367,9674.7405036701,56.72660675413543,163.85018206835733
71300050302,7130005030210,2010,886973.7678946559,450870.94,15635.939088318455,7948.138727108528,56.72660675413543,163.85018206835733
71300050302,7130005030211,2011,694644.3923284678,554741.25,12245.477599941714,9779.207355101647,56.72660675413543,163.85018206835733
71300050302,7130005030212,2012,150733.0570244336,466548.06,2657.1844439372358,8224.501458761908,56.72660675413543,163.85018206835733
71300050302,7130005030213,2013,818907.4321724006,581186.8,14436.03767314535,10245.400408294841,56.72660675413543,163.85018206835733
71300050302,7130005030214,2014,346765.9497755894,485309.03,6112.933059411486,8555.227569021135,56.72660675413543,163.85018206835733
71300050302,7130005030215,2015,445137.6798047246,508667.1,7847.070453800298,8966.993252472617,56.72660675413543,163.85018206835733
71300050302,7130005030216,2016,331660.69739601086,331653.0,5846.651445828503,5846.515752959648,56.72660675413543,163.85018206835733
71300050302,7130005030217,2017,416393.7649894422,324392.22,7340.360878523492,5718.519731066964,56.72660675413543,163.85018206835733
71300050302,7130005030218,2018,315503.4228375988,387383.97,5561.824351755329,6828.964257971578,56.72660675413543,163.85018206835733
71300050302,7130005030219,2019,1068558.5324053315,490530.7,18836.99014532422,8647.277319548817,56.72660675413543,163.85018206835733
71300050302,7130005030220,2020,350934.2496964164,311947.47,6186.4135681063435,5499.138549782174,56.72660675413543,163.85018206835733
70801041006,7080104100601,2001,3947000.2110282592,2473206.8,199448.7270172888,124975.40449383335,19.789548271652404,1129.5186047432396
70801070710,7080107071001,2001,2804925.2214301983,1129460.1,53226.247439862615,21432.629396586577,52.698158452731946,1383.4009696621931
70801041006,7080104100602,2002,3080483.229701495,1651377.2,155662.12969672188,83446.93761229103,19.789548271652404,1129.5186047432396
70801070710,7080107071002,2002,1621480.0906479429,455821.1,30769.198360173115,8649.658989675181,52.698158452731946,1383.4009696621931
70801041006,7080104100603,2003,1550912.6124488737,1315331.8,78370.28875845959,66465.98406109911,19.789548271652404,1129.5186047432396
70801070710,7080107071003,2003,276458.7087005757,570635.5,5246.079119606194,10828.37648894005,52.698158452731946,1383.4009696621931
70801041006,7080104100604,2004,2447903.0728214504,1823185.6,123696.76352481256,92128.71233708895,19.789548271652404,1129.5186047432396
70801070710,7080107071004,2004,1542347.0061118924,927669.7,29267.56933063066,17603.45574185635,52.698158452731946,1383.4009696621931
70801041006,7080104100605,2005,1754955.000969333,1064253.6,88680.90250868554,53778.56964650847,19.789548271652404,1129.5186047432396
70801070710,7080107071005,2005,674072.6253390042,440182.12,12791.198879247731,8352.893780810671,52.698158452731946,1383.4009696621931
70801041006,7080104100606,2006,1103780.8403393505,1447843.6,55775.94926309989,73162.03382337776,19.789548271652404,1129.5186047432396
70801070710,7080107071006,2006,586737.1553735292,549821.75,11133.921423455584,10433.414869575892,52.698158452731946,1383.4009696621931
70801041006,7080104100607,2007,2059797.4711401823,1395132.5,104085.11820811723,70498.45104339554,19.789548271652404,1129.5186047432396
70801070710,7080107071007,2007,2562580.999351821,1549184.9,48627.52465345349,29397.325171989723,52.698158452731946,1383.4009696621931
70801041006,7080104100608,2008,4145993.305025336,2065277.6,209504.19120805684,104362.03856954194,19.789548271652404,1129.5186047432396
70801070710,7080107071008,2008,3005478.146267136,1861002.8,57031.93877188185,35314.38013472979,52.698158452731946,1383.4009696621931
70801041006,7080104100609,2009,5577295.556490282,2949770.2,281830.3621654414,149056.97489949313,19.789548271652404,1129.5186047432396
70801070710,7080107071009,2009,2721870.323831313,1610017.5,51650.19810460203,30551.684295460127,52.698158452731946,1383.4009696621931
70801041006,7080104100610,2010,4342960.682519981,2388803.8,219457.2924507361,120710.37535615954,19.789548271652404,1129.5186047432396
70801070710,7080107071010,2010,3479030.5036624046,2570627.8,66018.06601615786,48780.22070364652,52.698158452731946,1383.4009696621931
70801041006,7080104100611,2011,2987183.984566504,2043387.5,150947.55795136085,103255.89406843897,19.789548271652404,1129.5186047432396
70801070710,7080107071011,2011,2328715.603846673,1001025.94,44189.69603910227,18995.463397414136,52.698158452731946,1383.4009696621931
70801041006,7080104100612,2012,754872.1884967645,1399109.2,38144.99341443197,70699.400551965,19.789548271652404,1129.5186047432396
70801070710,7080107071012,2012,270651.1117302701,416262.8,5135.874187577785,7899.000880142147,52.698158452731946,1383.4009696621931
70801041006,7080104100613,2013,2991402.670710915,2397489.0,151160.7354370973,121149.2534892416,19.789548271652404,1129.5186047432396
70801070710,7080107071013,2013,2966703.240016443,1196237.6,56296.146338347906,22699.798913713,52.698158452731946,1383.4009696621931
70801041006,7080104100614,2014,1907383.0184789088,2619710.0,96383.3530859896,132378.46382540278,19.789548271652404,1129.5186047432396
70801070710,7080107071014,2014,1195457.309115047,1647628.1,22684.992117652888,31265.382859210422,52.698158452731946,1383.4009696621931
70801041006,7080104100615,2015,2835111.2312174723,2671218.2,143263.0594847198,134981.2619940595,19.789548271652404,1129.5186047432396
70801070710,7080107071015,2015,2274967.620807074,1375648.9,43169.774572817856,26104.30687504763,52.698158452731946,1383.4009696621931
70801041006,7080104100616,2016,2977649.274162698,1752155.5,150465.75259264713,88539.43889714149,19.789548271652404,1129.5186047432396
70801070710,7080107071016,2016,1245163.4783163962,499716.38,23628.216144085112,9482.615610718633,52.698158452731946,1383.4009696621931
70801041006,7080104100617,2017,1826588.051185241,1261940.5,92300.6440627926,63768.02960215471,19.789548271652404,1129.5186047432396
70801070710,7080107071017,2017,1532325.042979973,481700.2,29077.392606696205,9140.74066614804,52.698158452731946,1383.4009696621931
70801041006,7080104100618,2018,1535483.7965813112,1719451.2,77590.64408664747,86886.83422162964,19.789548271652404,1129.5186047432396
70801070710,7080107071018,2018,849593.4003559597,1420796.2,16121.880257315055,26961.021821557482,52.698158452731946,1383.4009696621931
70801041006,7080104100619,2019,4503846.22180259,2577970.0,227587.1161876968,130269.26964739365,19.789548271652404,1129.5186047432396
70801070710,7080107071019,2019,3309372.29487106,2027689.5,62798.63266644183,38477.4261479887,52.698158452731946,1383.4009696621931
70801041006,7080104100620,2020,2165429.3985765586,1716241.2,109422.88165710353,86724.62738618621,19.789548271652404,1129.5186047432396
70801070710,7080107071020,2020,1690345.0602329697,1103179.4,32075.979690051958,20933.926960455476,52.698158452731946,1383.4009696621931
71300060404,7130006040401,2001,3170315.4698653566,2644034.0,124312.12647613662,103675.95658521791,25.50286572785754,1447.6153576816005
71300060404,7130006040402,2002,5613729.7743791975,3293621.5,220121.52807780943,129147.11370660903,25.50286572785754,1447.6153576816005
71300060404,7130006040403,2003,2132519.8613982378,1854257.8,83618.83265019988,72707.82114397988,25.50286572785754,1447.6153576816005
71300060404,7130006040404,2004,4886739.741349692,3208515.8,191615.3185879719,125810.01030387117,25.50286572785754,1447.6153576816005
71300060404,7130006040405,2005,2314034.586730221,2569161.0,90736.25730627331,100740.09044378213,25.50286572785754,1447.6153576816005
71300060404,7130006040406,2006,2564336.2693392523,2761541.2,100550.90658059464,108283.56426562238,25.50286572785754,1447.6153576816005
71300060404,7130006040407,2007,2466439.737351785,2245811.2,96712.25828780564,88061.13101034108,25.50286572785754,1447.6153576816005
71300060404,7130006040408,2008,4692361.859935691,4028063.0,183993.51312155026,157945.50475164942,25.50286572785754,1447.6153576816005
71300060404,7130006040409,2009,3821897.031523514,3731634.8,149861.47330685047,146322.17570450617,25.50286572785754,1447.6153576816005
71300060404,7130006040410,2010,2569256.1755724414,1972854.5,100743.82239976923,77358.14951356594,25.50286572785754,1447.6153576816005
71300060404,7130006040411,2011,2552268.1987959626,3213909.2,100077.70209165334,126021.49241954999,25.50286572785754,1447.6153576816005
71300060404,7130006040412,2012,519222.5082546999,2930366.2,20359.37897314566,114903.40855298759,25.50286572785754,1447.6153576816005
71300060404,7130006040413,2013,3969031.699732117,3339272.0,155630.8119285836,130937.12822839411,25.50286572785754,1447.6153576816005
71300060404,7130006040414,2014,3644439.0088553727,3960228.0,142903.11715339674,155285.60759640925,25.50286572785754,1447.6153576816005
71300060404,7130006040415,2015,4161582.083307943,4342469.0,163180.95886620783,170273.76634213276,25.50286572785754,1447.6153576816005
71300060404,7130006040416,2016,3557014.9114372823,2982761.0,139475.10642115207,116957.87570813429,25.50286572785754,1447.6153576816005
71300060404,7130006040417,2017,2753228.699750298,2332898.2,107957.62049371826,91475.9237214548,25.50286572785754,1447.6153576816005
71300060404,7130006040418,2018,2369977.848948329,3877622.2,92929.86420579127,152046.52847167518,25.50286572785754,1447.6153576816005
71300060404,7130006040419,2019,3426902.910948265,3727915.0,134373.2483838064,146176.31758645413,25.50286572785754,1447.6153576816005
71300060404,7130006040420,2020,3473163.430079083,3341160.8,136187.1825363235,131011.1904934021,25.50286572785754,1447.6153576816005
71300090309,7130009030901,2001,1474788.5131738302,1072277.2,643208.5746002645,467658.8427611855,2.2928620223857687,554.2936863287869
71300090507,7130009050701,2001,1057967.932672847,1292116.0,9014.309622214478,11009.344737312584,117.36538648124936,591.2635765840629
71300090309,7130009030902,2002,3181272.7459947187,1387839.0,1387468.0268307384,605286.7492462219,2.2928620223857687,554.2936863287869
71300090507,7130009050702,2002,1567234.9598421815,1497321.9,13353.468231390076,12757.781019527563,117.36538648124936,591.2635765840629
71300090309,7130009030903,2003,850883.3646589736,671820.2,371100.98922289815,293005.0711472632,2.2928620223857687,554.2936863287869
71300090507,7130009050703,2003,847273.1973656203,843142.4,7219.106269470541,7183.91022496827,117.36538648124936,591.2635765840629
71300090309,7130009030904,2004,1726250.1324832742,1152170.0,752880.0754818541,502502.98044587264,2.2928620223857687,554.2936863287869
71300090507,7130009050704,2004,2026023.854376641,1392927.8,17262.532976026323,11868.30156455488,117.36538648124936,591.2635765840629
71300090309,7130009030905,2005,1315015.4867486588,722083.94,573525.7830213258,314926.9048682908,2.2928620223857687,554.2936863287869
71300090507,7130009050705,2005,1077067.0981970823,730883.94,9177.042145804699,6227.423279663192,117.36538648124936,591.2635765840629
71300090309,7130009030906,2006,1068090.0066965427,808818.4,465832.65642176487,352754.9377604538,2.2928620223857687,554.2936863287869
71300090507,7130009050706,2006,1100225.5846022211,1169174.6,9374.361705680545,9961.83487357911,117.36538648124936,591.2635765840629
71300090309,7130009030907,2007,1030716.7561013608,513111.22,449532.83103746444,223786.348672694,2.2928620223857687,554.2936863287869
71300090507,7130009050707,2007,1461796.4764544123,1162467.8,12455.090212547064,9904.690257086311,117.36538648124936,591.2635765840629
71300090309,7130009030908,2008,2318856.287832222,966933.0,1011337.038684694,421714.4296340549,2.2928620223857687,554.2936863287869
71300090507,7130009050708,2008,2451954.92103199,1468390.6,20891.635894912863,12511.274780615106,117.36538648124936,591.2635765840629
71300090309,7130009030909,2009,2383602.4691188284,1097845.2,1039575.1884967951,478809.97167795995,2.2928620223857687,554.2936863287869
71300090507,7130009050709,2009,2580019.144666385,1659736.6,21982.794263439642,14141.619175472699,117.36538648124936,591.2635765840629
71300090309,7130009030910,2010,1293252.869151862,736481.75,564034.3189103925,321206.3101964051,2.2928620223857687,554.2936863287869
71300090507,7130009050710,2010,1205521.6829934083,971926.25,10271.526547445963,8281.200097741576,117.36538648124936,591.2635765840629
71300090309,7130009030911,2011,1037032.609190595,770000.7,452287.4028466579,335825.1357832683,2.2928620223857687,554.2936863287869
71300090507,7130009050711,2011,1114480.4247776407,1313844.9,9495.818641177426,11194.483649656822,117.36538648124936,591.2635765840629
71300090309,7130009030912,2012,44246.8616296189,519955.75,19297.655592716023,226771.49559090156,2.2928620223857687,554.2936863287869
71300090507,7130009050712,2012,142298.8275797503,1466787.8,1212.4428832557408,12497.618284027365,117.36538648124936,591.2635765840629
71300090309,7130009030913,2013,1422041.46984847,800929.3,620203.6825437963,349314.21611084,2.2928620223857687,554.2936863287869
71300090507,7130009050713,2013,1317395.3372438808,1261374.9,11224.734793970552,10747.418279081123,117.36538648124936,591.2635765840629
71300090309,7130009030914,2014,803229.3805812721,829594.4,350317.3643852742,361816.10227762006,2.2928620223857687,554.2936863287869
71300090507,7130009050714,2014,963372.3043460024,1592470.2,8208.31706203186,13568.482563250604,117.36538648124936,591.2635765840629
71300090309,7130009030915,2015,1460140.812530266,1217768.9,636820.1829305717,531113.0317091157,2.2928620223857687,554.2936863287869
71300090507,7130009050715,2015,1790170.977571644,2297977.8,15252.972202819328,19579.6892840048,117.36538648124936,591.2635765840629
71300090309,7130009030916,2016,890866.07960156,590564.0,388538.8963242525,257566.3054445406,2.2928620223857687,554.2936863287869
71300090507,7130009050716,2016,1329121.8587994892,1305943.4,11324.649444338802,11127.159711680762,117.36538648124936,591.2635765840629
71300090309,7130009030917,2017,900988.3144678568,592497.4,392953.56880234793,258409.53106436584,2.2928620223857687,554.2936863287869
71300090507,7130009050717,2017,817495.813055876,1077232.0,6965.391054086304,9178.447175071517,117.36538648124936,591.2635765840629
71300090309,7130009030918,2018,757013.2368056133,1255324.6,330160.8336719389,547492.4298732157,2.2928620223857687,554.2936863287869
71300090507,7130009050718,2018,701591.4330533914,1674050.2,5977.839413202799,14263.576768159419,117.36538648124936,591.2635765840629
71300090309,7130009030919,2019,1698962.9215649278,1418029.5,740979.1365453046,618453.9174862829,2.2928620223857687,554.2936863287869
71300090507,7130009050719,2019,1707418.1940868453,2156222.2,14547.885413896092,18371.87491683917,117.36538648124936,591.2635765840629
71300090309,7130009030920,2020,1486588.2145556328,971889.0,648354.8508552678,423875.9203611956,2.2928620223857687,554.2936863287869
71300090507,7130009050720,2020,1489358.7610873464,1659370.1,12689.931893380599,14138.496448994405,117.36538648124936,591.2635765840629
71300051004,7130005100401,2001,7846690.837123681,5360952.0,75754.84985463091,51756.60953997161,103.58004605884663,2770.476351553078
71300051004,7130005100402,2002,7271330.402480704,4298232.0,70200.10783109388,41496.71836946334,103.58004605884663,2770.476351553078
71300051004,7130005100403,2003,2106358.8599932604,2886943.5,20335.5659718145,27871.61823001941,103.58004605884663,2770.476351553078
71300051004,7130005100404,2004,4456179.514322796,4071504.5,43021.601977190854,39307.807390690556,103.58004605884663,2770.476351553078
71300051004,7130005100405,2005,3220310.154425244,2557553.8,31090.062970195035,24691.56847591074,103.58004605884663,2770.476351553078
71300051004,7130005100406,2006,1834452.298327885,3918429.0,17710.47965440837,37829.96000768173,103.58004605884663,2770.476351553078
71300051004,7130005100407,2007,5280874.187995241,3331217.8,50983.508783101264,32160.806320818247,103.58004605884663,2770.476351553078
71300051004,7130005100408,2008,6290335.51119132,4262579.0,60729.22102793437,41152.51114658043,103.58004605884663,2770.476351553078
71300051004,7130005100409,2009,12494551.37444082,7263382.0,120627.0111845898,70123.37101948647,103.58004605884663,2770.476351553078
71300051004,7130005100410,2010,8783518.375448164,4814665.0,84799.32872841173,46482.55318659212,103.58004605884663,2770.476351553078
71300051004,7130005100411,2011,6825386.148502711,5965320.5,65894.79738814775,57591.40613444929,103.58004605884663,2770.476351553078
71300051004,7130005100412,2012,1736209.4531975412,3994992.2,16762.00696233668,38569.12940288071,103.58004605884663,2770.476351553078
71300051004,7130005100413,2013,9072500.93623453,6418899.5,87589.27304473486,61970.425233767986,103.58004605884663,2770.476351553078
71300051004,7130005100414,2014,2969459.880835353,5496647.0,28668.261830549123,53066.6591601746,103.58004605884663,2770.476351553078
71300051004,7130005100415,2015,5348131.946679891,5984663.5,51632.84001284835,57778.15059668877,103.58004605884663,2770.476351553078
71300051004,7130005100416,2016,3865860.96247914,3815165.5,37322.44876858656,36833.016060183065,103.58004605884663,2770.476351553078
71300051004,7130005100417,2017,5077645.541855734,3569159.5,49021.46441382142,34457.98332598022,103.58004605884663,2770.476351553078
71300051004,7130005100418,2018,3505341.0144377933,4356516.5,33841.85610852417,42059.41844749659,103.58004605884663,2770.476351553078
71300051004,7130005100419,2019,11651045.309447931,5908332.5,112483.4922628694,57041.222946003676,103.58004605884663,2770.476351553078
71300051004,7130005100420,2020,4264275.575396888,3486557.8,41168.89051173271,33660.51602274044,103.58004605884663,2770.476351553078
71300040806,7130004080601,2001,7366425.349762659,6364250.0,69224.78163914189,59807.00212499994,106.41312511699492,2773.785745878274
71300100703,7130010070301,2001,3079502.832517001,1990975.0,71788.45275580543,46413.01615841285,42.89691049606813,1695.1756326276643
71300040806,7130004080602,2002,9772714.66611277,5908258.0,91837.4933107946,55521.891622901036,106.41312511699492,2773.785745878274
71300100703,7130010070302,2002,2978357.0980084883,1634060.6,69430.57352070799,38092.73397788812,42.89691049606813,1695.1756326276643
71300040806,7130004080603,2003,3208423.8690316584,3500222.8,30150.640398016567,32892.77329419385,106.41312511699492,2773.785745878274
71300100703,7130010070303,2003,924527.8899344604,1225721.1,21552.31878573636,28573.645183896122,42.89691049606813,1695.1756326276643
71300040806,7130004080604,2004,6859065.683182369,5451880.0,64456.951862293616,51233.153748712684,106.41312511699492,2773.785745878274
71300100703,7130010070304,2004,1927437.156870891,1379814.9,44931.84088508093,32165.833950360404,42.89691049606813,1695.1756326276643
71300040806,7130004080605,2005,5060779.003997375,3510740.0,47557.84588069704,32991.6069670931,106.41312511699492,2773.785745878274
71300100703,7130010070305,2005,1462647.2721868558,773773.75,34096.79753792339,18037.98317995239,42.89691049606813,1695.1756326276643
71300040806,7130004080606,2006,4235509.651333124,5218110.0,39802.51164202191,49036.33827371386,106.41312511699492,2773.785745878274
71300100703,7130010070306,2006,629171.3635139288,712012.6,14667.055418165786,16598.225647631712,42.89691049606813,1695.1756326276643
71300040806,7130004080607,2007,6797381.84871042,4427642.5,63877.288081118764,41608.04877342029,106.41312511699492,2773.785745878274
71300100703,7130010070307,2007,1090405.4855985064,845155.75,25419.207886741668,19702.019101759455,42.89691049606813,1695.1756326276643
71300040806,7130004080608,2008,8460979.52069439,6341421.0,79510.6760692541,59592.47031818663,106.41312511699492,2773.785745878274
71300100703,7130010070308,2008,1971274.3237662243,1717703.5,45953.759862191204,40042.59234840333,42.89691049606813,1695.1756326276643
71300040806,7130004080609,2009,10143753.471903604,8334864.5,95324.27001604499,78325.53071659451,106.41312511699492,2773.785745878274
71300100703,7130010070309,2009,4105586.073764771,2819546.2,95708.19964158219,65728.42117052778,42.89691049606813,1695.1756326276643
71300040806,7130004080610,2010,5274967.553911692,4108421.5,49570.64786991434,38608.22145278634,106.41312511699492,2773.785745878274
71300100703,7130010070310,2010,5211360.480345576,2568659.2,121485.68323640095,59879.818156961206,42.89691049606813,1695.1756326276643
71300040806,7130004080611,2011,5665579.520319197,6633257.0,53241.36016201224,62334.951564547395,106.41312511699492,2773.785745878274
71300100703,7130010070311,2011,2587480.4223458967,1586764.8,60318.57288610707,36990.188376047285,42.89691049606813,1695.1756326276643
71300040806,7130004080612,2012,896403.6144886587,4774239.5,8423.80687065732,44865.137592294246,106.41312511699492,2773.785745878274
71300100703,7130010070312,2012,408572.86204390245,583139.56,9524.52886044909,13593.975725908042,42.89691049606813,1695.1756326276643
71300040806,7130004080613,2013,6649556.173608056,8002744.5,62488.12039207817,75204.48714574878,106.41312511699492,2773.785745878274
71300100703,7130010070313,2013,3414882.2252699314,2192354.2,79606.71726190945,51107.508085015776,42.89691049606813,1695.1756326276643
71300040806,7130004080614,2014,3888022.3453182015,8170038.0,36537.05631747542,76776.60054638493,106.41312511699492,2773.785745878274
71300100703,7130010070314,2014,966497.2201294756,1711017.0,22530.695310051837,39886.71865207704,42.89691049606813,1695.1756326276643
71300040806,7130004080615,2015,8750772.381956153,9717552.0,82233.95725231447,91319.11114645048,106.41312511699492,2773.785745878274
71300100703,7130010070315,2015,2965054.8066291865,2505740.0,69120.4744663595,58413.064507982985,42.89691049606813,1695.1756326276643
71300040806,7130004080616,2016,5790935.874315841,5545259.5,54419.3760680278,52110.672380905235,106.41312511699492,2773.785745878274
71300100703,7130010070316,2016,1112936.7048979003,828092.6,25944.44895978955,19304.24803147308,42.89691049606813,1695.1756326276643
71300040806,7130004080617,2017,4720956.094600453,5285813.5,44364.415474219386,49672.57088059919,106.41312511699492,2773.785745878274
71300100703,7130010070317,2017,1694903.5315797222,1015035.8,39511.08627590033,23662.212226053827,42.89691049606813,1695.1756326276643
71300040806,7130004080618,2018,3283433.8413354685,6850728.5,30855.534387562886,64378.60454213736,106.41312511699492,2773.785745878274
71300100703,7130010070318,2018,1392928.7830368588,1746012.6,32471.540885550083,40702.52565531583,42.89691049606813,1695.1756326276643
71300040806,7130004080619,2019,10158023.698286526,9254670.0,95458.37214270685,86969.25299228868,106.41312511699492,2773.785745878274
71300100703,7130010070319,2019,3952547.598185376,2566856.0,92140.61228366692,59837.78249567121,42.89691049606813,1695.1756326276643
71300040806,7130004080620,2020,7174655.272723277,7227911.0,67422.6535949881,67923.11561241474,106.41312511699492,2773.785745878274
71300100703,7130010070320,2020,2073449.9478326973,1175820.8,48335.64757589586,27410.384253844437,42.89691049606813,1695.1756326276643
71300080203,7130008020301,2001,659834.8109829772,353555.06,5773.3799597034185,3093.513200697743,114.289171263357,267.832094072924
71300080402,7130008040201,2001,10897457.639886009,8976306.0,624332.7073673705,514266.86960689974,17.454567911134145,6779.236918729325
71300080203,7130008020302,2002,912877.6233001978,460227.94,7987.437595436318,4026.872667923148,114.289171263357,267.832094072924
71300080402,7130008040202,2002,20627053.531261865,12702375.0,1181756.7548093821,727739.2980835261,17.454567911134145,6779.236918729325
71300080203,7130008020303,2003,271725.3112133682,329536.3,2377.524556436151,2883.355407667172,114.289171263357,267.832094072924
71300080402,7130008040203,2003,4731069.040946008,6132436.0,271050.48174398474,351337.02714509267,17.454567911134145,6779.236918729325
71300080203,7130008020304,2004,397398.2491469208,359614.5,3477.1295018947544,3146.5316969648757,114.289171263357,267.832094072924
71300080402,7130008040204,2004,13212197.595291838,10261293.0,756947.846693121,587885.8217655674,17.454567911134145,6779.236918729325
71300080203,7130008020305,2005,547250.5261059855,225537.03,4788.297264357215,1973.3893203258435,114.289171263357,267.832094072924
71300080402,7130008040205,2005,9095311.478674782,6815986.0,521084.88305075414,390498.6955106537,17.454567911134145,6779.236918729325
71300080203,7130008020306,2006,251532.6072461074,259316.53,2200.84374106187,2268.9510050121535,114.289171263357,267.832094072924
71300080402,7130008040206,2006,6577390.026192152,7498794.5,376829.152098144,429617.88216003746,17.454567911134145,6779.236918729325
71300080203,7130008020307,2007,381695.0035386856,138261.88,3339.7302589511673,1209.7548566644393,114.289171263357,267.832094072924
71300080402,7130008040207,2007,8110033.196926612,4797003.5,464636.72078374855,274827.97193392715,17.454567911134145,6779.236918729325
71300080203,7130008020308,2008,821687.5935414786,755642.3,7189.5489700249955,6611.670131536525,114.289171263357,267.832094072924
71300080402,7130008040208,2008,17469236.3082865,13457173.0,1000840.3758389801,770982.877864067,17.454567911134145,6779.236918729325
71300080203,7130008020309,2009,1129456.683883397,796255.4,9882.447054242657,6967.0240075954825,114.289171263357,267.832094072924
71300080402,7130008040209,2009,19205189.23111765,13671091.0,1100295.8840858385,783238.5808461811,17.454567911134145,6779.236918729325
71300080203,7130008020310,2010,805379.9176964097,424912.16,7046.861122481757,3717.8689398392185,114.289171263357,267.832094072924
71300080402,7130008040210,2010,12630632.391158229,7639047.0,723629.0497401106,437653.17130119883,17.454567911134145,6779.236918729325
71300080203,7130008020311,2011,720427.2005990344,348870.88,6303.54733204733,3052.527865444885,114.289171263357,267.832094072924
71300080402,7130008040211,2011,12305979.862482756,10109809.0,705029.1892148679,579207.0620981127,17.454567911134145,6779.236918729325
71300080203,7130008020312,2012,127620.2160154263,257834.72,1116.6431132950515,2255.985559698131,114.289171263357,267.832094072924
71300080402,7130008040212,2012,1235562.9309213925,6642171.5,70787.3685107516,380540.5859266792,17.454567911134145,6779.236918729325
71300080203,7130008020313,2013,823222.613236885,561766.5,7202.979986090982,4915.308194032828,114.289171263357,267.832094072924
71300080402,7130008040213,2013,14694238.076759515,11137092.0,841856.3067027379,638061.7415854636,17.454567911134145,6779.236918729325
71300080203,7130008020314,2014,340561.9875669855,599741.3,2979.827255744353,5247.577643362324,114.289171263357,267.832094072924
71300080402,7130008040214,2014,7125973.845534154,11889497.0,408258.3929785249,681168.2225840592,17.454567911134145,6779.236918729325
71300080203,7130008020315,2015,717888.6723280459,533225.1,6281.335881540449,4665.578497995118,114.289171263357,267.832094072924
71300080402,7130008040215,2015,12150234.820015363,13263922.0,696106.3076368,759911.2202335893,17.454567911134145,6779.236918729325
71300080203,7130008020316,2016,366947.1557451004,197204.12,3210.6904940236427,1725.4838566077422,114.289171263357,267.832094072924
71300080402,7130008040216,2016,9213985.758461677,7376133.5,527883.921582736,422590.43807637406,17.454567911134145,6779.236918729325
71300080203,7130008020317,2017,599884.1630353719,199556.6,5248.82765711072,1746.0674339842828,114.289171263357,267.832094072924
71300080402,7130008040217,2017,9814057.4134416,6645105.0,562262.9825847069,380708.6508146177,17.454567911134145,6779.236918729325
71300080203,7130008020318,2018,350271.064702504,563449.0,3064.779111009327,4930.029623730862,114.289171263357,267.832094072924
71300080402,7130008040218,2018,5661414.030640931,12397580.0,324351.42820290354,710277.1070082848,17.454567911134145,6779.236918729325
71300080203,7130008020319,2019,1141762.5516228063,653092.06,9990.1201400073,5714.382673184998,114.289171263357,267.832094072924
71300080402,7130008040219,2019,18051271.61781275,14941629.0,1034186.1058787924,856029.7267782172,17.454567911134145,6779.236918729325
71300080203,7130008020320,2020,956426.3285429664,378386.7,8368.477240412123,3310.783478585928,114.289171263357,267.832094072924
71300080402,7130008040220,2020,14174483.501503125,10813005.0,812078.7391397597,619494.2810989014,17.454567911134145,6779.236918729325
71300051204,7130005120401,2001,11776785.0798777,6815530.0,208434.30870363585,120626.32325915246,56.50118328946808,4239.538943095801
71300051204,7130005120402,2002,9943593.64787829,5577058.0,175989.12215581496,98706.92391392046,56.50118328946808,4239.538943095801
71300051204,7130005120403,2003,3329943.442505452,3761483.0,58935.817776512995,66573.52609288003,56.50118328946808,4239.538943095801
71300051204,7130005120404,2004,6693731.111277576,5246075.0,118470.63586233421,92848.94040401235,56.50118328946808,4239.538943095801
71300051204,7130005120405,2005,5071910.736610319,3190829.0,89766.45162678801,56473.666819554484,56.50118328946808,4239.538943095801
71300051204,7130005120406,2006,2244328.320317111,4670526.5,39721.7932378322,82662.4546263369,56.50118328946808,4239.538943095801
71300051204,7130005120407,2007,6136479.738039774,4120173.0,108607.98625404407,72921.88871322288,56.50118328946808,4239.538943095801
71300051204,7130005120408,2008,7543109.948219082,5549160.5,133503.57477601944,98213.17319268202,56.50118328946808,4239.538943095801
71300051204,7130005120409,2009,16727521.702226376,9710616.0,296056.1306570798,171865.71032062042,56.50118328946808,4239.538943095801
71300051204,7130005120410,2010,11342498.426079825,6487681.0,200747.98023201906,114823.80761411974,56.50118328946808,4239.538943095801
71300051204,7130005120411,2011,9240634.627546582,7383133.0,163547.63014793448,130672.18366338585,56.50118328946808,4239.538943095801
71300051204,7130005120412,2012,1990885.271196968,4493274.5,35236.16949749922,79525.31678814511,56.50118328946808,4239.538943095801
71300051204,7130005120413,2013,11700225.860174991,8775040.0,207079.30664446694,155307.1898519988,56.50118328946808,4239.538943095801
71300051204,7130005120414,2014,4096469.8039488033,7225345.0,72502.37190541091,127879.53418573478,56.50118328946808,4239.538943095801
71300051204,7130005120415,2015,7466580.108070325,7998752.0,132149.09269806583,141567.8669775927,56.50118328946808,4239.538943095801
71300051204,7130005120416,2016,5136906.505118916,4642998.5,90916.79511916424,82175.24359114551,56.50118328946808,4239.538943095801
71300051204,7130005120417,2017,6244083.459752574,4437865.0,110512.43701857977,78544.63821162531,56.50118328946808,4239.538943095801
71300051204,7130005120418,2018,4370667.586331989,5554781.5,77355.32836436522,98312.65783482132,56.50118328946808,4239.538943095801
71300051204,7130005120419,2019,14524868.834698832,7814300.5,257071.9406049376,138303.30702926355,56.50118328946808,4239.538943095801
71300051204,7130005120420,2020,6030690.39423333,4330886.5,106735.647700275,76651.25308636297,56.50118328946808,4239.538943095801
70801041806,7080104180601,2001,457665542.6962991,208629980.0,14311165.751531357,6523843.169246345,31.97961302679531,308235.2196292381
71300090806,7130009080601,2001,7674885.949526307,7652765.5,121390.58970174319,121040.71943264402,63.22471921739165,4676.157683283173
70801041806,7080104180602,2002,251370650.48317835,166059250.0,7860340.594883312,5192659.769236766,31.97961302679531,308235.2196292381
71300090806,7130009080602,2002,12364318.72882967,9866815.0,195561.46522875398,156059.45146350082,63.22471921739165,4676.157683283173
70801041806,7080104180603,2003,150645693.22942227,128038090.0,4710679.053658284,4003741.0675582136,31.97961302679531,308235.2196292381
71300090806,7130009080603,2003,5602984.356310758,4984562.0,88620.15404205238,78838.81592041714,63.22471921739165,4676.157683283173
70801041806,7080104180604,2004,268357673.3425775,209704540.0,8391523.47208592,6557444.576464739,31.97961302679531,308235.2196292381
71300090806,7130009080604,2004,10304596.38108258,8414249.0,162983.66380483704,133084.7982269162,63.22471921739165,4676.157683283173
70801041806,7080104180605,2005,177865753.3125478,150894820.0,5561848.205089797,4718469.2283038935,31.97961302679531,308235.2196292381
71300090806,7130009080605,2005,6064298.649502768,4893612.5,95916.57700608057,77400.30419389954,63.22471921739165,4676.157683283173
70801041806,7080104180606,2006,169156021.5405301,157670450.0,5289495.573282779,4930342.648858507,31.97961302679531,308235.2196292381
71300090806,7130009080606,2006,5437436.782508499,6100630.0,86001.75453231252,96491.21539035413,63.22471921739165,4676.157683283173
70801041806,7080104180607,2007,255219986.64678767,280466800.0,7980709.035876767,8770174.916281834,31.97961302679531,308235.2196292381
71300090806,7130009080607,2007,6779499.108522633,4840029.5,107228.61552317895,76552.8033957424,63.22471921739165,4676.157683283173
70801041806,7080104180608,2008,374055520.847489,354385630.0,11696686.902811259,11081610.953299053,31.97961302679531,308235.2196292381
71300090806,7130009080608,2008,11541706.554184005,7515573.5,182550.5387299395,118870.80864935878,63.22471921739165,4676.157683283173
70801041806,7080104180609,2009,263971408.21774325,275691400.0,8254365.30443833,8620848.531500418,31.97961302679531,308235.2196292381
71300090806,7130009080609,2009,13775067.617592398,8963959.0,217874.7140058978,141779.34059585707,63.22471921739165,4676.157683283173
70801041806,7080104180610,2010,376893974.969653,307611700.0,11785445.14137361,9618993.817788104,31.97961302679531,308235.2196292381
71300090806,7130009080610,2010,8921154.228634119,5649354.5,141102.31471269415,89353.57198780558,63.22471921739165,4676.157683283173
70801041806,7080104180611,2011,334309580.40946126,246059250.0,10453834.451634781,7694253.516883712,31.97961302679531,308235.2196292381
71300090806,7130009080611,2011,7237966.050294224,6261369.0,114480.00307296308,99033.55961884039,63.22471921739165,4676.157683283173
70801041806,7080104180612,2012,103144495.0399758,122913030.0,3225320.2987025627,3843480.84190427,31.97961302679531,308235.2196292381
71300090806,7130009080612,2012,447889.7071176204,4187194.8,7084.091675877563,66227.17905006053,63.22471921739165,4676.157683283173
70801041806,7080104180613,2013,297101128.3076183,324449600.0,9290329.062414892,10145513.634831911,31.97961302679531,308235.2196292381
71300090806,7130009080613,2013,8657124.219005449,6059480.5,136926.25805484122,95840.37026981651,63.22471921739165,4676.157683283173
70801041806,7080104180614,2014,307135342.73682964,336183600.0,9604098.16339819,10512434.897768026,31.97961302679531,308235.2196292381
71300090806,7130009080614,2014,4573359.318238224,6570060.5,72334.98819525322,103916.00913891807,63.22471921739165,4676.157683283173
70801041806,7080104180615,2015,241796824.04218653,293024800.0,7560967.790310285,9162862.594818713,31.97961302679531,308235.2196292381
71300090806,7130009080615,2015,9286415.309689086,11738631.0,146879.50258440388,185665.21362693494,63.22471921739165,4676.157683283173
70801041806,7080104180616,2016,382679417.9044961,288747520.0,11966355.489788257,9029112.383507023,31.97961302679531,308235.2196292381
71300090806,7130009080616,2016,7658346.729533846,5622450.0,121128.99549939341,88928.03431309498,63.22471921739165,4676.157683283173
70801041806,7080104180617,2017,352963878.823281,226670300.0,11037152.905119179,7087962.565715722,31.97961302679531,308235.2196292381
71300090806,7130009080617,2017,5784250.651906179,4888175.5,91487.17026354253,77314.3093477808,63.22471921739165,4676.157683283173
70801041806,7080104180618,2018,422379038.4019284,394826800.0,13207759.520042423,12346203.178543145,31.97961302679531,308235.2196292381
71300090806,7130009080618,2018,4944328.35347409,7920936.5,78202.45648657653,125282.27247264919,63.22471921739165,4676.157683283173
70801041806,7080104180619,2019,696917720.5014752,427928160.0,21792562.65288566,13381280.118725779,31.97961302679531,308235.2196292381
71300090806,7130009080619,2019,11498120.853755925,10497631.0,181861.16120533214,166036.8148714901,63.22471921739165,4676.157683283173
70801041806,7080104180620,2020,330078279.754501,232235280.0,10321522.010848993,7261979.055387976,31.97961302679531,308235.2196292381
71300090806,7130009080620,2020,9542925.853735616,7499861.0,150936.62687410685,118622.290345213,63.22471921739165,4676.157683283173
71100010509,7110001050901,2001,914116.1137948824,822166.7,33924.597906210314,30512.17923900904,26.94552537725266,904.3082783711972
71100010509,7110001050902,2002,1061935.5133974452,685414.4,39410.4586394121,25437.039746073202,26.94552537725266,904.3082783711972
71100010509,7110001050903,2003,513190.571519192,597207.2,19045.483965676398,22163.501792552193,26.94552537725266,904.3082783711972
71100010509,7110001050904,2004,694057.3426224091,717802.94,25757.79588281216,26639.04043251527,26.94552537725266,904.3082783711972
71100010509,7110001050905,2005,478428.364206849,326470.56,17755.39194387863,12115.947098051596,26.94552537725266,904.3082783711972
71100010509,7110001050906,2006,165185.44672698263,209980.95,6130.3479674006185,7792.794798399639,26.94552537725266,904.3082783711972
71100010509,7110001050907,2007,174713.97387527677,252356.95,6483.969840230684,9365.449233847155,26.94552537725266,904.3082783711972
71100010509,7110001050908,2008,847966.6370135065,948703.1,31469.664263045233,35208.187137478955,26.94552537725266,904.3082783711972
71100010509,7110001050909,2009,1683165.9018124556,1176680.1,62465.50691616426,43668.84978213675,26.94552537725266,904.3082783711972
71100010509,7110001050910,2010,1393254.6592380565,1024678.6,51706.34603451593,38027.78330182535,26.94552537725266,904.3082783711972
71100010509,7110001050911,2011,1099871.3261929983,623903.44,40818.329232559954,23154.250335259654,26.94552537725266,904.3082783711972
71100010509,7110001050912,2012,132811.96408504262,182043.97,4928.906088324487,6756.000020459093,26.94552537725266,904.3082783711972
71100010509,7110001050913,2013,1404851.8928992809,745666.94,52136.74156397236,27673.12678302758,26.94552537725266,904.3082783711972
71100010509,7110001050914,2014,522394.8251557429,626312.3,19387.071428072697,23243.647738586355,26.94552537725266,904.3082783711972
71100010509,7110001050915,2015,1206457.3215623917,902475.44,44773.93944528095,33492.59023028244,26.94552537725266,904.3082783711972
71100010509,7110001050916,2016,289934.4972928441,230364.11,10760.023908741672,8549.252863871518,26.94552537725266,904.3082783711972
71100010509,7110001050917,2017,660453.0138871869,324125.25,24510.674950310655,12028.908156811285,26.94552537725266,904.3082783711972
71100010509,7110001050918,2018,621882.2754920073,737118.4,23079.241053395774,27355.874108221076,26.94552537725266,904.3082783711972
71100010509,7110001050919,2019,1755068.247636811,1196525.6,65133.94053613202,44405.35425633615,26.94552537725266,904.3082783711972
71100010509,7110001050920,2020,1149752.832522763,490463.78,42669.52736773806,18202.049250598327,26.94552537725266,904.3082783711972
71300080604,7130008060401,2001,21594981.245978866,16877432.0,616757.8671973117,482023.5241475813,35.01371023301475,13191.276579397982
71300080604,7130008060402,2002,33453296.19992341,23384354.0,955434.1992691763,667862.7841602082,35.01371023301475,13191.276579397982
71300080604,7130008060403,2003,9670241.263122557,11244984.0,276184.4202961501,321159.4522592753,35.01371023301475,13191.276579397982
71300080604,7130008060404,2004,22575945.46650502,18927874.0,644774.4416762196,540584.6416742415,35.01371023301475,13191.276579397982
71300080604,7130008060405,2005,16631784.767652769,11518684.0,475007.78000871517,328976.3902009713,35.01371023301475,13191.276579397982
71300080604,7130008060406,2006,12073782.247043138,13434897.0,344830.12987463,383703.8951482529,35.01371023301475,13191.276579397982
71300080604,7130008060407,2007,16121044.536293244,9482587.0,460420.91595002013,270824.9693304077,35.01371023301475,13191.276579397982
71300080604,7130008060408,2008,31324386.43914473,22780980.0,894632.0235896817,650630.2773511733,35.01371023301475,13191.276579397982
71300080604,7130008060409,2009,35446491.79978157,25008926.0,1012360.345815587,714260.9518833241,35.01371023301475,13191.276579397982
71300080604,7130008060410,2010,24410337.690694604,14485699.0,697165.1255535288,413715.0534347343,35.01371023301475,13191.276579397982
71300080604,7130008060411,2011,21991279.11483371,16519539.0,628076.229810628,471802.0138415259,35.01371023301475,13191.276579397982
71300080604,7130008060412,2012,1549989.671275271,9919351.0,44268.078445847525,283299.0543986096,35.01371023301475,13191.276579397982
71300080604,7130008060413,2013,26447921.119789537,17976618.0,755358.9991971644,513416.54113107047,35.01371023301475,13191.276579397982
71300080604,7130008060414,2014,12013166.04816053,19003338.0,343098.91663046915,542739.91169555,35.01371023301475,13191.276579397982
71300080604,7130008060415,2015,21279926.70481405,25678630.0,607759.8335965268,733387.859473041,35.01371023301475,13191.276579397982
71300080604,7130008060416,2016,18611601.52586941,12756214.0,531551.8236145212,364320.5451552532,35.01371023301475,13191.276579397982
71300080604,7130008060417,2017,18379376.273520373,11373352.0,524919.4144581197,324825.6732665812,35.01371023301475,13191.276579397982
71300080604,7130008060418,2018,11092761.23433127,20922922.0,316811.9333972155,597563.6932149963,35.01371023301475,13191.276579397982
71300080604,7130008060419,2019,33107235.49567385,26561942.0,945550.6221804719,758615.463006674,35.01371023301475,13191.276579397982
71300080604,7130008060420,2020,27274388.4634476,18471560.0,778963.1056502641,527552.2038959183,35.01371023301475,13191.276579397982
71300101203,7130010120301,2001,4484953.663466224,2562282.8,430393.1396806907,245886.36177559386,10.42059747233336,3354.087223440108
71300101203,7130010120302,2002,4739490.020540521,2012906.1,454819.4125263782,193166.0929562107,10.42059747233336,3354.087223440108
71300101203,7130010120303,2003,1595615.3068711837,1541133.4,153121.28801707726,147892.99789111922,10.42059747233336,3354.087223440108
71300101203,7130010120304,2004,3509529.7562496294,1786820.4,336787.76726261765,171470.05291625552,10.42059747233336,3354.087223440108
71300101203,7130010120305,2005,2166906.3492156835,975685.4,207944.54012534407,93630.46625593593,10.42059747233336,3354.087223440108
71300101203,7130010120306,2006,639510.3032407206,801467.44,61369.83075477367,76911.85098818876,10.42059747233336,3354.087223440108
71300101203,7130010120307,2007,1608241.9755328875,943132.8,154332.9909635952,90506.59547151816,10.42059747233336,3354.087223440108
71300101203,7130010120308,2008,3603403.427642164,2489872.8,345796.24030284095,238937.62393285037,10.42059747233336,3354.087223440108
71300101203,7130010120309,2009,6742067.016378595,3917368.5,646994.2855271737,375925.5177450809,10.42059747233336,3354.087223440108
71300101203,7130010120310,2010,6302906.893554389,3321645.0,604850.8168834443,318757.6344656775,10.42059747233336,3354.087223440108
71300101203,7130010120311,2011,3321164.068411963,2103293.0,318711.48244902835,201839.96220794762,10.42059747233336,3354.087223440108
71300101203,7130010120312,2012,526123.3211181734,644905.9,50488.7865129642,61887.6126548619,10.42059747233336,3354.087223440108
71300101203,7130010120313,2013,5406430.731578375,3301364.8,518821.5691021963,316811.46966525755,10.42059747233336,3354.087223440108
71300101203,7130010120314,2014,1555662.460393921,2263087.5,149287.26155330322,217174.44762725814,10.42059747233336,3354.087223440108
71300101203,7130010120315,2015,4077183.486330348,3482164.0,391261.96911024075,334161.6456489304,10.42059747233336,3354.087223440108
71300101203,7130010120316,2016,1864015.0634882173,992994.44,178877.94518857184,95291.50728990306,10.42059747233336,3354.087223440108
71300101203,7130010120317,2017,3036128.458664558,1348530.2,291358.3858051772,129410.065361448,10.42059747233336,3354.087223440108
71300101203,7130010120318,2018,2476958.7426385,2682676.5,237698.34207825552,257439.79720188733,10.42059747233336,3354.087223440108
71300101203,7130010120319,2019,6390853.091798758,3675463.0,613290.4671508946,352711.34978184674,10.42059747233336,3354.087223440108
71300101203,7130010120320,2020,2968601.9977840884,1568140.6,284878.290872065,150484.7110891104,10.42059747233336,3354.087223440108
71402010405,7140201040501,2001,3186583.187987362,1880102.2,38894.22166003004,22947.81193410355,81.92947569026893,1227.5242641382945
71402010405,7140201040502,2002,5309130.592379787,2922626.8,64801.22749046681,35672.470443346574,81.92947569026893,1227.5242641382945
71402010405,7140201040503,2003,1455928.0189896997,1236308.5,17770.503310600652,15089.911043417564,81.92947569026893,1227.5242641382945
71402010405,7140201040504,2004,4129305.4499196624,2142223.2,50400.73081305115,26147.16110351528,81.92947569026893,1227.5242641382945
71402010405,7140201040505,2005,2550310.1062191925,2128071.0,31128.11457332568,25974.42473628278,81.92947569026893,1227.5242641382945
71402010405,7140201040506,2006,2587745.532484448,1989343.5,31585.037139347936,24281.169667442187,81.92947569026893,1227.5242641382945
71402010405,7140201040507,2007,2335094.554906203,1601946.4,28501.27545956639,19552.748098329026,81.92947569026893,1227.5242641382945
71402010405,7140201040508,2008,4851929.359453359,3738265.8,59220.80324053191,45627.84966588048,81.92947569026893,1227.5242641382945
71402010405,7140201040509,2009,4615106.382656863,3560096.2,56330.23211455772,43453.17933510035,81.92947569026893,1227.5242641382945
71402010405,7140201040510,2010,2497243.011782096,1745293.4,30480.39781461341,21302.387026105367,81.92947569026893,1227.5242641382945
71402010405,7140201040511,2011,2727374.905341104,2590848.5,33289.300125047,31622.91077993222,81.92947569026893,1227.5242641382945
71402010405,7140201040512,2012,593297.4994548036,2216557.0,7241.563484401399,27054.451176760904,81.92947569026893,1227.5242641382945
71402010405,7140201040513,2013,4011520.519836866,3346915.2,48963.09278241029,40851.1731803689,81.92947569026893,1227.5242641382945
71402010405,7140201040514,2014,2240965.1721267537,2920279.5,27352.368036610314,35643.82019286927,81.92947569026893,1227.5242641382945
71402010405,7140201040515,2015,3250871.675542316,3013382.2,39678.902472561946,36780.196316548754,81.92947569026893,1227.5242641382945
71402010405,7140201040516,2016,3141619.086454429,2320604.8,38345.4069489129,28324.419025613595,81.92947569026893,1227.5242641382945
71402010405,7140201040517,2017,2844059.6525061363,1874368.1,34713.50974169527,22877.823691756224,81.92947569026893,1227.5242641382945
71402010405,7140201040518,2018,2604047.180771146,2743148.5,31784.008854342497,33481.826618424384,81.92947569026893,1227.5242641382945
71402010405,7140201040519,2019,4446382.166764187,3013857.8,54270.84854751854,36786.00130914748,81.92947569026893,1227.5242641382945
71402010405,7140201040520,2020,4254408.877357163,2829863.8,51927.6956371695,34540.240568585905,81.92947569026893,1227.5242641382945
71300110802,7130011080201,2001,112543202.91195396,78314570.0,1608414.3235176546,1119234.8615373084,69.97152491518374,67994.22438887652
71300110802,7130011080202,2002,117377049.8823676,73911400.0,1677497.3823229757,1056306.8346672736,69.97152491518374,67994.22438887652
71300110802,7130011080203,2003,50071165.28760544,47959516.0,715593.4553134207,685414.7606206142,69.97152491518374,67994.22438887652
71300110802,7130011080204,2004,91787789.71358874,69957050.0,1311787.756874667,999793.1313459113,69.97152491518374,67994.22438887652
71300110802,7130011080205,2005,79137854.9675169,44793244.0,1131000.8616139803,640163.8960176487,69.97152491518374,67994.22438887652
71300110802,7130011080206,2006,70361918.62565608,67802060.0,1005579.322602238,968995.0316530409,69.97152491518374,67994.22438887652
71300110802,7130011080207,2007,102613808.06205235,61568770.0,1466508.1000655065,879911.7937565435,69.97152491518374,67994.22438887652
71300110802,7130011080208,2008,134922012.61535442,97935070.0,1928241.7065927987,1399641.7845503923,69.97152491518374,67994.22438887652
71300110802,7130011080209,2009,181403329.28058684,118859464.0,2592530.740190036,1698683.3450332256,69.97152491518374,67994.22438887652
71300110802,7130011080210,2010,122658463.8359295,65507532.0,1752976.8571516834,936202.7207411189,69.97152491518374,67994.22438887652
71300110802,7130011080211,2011,119072668.06816132,86451990.0,1701730.3569201292,1235531.0264395857,69.97152491518374,67994.22438887652
71300110802,7130011080212,2012,32719227.834588144,45579544.0,467607.7572162231,651401.3243994529,69.97152491518374,67994.22438887652
71300110802,7130011080213,2013,124406994.25247964,91667016.0,1777966.0283705418,1310061.7159782432,69.97152491518374,67994.22438887652
71300110802,7130011080214,2014,88597806.92894681,96133650.0,1266198.0289316403,1373896.7403744422,69.97152491518374,67994.22438887652
71300110802,7130011080215,2015,119753619.6072906,122747656.0,1711462.1948349765,1754251.5494522816,69.97152491518374,67994.22438887652
71300110802,7130011080216,2016,110332132.56149136,69888910.0,1576814.7499319315,998819.3066353223,69.97152491518374,67994.22438887652
71300110802,7130011080217,2017,105268226.35891156,74017270.0,1504443.7931932006,1057819.8787252433,69.97152491518374,67994.22438887652
71300110802,7130011080218,2018,83036159.00274004,89814030.0,1186713.582466477,1283579.7148749928,69.97152491518374,67994.22438887652
71300110802,7130011080219,2019,162364238.98874405,121805480.0,2320433.0502380007,1740786.4148687199,69.97152491518374,67994.22438887652
71300110802,7130011080220,2020,104452677.97844608,76336136.0,1492788.3607661661,1090960.016843011,69.97152491518374,67994.22438887652
71300120602,7130012060201,2001,1978582.951430359,1242498.0,45057.0277375503,28294.62712664096,43.91286000832714,2241.45400328355
71300120602,7130012060202,2002,4094455.787164824,2084328.1,93240.47184329142,47465.095637240476,43.91286000832714,2241.45400328355
71300120602,7130012060203,2003,1069046.5043877382,1065021.8,24344.725080193282,24253.073013191155,43.91286000832714,2241.45400328355
71300120602,7130012060204,2004,1702790.8018323595,1190995.9,38776.586209813286,27121.802127535146,43.91286000832714,2241.45400328355
71300120602,7130012060205,2005,1442424.3219400474,803231.44,32847.42377669144,18291.485452044897,43.91286000832714,2241.45400328355
71300120602,7130012060206,2006,519593.6411649096,870284.75,11832.379878385962,19818.448396095566,43.91286000832714,2241.45400328355
71300120602,7130012060207,2007,937945.2807906852,624423.44,21359.239198103332,14219.603093070944,43.91286000832714,2241.45400328355
71300120602,7130012060208,2008,2868730.954600972,3214798.0,65327.809531353196,73208.5771546281,43.91286000832714,2241.45400328355
71300120602,7130012060209,2009,3056007.1979756933,2522547.8,69592.5338817874,57444.397826095876,43.91286000832714,2241.45400328355
71300120602,7130012060210,2010,2107525.9753012466,1154132.0,47993.36629182429,26282.323669675432,43.91286000832714,2241.45400328355
71300120602,7130012060211,2011,1920502.1554332336,1415962.5,43734.39022348012,32244.825313848676,43.91286000832714,2241.45400328355
71300120602,7130012060212,2012,861304.342599075,1041505.1,19613.943214715397,23717.541963846143,43.91286000832714,2241.45400328355
71300120602,7130012060213,2013,2840558.886289202,2087426.2,64686.26470128684,47535.64672408411,43.91286000832714,2241.45400328355
71300120602,7130012060214,2014,1662645.8520047874,2249173.2,37862.39046351119,51219.00963803069,43.91286000832714,2241.45400328355
71300120602,7130012060215,2015,3297540.025078373,2707301.8,75092.80936047128,61651.684711189795,43.91286000832714,2241.45400328355
71300120602,7130012060216,2016,1094862.1558297686,940999.8,24932.60870783983,21428.79784695325,43.91286000832714,2241.45400328355
71300120602,7130012060217,2017,2304131.18168794,880171.9,52470.533261805555,20043.602257586826,43.91286000832714,2241.45400328355
71300120602,7130012060218,2018,598768.4037829579,1838412.6,13635.377055136338,41865.016299357056,43.91286000832714,2241.45400328355
71300120602,7130012060219,2019,3924428.646181526,2730183.5,89368.55047558602,62172.75530407901,43.91286000832714,2241.45400328355
71300120602,7130012060220,2020,3737894.83115406,1844783.5,85120.73297993453,42010.0968064976,43.91286000832714,2241.45400328355
71402011102,7140201110201,2001,4288870.909921116,3425859.8,41484.37445897775,33136.84505131738,103.38521348953232,3451.041238489549
71402011102,7140201110202,2002,8834274.24786296,5563955.0,85450.07501249126,53817.70576469668,103.38521348953232,3451.041238489549
71402011102,7140201110203,2003,718883.8844912373,2338286.8,6953.44972677378,22617.226594369316,103.38521348953232,3451.041238489549
71402011102,7140201110204,2004,3869202.396720993,3935651.8,37425.10428836854,38067.84033384505,103.38521348953232,3451.041238489549
71402011102,7140201110205,2005,4025704.3797960095,3302655.5,38938.87959329512,31945.14368666842,103.38521348953232,3451.041238489549
71402011102,7140201110206,2006,3154100.958561101,3446017.2,30508.240512367385,33331.81877453788,103.38521348953232,3451.041238489549
71402011102,7140201110207,2007,2348231.330291435,2562376.2,22713.415691008773,24784.745453559844,103.38521348953232,3451.041238489549
71402011102,7140201110208,2008,6512901.250797972,6954183.0,62996.44824409439,67264.7738035005,103.38521348953232,3451.041238489549
71402011102,7140201110209,2009,6428794.189412324,6734827.5,62182.917386568384,65143.043890719404,103.38521348953232,3451.041238489549
71402011102,7140201110210,2010,4163992.0255871234,2841813.2,40276.47557170953,27487.617465603355,103.38521348953232,3451.041238489549
71402011102,7140201110211,2011,4876802.752113002,4833807.5,47171.182294910825,46755.3080062984,103.38521348953232,3451.041238489549
71402011102,7140201110212,2012,681677.0196630238,3208626.2,6593.563979359999,31035.63935015592,103.38521348953232,3451.041238489549
71402011102,7140201110213,2013,5200883.576903686,6071321.5,50305.87451879927,58725.24024545074,103.38521348953232,3451.041238489549
71402011102,7140201110214,2014,2196520.790432625,5483052.0,21245.985922880755,53035.16639306602,103.38521348953232,3451.041238489549
71402011102,7140201110215,2015,3429844.39582341,5344403.5,33175.386305805514,51694.08002955004,103.38521348953232,3451.041238489549
71402011102,7140201110216,2016,4494494.735504758,3894414.8,43473.283884642,37668.97284972291,103.38521348953232,3451.041238489549
71402011102,7140201110217,2017,3674894.772740948,3163387.0,35545.65153664869,30598.060334036945,103.38521348953232,3451.041238489549
71402011102,7140201110218,2018,3601343.137424122,5268588.5,34834.21870371004,50960.75465891881,103.38521348953232,3451.041238489549
71402011102,7140201110219,2019,6879958.552307546,6177465.0,66546.83315041117,59751.919945742186,103.38521348953232,3451.041238489549
71402011102,7140201110220,2020,6452009.878874926,5413689.0,62407.47260756189,52364.24839948831,103.38521348953232,3451.041238489549
71402020408,7140202040801,2001,100172.79981087064,123758.44,74990.38818547255,92646.8410022556,1.335808524728727,394.5366954426336
71402020604,7140202060401,2001,5418131.473402343,3594990.0,37583.96880014291,24937.377887580173,144.160705917299,5029.7711793644585
71402020408,7140202040802,2002,157254.00286899332,159142.42,117721.96385775282,119135.65234382547,1.335808524728727,394.5366954426336
71402020604,7140202060402,2002,13356439.193411836,5977188.0,92649.65170935036,41461.977880636536,144.160705917299,5029.7711793644585
71402020408,7140202040803,2003,80624.22436948717,157883.98,60356.12355884625,118193.57121714935,1.335808524728727,394.5366954426336
71402020604,7140202060403,2003,1404298.3500766342,2705563.5,9741.200566000567,18767.690424269334,144.160705917299,5029.7711793644585
71402020408,7140202040804,2004,128830.309509051,193243.81,96443.69467938047,144664.30362034374,1.335808524728727,394.5366954426336
71402020604,7140202060404,2004,5255904.733618533,4347551.0,36458.6500889757,30157.670027601485,144.160705917299,5029.7711793644585
71402020408,7140202040805,2005,86155.56066793935,177971.22,64496.93879999428,133231.0856723586,1.335808524728727,394.5366954426336
71402020604,7140202060405,2005,4667346.426088692,3488584.5,32375.995916433836,24199.27453741316,144.160705917299,5029.7711793644585
71402020408,7140202040806,2006,69790.028964801,127004.86,52245.53345246377,95077.14440270686,1.335808524728727,394.5366954426336
71402020604,7140202060406,2006,3899369.5080027655,3695890.0,27048.768131308443,25637.291219427225,144.160705917299,5029.7711793644585
71402020408,7140202040807,2007,61689.95974103364,79107.1,46181.73832478087,59220.388652681264,1.335808524728727,394.5366954426336
71402020604,7140202060407,2007,3078538.917060317,2582906.2,21354.910115564984,17916.853164424305,144.160705917299,5029.7711793644585
71402020408,7140202040808,2008,191303.6700609548,539274.0,143211.89490821998,403706.0626705572,1.335808524728727,394.5366954426336
71402020604,7140202060408,2008,7626789.223215586,7990331.0,52904.77162057505,55426.55295114767,144.160705917299,5029.7711793644585
71402020408,7140202040809,2009,251220.03217652,518122.12,188065.89980965812,387871.5477618464,1.335808524728727,394.5366954426336
71402020604,7140202060409,2009,7538158.115413652,7553162.0,52289.96394994129,52394.04144103623,144.160705917299,5029.7711793644585
71402020408,7140202040810,2010,145907.6583434514,149981.1,109227.97365219839,112277.39397041041,1.335808524728727,394.5366954426336
71402020604,7140202060410,2010,4602988.247034988,3030397.8,31929.56234326152,21020.969484836285,144.160705917299,5029.7711793644585
71402020408,7140202040811,2011,217886.77031323905,348753.84,163112.2771562541,261080.71145213285,1.335808524728727,394.5366954426336
71402020604,7140202060411,2011,5000324.770664016,5450508.5,34685.76779536973,37808.55861740026,144.160705917299,5029.7711793644585
71402020408,7140202040812,2012,79811.8650405674,170800.34,59747.98301034605,127862.89115401906,1.335808524728727,394.5366954426336
71402020604,7140202060412,2012,1276156.144052978,3347900.8,8852.316142132888,23223.39349476131,144.160705917299,5029.7711793644585
71402020408,7140202040813,2013,230697.70928902173,304924.84,172702.67783017128,228269.87128407753,1.335808524728727,394.5366954426336
71402020604,7140202060413,2013,6246844.607289104,6526122.0,43332.505675109176,45269.77000059819,144.160705917299,5029.7711793644585
71402020408,7140202040814,2014,92932.12004515152,234021.67,69569.9408446461,175191.02900434373,1.335808524728727,394.5366954426336
71402020604,7140202060414,2014,2640647.638545468,6071306.0,18317.388373918857,42114.846492794924,144.160705917299,5029.7711793644585
71402020408,7140202040815,2015,233077.98548585887,355855.03,174484.57707154684,266396.73531973176,1.335808524728727,394.5366954426336
71402020604,7140202060415,2015,4306556.250035879,6039780.0,29873.301622887662,41896.15999428342,144.160705917299,5029.7711793644585
71402020408,7140202040816,2016,154460.01453655938,140500.77,115630.35545676485,105180.32143007364,1.335808524728727,394.5366954426336
71402020604,7140202060416,2016,4936237.698113072,4091401.2,34241.21480748613,28380.834943657417,144.160705917299,5029.7711793644585
71402020408,7140202040817,2017,190605.5116632107,102990.64,142689.24635132003,77099.85233169186,1.335808524728727,394.5366954426336
71402020604,7140202060417,2017,3650614.905926948,3296421.2,25323.23133892813,22866.29479943769,144.160705917299,5029.7711793644585
71402020408,7140202040818,2018,162221.4860783328,332523.44,121440.67287733199,248930.46708736054,1.335808524728727,394.5366954426336
71402020604,7140202060418,2018,3815731.752798399,6018830.5,26468.59786457607,41750.83953496202,144.160705917299,5029.7711793644585
71402020408,7140202040819,2019,304148.4385414997,396353.88,227688.6491671892,296714.59094819793,1.335808524728727,394.5366954426336
71402020604,7140202060419,2019,6448369.26833487,7124064.0,44730.422394255766,49417.51606076956,144.160705917299,5029.7711793644585
71402020408,7140202040820,2020,237162.69631943057,200171.67,177542.43361157845,149850.57086729584,1.335808524728727,394.5366954426336
71402020604,7140202060420,2020,5611054.138240293,5889275.0,38922.216026461465,40852.1515105407,144.160705917299,5029.7711793644585
71401010207,7140101020701,2001,127023.49908195598,155099.75,6224.386481916001,7600.17472535276,20.407392672515314,548.8823909623204
71401010207,7140101020702,2002,352533.03986204666,236591.12,17274.77123213483,11593.402635832113,20.407392672515314,548.8823909623204
71401010207,7140101020703,2003,118760.3660488145,145171.16,5819.477674321473,7113.655444848503,20.407392672515314,548.8823909623204
71401010207,7140101020704,2004,290674.77470227133,255987.56,14243.601785236986,12543.864084350382,20.407392672515314,548.8823909623204
71401010207,7140101020705,2005,177725.01379326332,157544.14,8708.85451391463,7719.954358117514,20.407392672515314,548.8823909623204
71401010207,7140101020706,2006,71471.56552411194,97877.445,3502.2389518857976,4796.1759040301795,20.407392672515314,548.8823909623204
71401010207,7140101020707,2007,105508.83473318862,101183.29,5170.128121035666,4958.168425713378,20.407392672515314,548.8823909623204
71401010207,7140101020708,2008,489835.65354463976,571700.8,24002.85334854906,28014.396996925872,20.407392672515314,548.8823909623204
71401010207,7140101020709,2009,433968.9384821528,385975.62,21265.280942362733,18913.519536468375,20.407392672515314,548.8823909623204
71401010207,7140101020710,2010,231235.5199178104,137287.56,11330.968322535318,6727.344458113895,20.407392672515314,548.8823909623204
71401010207,7140101020711,2011,261910.2316682511,197629.44,12834.085954595852,9684.208226471157,20.407392672515314,548.8823909623204
71401010207,7140101020712,2012,135589.7495244483,133309.23,6644.148603415694,6532.398927156478,20.407392672515314,548.8823909623204
71401010207,7140101020713,2013,282533.258036836,241488.84,13844.652404682343,11833.399977902973,20.407392672515314,548.8823909623204
71401010207,7140101020714,2014,171270.21920346763,223920.83,8392.557635946037,10972.534982461364,20.407392672515314,548.8823909623204
71401010207,7140101020715,2015,403234.3888280638,394042.03,19759.231142307563,19308.788551449594,20.407392672515314,548.8823909623204
71401010207,7140101020716,2016,134897.2951132295,136333.14,6610.21705604309,6680.576112185735,20.407392672515314,548.8823909623204
71401010207,7140101020717,2017,232722.0747777771,161535.89,11403.812261191371,7915.557493905462,20.407392672515314,548.8823909623204
71401010207,7140101020718,2018,110424.26511671075,221140.84,5410.99330466798,10836.310328748295,20.407392672515314,548.8823909623204
71401010207,7140101020719,2019,361462.8013635833,416964.94,17712.34606811881,20432.053554865368,20.407392672515314,548.8823909623204
71401010207,7140101020720,2020,303163.263080355,286513.25,14855.560822752994,14039.679374909867,20.407392672515314,548.8823909623204
71402030603,7140203060301,2001,578287.5632934875,629121.1,6282.701366679381,6834.973196148187,92.04441362762591,1910.1773361866992
71402020901,7140202090101,2001,3777950.820195526,3234101.8,490712.4798359375,420072.72986092867,7.698909189060421,7055.961003213593
71402040506,7140204050601,2001,128499.16322314476,197962.22,2485.9642121934894,3829.8069959550853,51.689868499660975,400.1681000519359
71402030603,7140203060302,2002,1081622.006518048,1108730.2,11751.088022504535,12045.60012175719,92.04441362762591,1910.1773361866992
71402020901,7140202090102,2002,6499600.548895718,5644898.5,844223.563271946,733207.5702387791,7.698909189060421,7055.961003213593
71402040506,7140204050602,2002,153080.205398567,212500.39,2961.51276530276,4111.064627711207,51.689868499660975,400.1681000519359
71402030603,7140203060303,2003,384210.9654108644,587357.2,4174.191026575768,6381.236805703464,92.04441362762591,1910.1773361866992
71402020901,7140202090103,2003,1172627.3560226397,2533224.8,152310.8439425232,329036.84636253724,7.698909189060421,7055.961003213593
71402040506,7140204050603,2003,117690.61715079604,207032.45,2276.860448030893,4005.2810349354613,51.689868499660975,400.1681000519359
71402030603,7140203060304,2004,867837.7780645723,860491.75,9428.467669700078,9348.658067193497,92.04441362762591,1910.1773361866992
71402020901,7140202090104,2004,3630374.564240885,4239957.5,471544.01683284924,550721.8484957148,7.698909189060421,7055.961003213593
71402040506,7140204050604,2004,209961.39262925537,341360.88,4061.9448012453827,6604.01912228194,51.689868499660975,400.1681000519359
71402030603,7140203060305,2005,529913.621640669,656924.44,5757.151365909972,7137.0375898927205,92.04441362762591,1910.1773361866992
71402020901,7140202090105,2005,4392844.855702043,3296838.5,570580.1624396284,428221.5076240363,7.698909189060421,7055.961003213593
71402040506,7140204050605,2005,117952.51041946674,219554.5,2281.9270747465794,4247.534504782887,51.689868499660975,400.1681000519359
71402030603,7140203060306,2006,279359.9287981622,587102.0,3035.0557713185976,6378.464231139272,92.04441362762591,1910.1773361866992
71402020901,7140202090106,2006,2108612.965123011,3314220.0,273884.63915371196,430479.1651146192,7.698909189060421,7055.961003213593
71402040506,7140204050606,2006,69373.86361296105,123565.19,1342.117239346741,2390.510821299738,51.689868499660975,400.1681000519359
71402030603,7140203060307,2007,406471.35055034,406106.34,4416.034982793817,4412.069391228242,92.04441362762591,1910.1773361866992
71402020901,7140202090107,2007,2376580.26418604,2330086.8,308690.51781556074,302651.55008074135,7.698909189060421,7055.961003213593
71402040506,7140204050607,2007,104271.1426339222,116959.55,2017.2452679891435,2262.7171125569243,51.689868499660975,400.1681000519359
71402030603,7140203060308,2008,1151350.6081495106,2257334.8,12508.641891157074,24524.408500577276,92.04441362762591,1910.1773361866992
71402020901,7140202090108,2008,6446040.868096516,8636751.0,837266.7750459847,1121814.894540149,7.698909189060421,7055.961003213593
71402040506,7140204050608,2008,275970.84518362203,699755.5,5338.973636302288,13537.575550314847,51.689868499660975,400.1681000519359
71402030603,7140203060309,2009,1194448.005513816,1954680.8,12976.865824210305,21236.27847647376,92.04441362762591,1910.1773361866992
71402020901,7140202090109,2009,3690862.707014433,8109990.0,479400.73280236573,1053394.6823952275,7.698909189060421,7055.961003213593
71402040506,7140204050609,2009,218631.6274435392,489659.8,4229.680472972633,9473.032418397652,51.689868499660975,400.1681000519359
71402030603,7140203060310,2010,891232.4594976814,692513.0,9682.634984272307,7523.683108044173,92.04441362762591,1910.1773361866992
71402020901,7140202090110,2010,2534861.677735255,2919016.8,329249.45800596086,379146.80227008084,7.698909189060421,7055.961003213593
71402040506,7140204050610,2010,187870.04922499973,188242.28,3634.5623364515222,3641.763569223138,51.689868499660975,400.1681000519359
71402030603,7140203060311,2011,1388543.598858592,1204950.0,15085.582537100754,13090.96285706958,92.04441362762591,1910.1773361866992
71402020901,7140202090111,2011,4332702.501305695,5858937.5,562768.3604142446,761008.7813901112,7.698909189060421,7055.961003213593
71402040506,7140204050611,2011,223500.04126382308,249093.27,4323.865541760644,4818.996008891641,51.689868499660975,400.1681000519359
71402030603,7140203060312,2012,507754.20770265406,791500.44,5516.4043931750175,8599.114371047952,92.04441362762591,1910.1773361866992
71402020901,7140202090112,2012,975598.5105297092,2970634.2,126719.05676143865,385851.31049747294,7.698909189060421,7055.961003213593
71402040506,7140204050612,2012,100704.0227745305,175351.4,1948.235228634621,3392.3746585106924,51.689868499660975,400.1681000519359
71402030603,7140203060313,2013,1382394.9696808544,1425941.5,15018.78185973849,15491.885317111983,92.04441362762591,1910.1773361866992
71402020901,7140202090113,2013,3729235.6355946544,6681500.5,484384.9361015482,867850.2805948039,7.698909189060421,7055.961003213593
71402040506,7140204050613,2013,211708.6298533154,321563.2,4095.747116375503,6221.010215998307,51.689868499660975,400.1681000519359
71402030603,7140203060314,2014,611893.3590744545,1428259.8,6647.805499092265,15517.07207107816,92.04441362762591,1910.1773361866992
71402020901,7140202090114,2014,1444030.2792896517,5869093.0,187562.97078312232,762327.8643602584,7.698909189060421,7055.961003213593
71402040506,7140204050614,2014,123354.63185759258,312964.8,2386.4373316871884,6054.66427143363,51.689868499660975,400.1681000519359
71402030603,7140203060315,2015,1268111.450623927,1636997.6,13777.169093109635,17784.866408325695,92.04441362762591,1910.1773361866992
71402020901,7140202090115,2015,1567397.0446318055,6180220.5,203586.89862960853,802739.7580921769,7.698909189060421,7055.961003213593
71402040506,7140204050615,2015,256868.3555140379,349004.38,4969.4139871089565,6751.891427278231,51.689868499660975,400.1681000519359
71402030603,7140203060316,2016,659379.7418846611,638045.6,7163.712776228247,6931.931823491991,92.04441362762591,1910.1773361866992
71402020901,7140202090116,2016,2725144.1455598897,3864447.0,353964.9681064062,501947.34151314484,7.698909189060421,7055.961003213593
71402040506,7140204050616,2016,163442.83636676933,192501.62,3161.989788537406,3724.165403927514,51.689868499660975,400.1681000519359
71402030603,7140203060317,2017,1156839.5567027382,549830.44,12568.275586857864,5973.5340617670645,92.04441362762591,1910.1773361866992
71402020901,7140202090117,2017,1748739.9105002133,2988346.8,227141.25696988904,388151.9740804605,7.698909189060421,7055.961003213593
71402040506,7140204050617,2017,187454.2770771275,185227.97,3626.5187457065595,3583.448272870241,51.689868499660975,400.1681000519359
71402030603,7140203060318,2018,444110.4028723365,1205520.4,4824.957706494016,13097.159865421521,92.04441362762591,1910.1773361866992
71402020901,7140202090118,2018,1857994.729351916,6371365.5,241332.20482610556,827567.3012292752,7.698909189060421,7055.961003213593
71402040506,7140204050618,2018,133198.2515560496,321783.47,2576.8734845383333,6225.271592674114,51.689868499660975,400.1681000519359
71402030603,7140203060319,2019,1443328.9874718094,1811773.4,15680.788551828127,19683.686696399574,92.04441362762591,1910.1773361866992
71402020901,7140202090119,2019,4280143.707862787,7721305.5,555941.5759760556,1002909.0239135957,7.698909189060421,7055.961003213593
71402040506,7140204050619,2019,262858.97607369703,482164.12,5085.309436904857,9328.019861438852,51.689868499660975,400.1681000519359
71402030603,7140203060320,2020,880107.808480511,898853.06,9561.773211365848,9765.427629713546,92.04441362762591,1910.1773361866992
71402020901,7140202090120,2020,3553973.2427246217,5897315.0,461620.36146296596,765993.5784642904,7.698909189060421,7055.961003213593
71402040506,7140204050620,2020,219741.6681243518,286340.94,4251.155487574766,5539.595056270613,51.689868499660975,400.1681000519359
71402040902,7140204090201,2001,4350508.481506072,4520638.5,185247.0047898077,192491.23301848694,23.4849059310968,11366.264254885098
71401060206,7140106020601,2001,96981.58128468452,28293.121,1626.6660593457132,474.55876707724434,59.61984681950824,237.858535524597
71402040902,7140204090202,2002,8075525.460433107,7602058.0,343860.24300570664,323699.7423921538,23.4849059310968,11366.264254885098
71401060206,7140106020602,2002,147165.1737358216,25310.896,2468.392348966378,424.5380917637314,59.61984681950824,237.858535524597
71402040902,7140204090203,2003,2434790.013009333,4042396.8,103674.67598775358,172127.44270128786,23.4849059310968,11366.264254885098
71401060206,7140106020603,2003,113770.38312210375,21669.852,1908.2635932717105,363.4670861467124,59.61984681950824,237.858535524597
71402040902,7140204090204,2004,4895978.096689696,6318601.0,208473.39610617052,269049.4489753703,23.4849059310968,11366.264254885098
71401060206,7140106020604,2004,82252.94640574064,41977.285,1379.6235782817646,704.0824027455333,59.61984681950824,237.858535524597
71402040902,7140204090205,2005,4830016.125461545,4915839.0,205664.69968551293,209319.08411397322,23.4849059310968,11366.264254885098
71401060206,7140106020605,2005,102524.47239010873,28697.629,1719.636628730177,481.3435547206041,59.61984681950824,237.858535524597
71402040902,7140204090206,2006,2221847.1227094354,4615268.5,94607.45251559412,196520.6296137996,23.4849059310968,11366.264254885098
71401060206,7140106020606,2006,232929.0159000941,63286.758,3906.903964467706,1061.5048742341269,59.61984681950824,237.858535524597
71402040902,7140204090207,2007,2757875.2189279604,3333861.2,117431.8188465131,141957.61353191425,23.4849059310968,11366.264254885098
71401060206,7140106020607,2007,82736.77750134534,29419.031,1387.7388472972896,493.4435858089757,59.61984681950824,237.858535524597
71402040902,7140204090208,2008,10025808.874497702,14090179.0,426904.36588985194,599967.4446787088,23.4849059310968,11366.264254885098
71401060206,7140106020608,2008,214657.9938355404,163906.67,3600.445242427259,2749.196429440809,59.61984681950824,237.858535524597
71402040902,7140204090209,2009,6401446.8235894805,13166655.0,272577.0689638235,560643.2931275142,23.4849059310968,11366.264254885098
71401060206,7140106020609,2009,150220.07964905008,95845.664,2519.6320967382376,1607.613389047459,59.61984681950824,237.858535524597
71402040902,7140204090210,2010,4282150.311127843,4540928.5,182336.27691298386,193355.19219548043,23.4849059310968,11366.264254885098
71401060206,7140106020610,2010,44112.73390474287,23716.492,739.9001550320777,397.7952521716261,59.61984681950824,237.858535524597
71402040902,7140204090211,2011,6783590.414886907,9002515.0,288848.9498229,383331.95910653414,23.4849059310968,11366.264254885098
71401060206,7140106020611,2011,241162.04219148264,108755.484,4044.996004796374,1824.1490007386947,59.61984681950824,237.858535524597
71402040902,7140204090212,2012,1961574.172456422,4691225.0,83524.88948482714,199754.89847665353,23.4849059310968,11366.264254885098
71401060206,7140106020612,2012,46952.45724620147,37581.58,787.5306588482903,630.3535148920059,59.61984681950824,237.858535524597
71402040902,7140204090213,2013,7292171.692325287,10149323.0,310504.61576129147,432163.6641755117,23.4849059310968,11366.264254885098
71401060206,7140106020613,2013,213084.4201300594,85818.41,3574.051788075644,1439.426878432021,59.61984681950824,237.858535524597
71402040902,7140204090214,2014,2697572.752329436,9072074.0,114864.10719480591,386293.81895830797,23.4849059310968,11366.264254885098
71401060206,7140106020614,2014,80637.40011183647,79880.58,1352.526120302796,1339.8320234171122,59.61984681950824,237.858535524597
71402040902,7140204090215,2015,3842429.6611669455,9808463.0,163612.73374653433,417649.66096851305,23.4849059310968,11366.264254885098
71401060206,7140106020615,2015,218259.834868176,106269.64,3660.858699099493,1782.4540932102404,59.61984681950824,237.858535524597
71402040902,7140204090216,2016,3959127.193018244,5388168.0,168581.77778672258,229431.10846637143,23.4849059310968,11366.264254885098
71401060206,7140106020616,2016,93190.36943724992,47542.023,1563.0762977196555,797.4194087403081,59.61984681950824,237.858535524597
71402040902,7140204090217,2017,2639827.255838857,4232504.0,112405.27271362892,180222.31012625273,23.4849059310968,11366.264254885098
71401060206,7140106020617,2017,93237.29745817576,32087.535,1563.863418509615,538.2022382100556,59.61984681950824,237.858535524597
71402040902,7140204090218,2018,3053166.5675544166,10287844.0,130005.4842251534,438061.9632960792,23.4849059310968,11366.264254885098
71401060206,7140106020618,2018,102065.194802249,97387.484,1711.9331941800997,1633.4742404627211,59.61984681950824,237.858535524597
71402040902,7140204090219,2019,6624731.248613038,12078227.0,282084.64057933947,514297.4400424144,23.4849059310968,11366.264254885098
71401060206,7140106020619,2019,185281.3952838764,110838.44,3107.7133734474874,1859.0862927835049,59.61984681950824,237.858535524597
71402040902,7140204090220,2020,5344183.019680227,8755926.0,227558.2042082568,372832.0660806274,23.4849059310968,11366.264254885098
71401060206,7140106020620,2020,149133.6129150313,65281.47,2501.408857465115,1094.9620551295884,59.61984681950824,237.858535524597
71402040512,7140204051201,2001,409851.8287068421,488435.56,5368.6278224885955,6397.992038201737,76.34200809935409,1218.399070631668
71402040512,7140204051202,2002,535044.7092133113,628723.7,7008.522863545663,8235.61909953636,76.34200809935409,1218.399070631668
71402040512,7140204051203,2003,407079.3586437648,598961.94,5332.311381094113,7845.771350689262,76.34200809935409,1218.399070631668
71402040512,7140204051204,2004,618372.7814430726,868797.94,8100.032954835315,11380.339103332424,76.34200809935409,1218.399070631668
71402040512,7140204051205,2005,462301.1515682924,697297.8,6055.658779195825,9133.867674695077,76.34200809935409,1218.399070631668
71402040512,7140204051206,2006,270665.5651365989,369292.22,3545.4341832919235,4837.339614113772,76.34200809935409,1218.399070631668
71402040512,7140204051207,2007,331340.94579181005,349599.97,4340.21784389784,4579.3918538927965,76.34200809935409,1218.399070631668
71402040512,7140204051208,2008,1021772.812212652,2002630.1,13384.149011156243,26232.34769242262,76.34200809935409,1218.399070631668
71402040512,7140204051209,2009,857609.048151243,1459658.6,11233.776389993847,19119.992207964333,76.34200809935409,1218.399070631668
71402040512,7140204051210,2010,606376.1657682512,484935.25,7942.889909040546,6352.141659266924,76.34200809935409,1218.399070631668
71402040512,7140204051211,2011,882030.1784967507,777494.9,11553.667508311368,10184.36532332424,76.34200809935409,1218.399070631668
71402040512,7140204051212,2012,357933.9565883191,481348.6,4688.55831146715,6305.160317155353,76.34200809935409,1218.399070631668
71402040512,7140204051213,2013,965164.535283934,1000894.75,12642.640131077453,13110.668358335577,76.34200809935409,1218.399070631668
71402040512,7140204051214,2014,416180.6553523407,882797.56,5451.528794090785,11563.719398775798,76.34200809935409,1218.399070631668
71402040512,7140204051215,2015,927615.9360863148,1059675.0,12150.792979915905,13880.627800894403,76.34200809935409,1218.399070631668
71402040512,7140204051216,2016,579104.7941457555,524389.0,7585.66362823583,6868.944281863038,76.34200809935409,1218.399070631668
71402040512,7140204051217,2017,654900.6103435769,476285.06,8578.509088878916,6238.833269621968,76.34200809935409,1218.399070631668
71402040512,7140204051218,2018,485611.1941676199,1047987.0,6360.995816819869,13727.52729579911,76.34200809935409,1218.399070631668
71402040512,7140204051219,2019,1050710.3299412455,1404666.8,13763.200053289342,18399.65747523852,76.34200809935409,1218.399070631668
71402040512,7140204051220,2020,928282.7766916092,979934.7,12159.527890378655,12836.113751745692,76.34200809935409,1218.399070631668
71402040611,7140204061101,2001,229707.2414347172,158155.22,16189.440687431352,11146.555666271126,14.188707681115265,333.21304192348225
71402040611,7140204061102,2002,307222.25348956534,205310.44,21652.588832911733,14469.988713155457,14.188707681115265,333.21304192348225
71402040611,7140204061103,2003,347867.0014555956,195221.08,24517.173041671434,13758.904925487559,14.188707681115265,333.21304192348225
71402040611,7140204061104,2004,336551.11784501944,234956.39,23719.645608948493,16559.39323584203,14.188707681115265,333.21304192348225
71402040611,7140204061105,2005,283043.39748531044,223664.67,19948.49734356234,15763.568820132283,14.188707681115265,333.21304192348225
71402040611,7140204061106,2006,269606.6671855434,169561.61,19001.495643213624,11950.461860996777,14.188707681115265,333.21304192348225
71402040611,7140204061107,2007,257883.61360571664,142235.97,18175.271448361138,10024.58949727407,14.188707681115265,333.21304192348225
71402040611,7140204061108,2008,565196.2382308543,618251.44,39834.22951077589,43573.484907499624,14.188707681115265,333.21304192348225
71402040611,7140204061109,2009,367197.4497076352,491233.62,25879.555626927446,34621.449045272595,14.188707681115265,333.21304192348225
71402040611,7140204061110,2010,302540.2424527494,125489.58,21322.60733339522,8844.327673831973,14.188707681115265,333.21304192348225
71402040611,7140204061111,2011,485808.5246784785,313127.2,34239.09601894715,22068.761090677956,14.188707681115265,333.21304192348225
71402040611,7140204061112,2012,239036.6807304913,143357.08,16846.96634131393,10103.603740515697,14.188707681115265,333.21304192348225
71402040611,7140204061113,2013,449950.5669578447,371768.84,31711.877999764216,26201.740733217935,14.188707681115265,333.21304192348225
71402040611,7140204061114,2014,191210.20667696523,284315.78,13476.224260470188,20038.173059158562,14.188707681115265,333.21304192348225
71402040611,7140204061115,2015,359403.6256797866,426815.16,25330.25795986634,30081.327319758508,14.188707681115265,333.21304192348225
71402040611,7140204061116,2016,251871.04377682268,169412.03,17751.514051702914,11939.919674677787,14.188707681115265,333.21304192348225
71402040611,7140204061117,2017,277539.5701179777,110854.73,19560.59539427783,7812.884195756901,14.188707681115265,333.21304192348225
71402040611,7140204061118,2018,282025.53577741806,433849.72,19876.759893558552,30577.113134654304,14.188707681115265,333.21304192348225
71402040611,7140204061119,2019,357680.8859800895,391014.7,25208.841708406733,27558.161658403085,14.188707681115265,333.21304192348225
71402040611,7140204061120,2020,371139.8593260144,373611.94,26157.4110671115,26331.639807990832,14.188707681115265,333.21304192348225
71401060704,7140106070401,2001,165835.20799491045,181960.92,3190.6831789528846,3500.943217610399,51.97482755067336,2068.0000637979697
71401060704,7140106070402,2002,217223.45144417763,259594.52,4179.397252110043,4994.620131195352,51.97482755067336,2068.0000637979697
71401060704,7140106070403,2003,234548.29836639485,156685.52,4512.7287461939095,3014.6424218000134,51.97482755067336,2068.0000637979697
71401060704,7140106070404,2004,174631.14789068408,246007.58,3359.917793289949,4733.206276829924,51.97482755067336,2068.0000637979697
71401060704,7140106070405,2005,97420.8079672992,208067.62,1874.3844387423478,4003.238294482891,51.97482755067336,2068.0000637979697
71401060704,7140106070406,2006,182112.39362709847,369083.88,3503.8575827797836,7101.204513668816,51.97482755067336,2068.0000637979697
71401060704,7140106070407,2007,131720.52715357998,157905.38,2534.3138854122753,3038.1126295426116,51.97482755067336,2068.0000637979697
71401060704,7140106070408,2008,215626.5857418389,598741.56,4148.673423333857,11519.83735619423,51.97482755067336,2068.0000637979697
71401060704,7140106070409,2009,199327.80694900145,557362.1,3835.0835653021622,10723.693108103042,51.97482755067336,2068.0000637979697
71401060704,7140106070410,2010,147805.1751270131,127125.19,2843.7838486892333,2445.8992168094846,51.97482755067336,2068.0000637979697
71401060704,7140106070411,2011,474307.8645508951,725225.6,9125.722718145897,13953.400793738743,51.97482755067336,2068.0000637979697
71401060704,7140106070412,2012,115188.16202808532,165760.67,2216.2298069345493,3189.2490617383974,51.97482755067336,2068.0000637979697
71401060704,7140106070413,2013,334469.95212962275,524801.44,6435.229665813283,10097.223304653386,51.97482755067336,2068.0000637979697
71401060704,7140106070414,2014,249518.9066173224,512752.44,4800.764492658519,9865.399543655763,51.97482755067336,2068.0000637979697
71401060704,7140106070415,2015,255354.46503152465,528362.6,4913.041121349837,10165.740318904718,51.97482755067336,2068.0000637979697
71401060704,7140106070416,2016,268263.25713873707,301246.53,5161.40735391938,5796.008263929241,51.97482755067336,2068.0000637979697
71401060704,7140106070417,2017,206195.8769313583,222380.33,3967.225802342983,4278.616023943286,51.97482755067336,2068.0000637979697
71401060704,7140106070418,2018,245718.7459568244,577036.9,4727.649085843691,11102.237894631056,51.97482755067336,2068.0000637979697
71401060704,7140106070419,2019,319161.1491076534,531677.44,6140.687023857543,10229.518115892464,51.97482755067336,2068.0000637979697
71401060704,7140106070420,2020,218162.0726617804,443212.72,4197.456402314778,8527.449553687993,51.97482755067336,2068.0000637979697
71401061201,7140106120101,2001,800844.2465622919,623567.9,8093.835340576041,6302.169152034,98.94496402064136,5597.504400024018
71401061201,7140106120102,2002,869128.5121049036,807602.9,8783.959049432679,8162.142540488693,98.94496402064136,5597.504400024018
71401061201,7140106120103,2003,969834.4700928356,524988.56,9801.756761370027,5305.864378206048,98.94496402064136,5597.504400024018
71401061201,7140106120104,2004,925834.4845390212,820227.25,9357.065250393931,8289.7321568472,98.94496402064136,5597.504400024018
71401061201,7140106120105,2005,601839.2059176773,648823.9,6082.565311683016,6557.42216313956,98.94496402064136,5597.504400024018
71401061201,7140106120106,2006,899803.0701059029,1191357.6,9093.97541362682,12040.608754493715,98.94496402064136,5597.504400024018
71401061201,7140106120107,2007,574947.3892631365,554763.6,5810.779709245173,5606.789648074137,98.94496402064136,5597.504400024018
71401061201,7140106120108,2008,788313.1214235445,2185545.8,7967.187913263487,22088.499618273276,98.94496402064136,5597.504400024018
71401061201,7140106120109,2009,983007.527410942,2331987.5,9934.89195878501,23568.53148699426,98.94496402064136,5597.504400024018
71401061201,7140106120110,2010,539450.4906684508,523013.56,5452.025739843753,5285.903786784861,98.94496402064136,5597.504400024018
71401061201,7140106120111,2011,1218358.3226338883,2496673.2,12313.495029213624,25232.948687304164,98.94496402064136,5597.504400024018
71401061201,7140106120112,2012,558523.9553295514,533063.1,5644.794162672444,5387.470754840997,98.94496402064136,5597.504400024018
71401061201,7140106120113,2013,997728.9862570732,1599012.6,10083.67627531738,16160.62642325508,98.94496402064136,5597.504400024018
71401061201,7140106120114,2014,693236.6009369529,1437463.8,7006.284835197207,14527.912706099161,98.94496402064136,5597.504400024018
71401061201,7140106120115,2015,1195392.1823414026,1661474.2,12081.38477964403,16791.902614198658,98.94496402064136,5597.504400024018
71401061201,7140106120116,2016,1419184.2797331428,969141.25,14343.168384366487,9794.75064337608,98.94496402064136,5597.504400024018
71401061201,7140106120117,2017,472232.9515548471,655878.8,4772.6830387884365,6628.723417021751,98.94496402064136,5597.504400024018
71401061201,7140106120118,2018,1467374.51160817,2024074.8,14830.209158518208,20456.572196819925,98.94496402064136,5597.504400024018
71401061201,7140106120119,2019,1677458.0171479634,1652931.4,16953.445117206986,16705.5637076706,98.94496402064136,5597.504400024018
71401061201,7140106120120,2020,1722468.0503571725,1503755.9,17408.344804671822,15197.902337771273,98.94496402064136,5597.504400024018
71200030204,7120003020401,2001,361572.2745943183,268282.34,4370.606252514256,3242.938009997465,82.72817401163019,276.8370414359615
71200030305,7120003030501,2001,170999.0296882411,104492.95,2572.4661032776426,1571.965480719743,66.47280190412111,246.7236054413442
71200030204,7120003020402,2002,377712.8876080223,198459.69,4565.71043807787,2398.9371501430687,82.72817401163019,276.8370414359615
71200030305,7120003030502,2002,147618.18167217757,78150.65,2220.730546082573,1175.6785897595041,66.47280190412111,246.7236054413442
71200030204,7120003020403,2003,390062.2517003898,289150.94,4714.986839254468,3495.1930639657326,82.72817401163019,276.8370414359615
71200030305,7120003030503,2003,139471.97427785525,115371.92,2098.1810647763355,1735.625950691982,66.47280190412111,246.7236054413442
71200030204,7120003020404,2004,393856.92516388616,295447.62,4760.856018755067,3571.305949028502,82.72817401163019,276.8370414359615
71200030305,7120003030504,2004,150788.33807116144,114162.37,2268.4215762208305,1717.4297867670036,66.47280190412111,246.7236054413442
71200030204,7120003020405,2005,372013.975079662,219666.83,4496.823234940047,2655.284401286538,82.72817401163019,276.8370414359615
71200030305,7120003030505,2005,124325.8342885806,87532.53,1870.326369992729,1316.8172168559252,66.47280190412111,246.7236054413442
71200030204,7120003020406,2006,401771.14923937264,408230.5,4856.521421382882,4934.600634876936,82.72817401163019,276.8370414359615
71200030305,7120003030506,2006,160380.52962017132,172211.42,2412.7240770067224,2590.704996133515,66.47280190412111,246.7236054413442
71200030204,7120003020407,2007,379449.69340058335,363166.2,4586.70456508854,4389.873272785459,82.72817401163019,276.8370414359615
71200030305,7120003030507,2007,141992.77098860234,146271.19,2136.103292191738,2200.466744443514,66.47280190412111,246.7236054413442
71200030204,7120003020408,2008,408318.92707116087,384976.22,4935.669521894175,4653.508004973962,82.72817401163019,276.8370414359615
71200030305,7120003030508,2008,163165.44196401446,213889.69,2454.61959312864,3217.702336491092,66.47280190412111,246.7236054413442
71200030204,7120003020409,2009,402233.47332897154,422411.94,4862.109893449652,5106.022767293473,82.72817401163019,276.8370414359615
71200030305,7120003030509,2009,207303.39834612395,203141.94,3118.6198325915875,3056.015906972109,66.47280190412111,246.7236054413442
71200030204,7120003020410,2010,349221.828963793,308138.88,4221.316777941917,3724.715112854792,82.72817401163019,276.8370414359615
71200030305,7120003030510,2010,176494.0995565809,115540.18,2655.132542948198,1738.1572115261904,66.47280190412111,246.7236054413442
71200030204,7120003020411,2011,407904.7981823995,398919.4,4930.663622831261,4822.050102833391,82.72817401163019,276.8370414359615
71200030305,7120003030511,2011,177191.6595625704,175654.81,2665.6264590463284,2642.50648337888,66.47280190412111,246.7236054413442
71200030204,7120003020412,2012,304954.8057675746,163001.4,3686.2267227692355,1970.3251274116692,82.72817401163019,276.8370414359615
71200030305,7120003030512,2012,106768.9230658118,65074.453,1606.2046432135194,978.9635931679537,66.47280190412111,246.7236054413442
71200030204,7120003020413,2013,392357.0380626284,299524.22,4742.725712856537,3620.582994590113,82.72817401163019,276.8370414359615
71200030305,7120003030513,2013,127505.24703996384,125561.8,1918.1566503526444,1888.9199251914722,66.47280190412111,246.7236054413442
71200030204,7120003020414,2014,363225.49412140367,430756.0,4390.59000710375,5206.883932183043,82.72817401163019,276.8370414359615
71200030305,7120003030514,2014,146760.07593377164,171839.44,2207.8214206384005,2585.1090232040674,66.47280190412111,246.7236054413442
71200030204,7120003020415,2015,371630.063487695,337442.94,4492.182595924939,4078.936154840807,82.72817401163019,276.8370414359615
71200030305,7120003030515,2015,118389.61083136112,161223.88,1781.0233274373427,2425.4112265727226,66.47280190412111,246.7236054413442
71200030204,7120003020416,2016,384984.7574696781,235597.19,4653.611204032568,2847.8470945929375,82.72817401163019,276.8370414359615
71200030305,7120003030516,2016,118289.1866563306,120631.66,1779.512571576993,1814.752147412056,66.47280190412111,246.7236054413442
71200030204,7120003020417,2017,372921.1432737052,304479.1,4507.788884851717,3680.4764959177674,82.72817401163019,276.8370414359615
71200030305,7120003030517,2017,101704.66700091284,133973.53,1530.0192573138318,2015.4638613434774,66.47280190412111,246.7236054413442
71200030204,7120003020418,2018,345536.4908481138,294937.1,4176.769220115231,3565.134895380826,82.72817401163019,276.8370414359615
71200030305,7120003030518,2018,92589.71775550688,149821.64,1392.8962688989134,2253.878815219786,66.47280190412111,246.7236054413442
71200030204,7120003020419,2019,386296.3294120242,441431.75,4669.4651976449695,5335.9300537437475,82.72817401163019,276.8370414359615
71200030305,7120003030519,2019,115256.72986501442,246733.88,1733.8930594690164,3711.802014241606,66.47280190412111,246.7236054413442
71200030204,7120003020420,2020,375551.9941604744,273990.56,4539.5900326251385,3311.9377198085085,82.72817401163019,276.8370414359615
71200030305,7120003030520,2020,86285.96103791085,142000.34,1298.0641490389978,2136.2171584826247,66.47280190412111,246.7236054413442
